<?xml version='1.0' encoding='UTF-8'?>
<gpx version="1.1" creator="https://www.komoot.de" xmlns="http://www.topografix.com/GPX/1/1" xmlns:xsi="http://www.w3.org/2001/XMLSchema-instance" xsi:schemaLocation="http://www.topografix.com/GPX/1/1 http://www.topografix.com/GPX/1/1/gpx.xsd">
  <metadata>
    <name>Berliner Mauerweg und Flughafen-Schleife</name>
    <author>
      <link href="https://www.komoot.de">
        <text>komoot</text>
        <type>text/html</type>
      </link>
    </author>
  </metadata>
  <trk>
    <name>Berliner Mauerweg und Flughafen-Schleife</name>
    <type>mtb_easy</type>
    <trkseg>
      <trkpt lat="52.502710" lon="13.475630">
        <ele>36.783779</ele>
        <time>2026-07-05T10:00:57.001Z</time>
      </trkpt>
      <trkpt lat="52.502608" lon="13.475681">
        <ele>36.783779</ele>
        <time>2026-07-05T10:01:00.001Z</time>
      </trkpt>
      <trkpt lat="52.502481" lon="13.475648">
        <ele>36.783779</ele>
        <time>2026-07-05T10:01:03.001Z</time>
      </trkpt>
      <trkpt lat="52.502373" lon="13.475646">
        <ele>36.783779</ele>
        <time>2026-07-05T10:01:05.001Z</time>
      </trkpt>
      <trkpt lat="52.502279" lon="13.475653">
        <ele>36.783779</ele>
        <time>2026-07-05T10:01:07.001Z</time>
      </trkpt>
      <trkpt lat="52.502177" lon="13.475606">
        <ele>36.783779</ele>
        <time>2026-07-05T10:01:09.001Z</time>
      </trkpt>
      <trkpt lat="52.502082" lon="13.475411">
        <ele>36.783779</ele>
        <time>2026-07-05T10:01:11.001Z</time>
      </trkpt>
      <trkpt lat="52.501984" lon="13.475366">
        <ele>36.783779</ele>
        <time>2026-07-05T10:01:26.001Z</time>
      </trkpt>
      <trkpt lat="52.501888" lon="13.475321">
        <ele>36.783779</ele>
        <time>2026-07-05T10:01:29.001Z</time>
      </trkpt>
      <trkpt lat="52.501770" lon="13.475261">
        <ele>36.770826</ele>
        <time>2026-07-05T10:01:32.001Z</time>
      </trkpt>
      <trkpt lat="52.501672" lon="13.475217">
        <ele>36.759957</ele>
        <time>2026-07-05T10:01:35.001Z</time>
      </trkpt>
      <trkpt lat="52.501376" lon="13.475419">
        <ele>36.725664</ele>
        <time>2026-07-05T10:01:38.001Z</time>
      </trkpt>
      <trkpt lat="52.501324" lon="13.475540">
        <ele>36.716018</ele>
        <time>2026-07-05T10:01:42.001Z</time>
      </trkpt>
      <trkpt lat="52.501378" lon="13.475362">
        <ele>36.703065</ele>
        <time>2026-07-05T10:01:48.000Z</time>
      </trkpt>
      <trkpt lat="52.501293" lon="13.475118">
        <ele>36.684756</ele>
        <time>2026-07-05T10:01:50.000Z</time>
      </trkpt>
      <trkpt lat="52.501272" lon="13.474956">
        <ele>36.673968</ele>
        <time>2026-07-05T10:01:52.000Z</time>
      </trkpt>
      <trkpt lat="52.501168" lon="13.474868">
        <ele>36.661452</ele>
        <time>2026-07-05T10:01:54.000Z</time>
      </trkpt>
      <trkpt lat="52.501071" lon="13.474790">
        <ele>36.649898</ele>
        <time>2026-07-05T10:01:56.000Z</time>
      </trkpt>
      <trkpt lat="52.501020" lon="13.474617">
        <ele>36.637379</ele>
        <time>2026-07-05T10:01:58.000Z</time>
      </trkpt>
      <trkpt lat="52.500934" lon="13.474516">
        <ele>36.626068</ele>
        <time>2026-07-05T10:02:00.000Z</time>
      </trkpt>
      <trkpt lat="52.500820" lon="13.474514">
        <ele>36.613871</ele>
        <time>2026-07-05T10:02:01.999Z</time>
      </trkpt>
      <trkpt lat="52.500702" lon="13.474469">
        <ele>36.600910</ele>
        <time>2026-07-05T10:02:04.000Z</time>
      </trkpt>
      <trkpt lat="52.500586" lon="13.474414">
        <ele>36.564434</ele>
        <time>2026-07-05T10:02:06.000Z</time>
      </trkpt>
      <trkpt lat="52.500475" lon="13.474356">
        <ele>36.464376</ele>
        <time>2026-07-05T10:02:08.000Z</time>
      </trkpt>
      <trkpt lat="52.500384" lon="13.474283">
        <ele>36.377383</ele>
        <time>2026-07-05T10:02:10.000Z</time>
      </trkpt>
      <trkpt lat="52.500403" lon="13.474104">
        <ele>36.282367</ele>
        <time>2026-07-05T10:02:14.000Z</time>
      </trkpt>
      <trkpt lat="52.500513" lon="13.473977">
        <ele>36.166873</ele>
        <time>2026-07-05T10:02:17.000Z</time>
      </trkpt>
      <trkpt lat="52.500573" lon="13.473837">
        <ele>36.077340</ele>
        <time>2026-07-05T10:02:19.000Z</time>
      </trkpt>
      <trkpt lat="52.500631" lon="13.473685">
        <ele>35.983532</ele>
        <time>2026-07-05T10:02:21.000Z</time>
      </trkpt>
      <trkpt lat="52.500670" lon="13.473509">
        <ele>35.885590</ele>
        <time>2026-07-05T10:02:23.000Z</time>
      </trkpt>
      <trkpt lat="52.500695" lon="13.473321">
        <ele>35.784962</ele>
        <time>2026-07-05T10:02:25.000Z</time>
      </trkpt>
      <trkpt lat="52.500681" lon="13.473115">
        <ele>35.676571</ele>
        <time>2026-07-05T10:02:27.000Z</time>
      </trkpt>
      <trkpt lat="52.500698" lon="13.472896">
        <ele>35.561123</ele>
        <time>2026-07-05T10:02:29.000Z</time>
      </trkpt>
      <trkpt lat="52.500688" lon="13.472686">
        <ele>35.450974</ele>
        <time>2026-07-05T10:02:31.000Z</time>
      </trkpt>
      <trkpt lat="52.500629" lon="13.472494">
        <ele>35.338506</ele>
        <time>2026-07-05T10:02:33.000Z</time>
      </trkpt>
      <trkpt lat="52.500575" lon="13.472299">
        <ele>35.226481</ele>
        <time>2026-07-05T10:02:35.000Z</time>
      </trkpt>
      <trkpt lat="52.500505" lon="13.472099">
        <ele>35.105842</ele>
        <time>2026-07-05T10:02:37.000Z</time>
      </trkpt>
      <trkpt lat="52.500434" lon="13.471910">
        <ele>35.110013</ele>
        <time>2026-07-05T10:02:39.000Z</time>
      </trkpt>
      <trkpt lat="52.500328" lon="13.471756">
        <ele>35.246878</ele>
        <time>2026-07-05T10:02:41.000Z</time>
      </trkpt>
      <trkpt lat="52.500220" lon="13.471602">
        <ele>35.385198</ele>
        <time>2026-07-05T10:02:43.000Z</time>
      </trkpt>
      <trkpt lat="52.500133" lon="13.471413">
        <ele>35.524709</ele>
        <time>2026-07-05T10:02:45.000Z</time>
      </trkpt>
      <trkpt lat="52.500100" lon="13.471202">
        <ele>35.652977</ele>
        <time>2026-07-05T10:02:47.000Z</time>
      </trkpt>
      <trkpt lat="52.500164" lon="13.470967">
        <ele>35.804555</ele>
        <time>2026-07-05T10:02:49.000Z</time>
      </trkpt>
      <trkpt lat="52.500239" lon="13.470757">
        <ele>35.947907</ele>
        <time>2026-07-05T10:02:51.000Z</time>
      </trkpt>
      <trkpt lat="52.500328" lon="13.470575">
        <ele>36.085357</ele>
        <time>2026-07-05T10:02:53.000Z</time>
      </trkpt>
      <trkpt lat="52.500348" lon="13.470347">
        <ele>36.220985</ele>
        <time>2026-07-05T10:02:55.000Z</time>
      </trkpt>
      <trkpt lat="52.500350" lon="13.470125">
        <ele>36.351708</ele>
        <time>2026-07-05T10:02:57.000Z</time>
      </trkpt>
      <trkpt lat="52.500278" lon="13.469983">
        <ele>36.460517</ele>
        <time>2026-07-05T10:02:59.000Z</time>
      </trkpt>
      <trkpt lat="52.500148" lon="13.469959">
        <ele>36.587043</ele>
        <time>2026-07-05T10:03:01.000Z</time>
      </trkpt>
      <trkpt lat="52.500026" lon="13.469910">
        <ele>36.708515</ele>
        <time>2026-07-05T10:03:03.000Z</time>
      </trkpt>
      <trkpt lat="52.499908" lon="13.469830">
        <ele>36.779821</ele>
        <time>2026-07-05T10:03:05.000Z</time>
      </trkpt>
      <trkpt lat="52.499801" lon="13.469739">
        <ele>36.764411</ele>
        <time>2026-07-05T10:03:07.000Z</time>
      </trkpt>
      <trkpt lat="52.499672" lon="13.469693">
        <ele>36.747528</ele>
        <time>2026-07-05T10:03:09.000Z</time>
      </trkpt>
      <trkpt lat="52.499546" lon="13.469637">
        <ele>36.730834</ele>
        <time>2026-07-05T10:03:11.000Z</time>
      </trkpt>
      <trkpt lat="52.499429" lon="13.469594">
        <ele>36.715500</ele>
        <time>2026-07-05T10:03:13.000Z</time>
      </trkpt>
      <trkpt lat="52.499339" lon="13.469474">
        <ele>36.700675</ele>
        <time>2026-07-05T10:03:15.000Z</time>
      </trkpt>
      <trkpt lat="52.499260" lon="13.469331">
        <ele>36.685640</ele>
        <time>2026-07-05T10:03:17.000Z</time>
      </trkpt>
      <trkpt lat="52.499169" lon="13.469238">
        <ele>36.671933</ele>
        <time>2026-07-05T10:03:19.000Z</time>
      </trkpt>
      <trkpt lat="52.499078" lon="13.469223">
        <ele>36.660236</ele>
        <time>2026-07-05T10:03:21.000Z</time>
      </trkpt>
      <trkpt lat="52.498942" lon="13.469315">
        <ele>36.641425</ele>
        <time>2026-07-05T10:03:24.000Z</time>
      </trkpt>
      <trkpt lat="52.498843" lon="13.469445">
        <ele>36.625214</ele>
        <time>2026-07-05T10:03:26.000Z</time>
      </trkpt>
      <trkpt lat="52.498755" lon="13.469584">
        <ele>36.609600</ele>
        <time>2026-07-05T10:03:28.000Z</time>
      </trkpt>
      <trkpt lat="52.498658" lon="13.469706">
        <ele>36.593975</ele>
        <time>2026-07-05T10:03:30.000Z</time>
      </trkpt>
      <trkpt lat="52.498540" lon="13.469627">
        <ele>36.577678</ele>
        <time>2026-07-05T10:03:33.000Z</time>
      </trkpt>
      <trkpt lat="52.498438" lon="13.469589">
        <ele>36.564302</ele>
        <time>2026-07-05T10:03:35.000Z</time>
      </trkpt>
      <trkpt lat="52.498338" lon="13.469509">
        <ele>36.567885</ele>
        <time>2026-07-05T10:03:37.000Z</time>
      </trkpt>
      <trkpt lat="52.498220" lon="13.469424">
        <ele>36.602024</ele>
        <time>2026-07-05T10:03:39.001Z</time>
      </trkpt>
      <trkpt lat="52.498102" lon="13.469328">
        <ele>36.636913</ele>
        <time>2026-07-05T10:03:41.001Z</time>
      </trkpt>
      <trkpt lat="52.497989" lon="13.469242">
        <ele>36.669911</ele>
        <time>2026-07-05T10:03:43.001Z</time>
      </trkpt>
      <trkpt lat="52.497873" lon="13.469148">
        <ele>36.704183</ele>
        <time>2026-07-05T10:03:45.001Z</time>
      </trkpt>
      <trkpt lat="52.497762" lon="13.469050">
        <ele>36.737572</ele>
        <time>2026-07-05T10:03:47.001Z</time>
      </trkpt>
      <trkpt lat="52.497649" lon="13.468961">
        <ele>36.770776</ele>
        <time>2026-07-05T10:03:49.001Z</time>
      </trkpt>
      <trkpt lat="52.497539" lon="13.468869">
        <ele>36.803482</ele>
        <time>2026-07-05T10:03:51.000Z</time>
      </trkpt>
      <trkpt lat="52.497430" lon="13.468771">
        <ele>36.836405</ele>
        <time>2026-07-05T10:03:53.000Z</time>
      </trkpt>
      <trkpt lat="52.497328" lon="13.468678">
        <ele>36.867315</ele>
        <time>2026-07-05T10:03:55.000Z</time>
      </trkpt>
      <trkpt lat="52.497219" lon="13.468585">
        <ele>36.899859</ele>
        <time>2026-07-05T10:03:57.000Z</time>
      </trkpt>
      <trkpt lat="52.497108" lon="13.468494">
        <ele>36.932729</ele>
        <time>2026-07-05T10:03:59.000Z</time>
      </trkpt>
      <trkpt lat="52.497009" lon="13.468404">
        <ele>36.962709</ele>
        <time>2026-07-05T10:04:02.000Z</time>
      </trkpt>
      <trkpt lat="52.496889" lon="13.468326">
        <ele>36.996903</ele>
        <time>2026-07-05T10:04:07.000Z</time>
      </trkpt>
      <trkpt lat="52.496783" lon="13.468233">
        <ele>37.028744</ele>
        <time>2026-07-05T10:04:10.000Z</time>
      </trkpt>
      <trkpt lat="52.496704" lon="13.468158">
        <ele>37.023131</ele>
        <time>2026-07-05T10:04:12.000Z</time>
      </trkpt>
      <trkpt lat="52.496611" lon="13.468086">
        <ele>37.010756</ele>
        <time>2026-07-05T10:04:14.000Z</time>
      </trkpt>
      <trkpt lat="52.496505" lon="13.468009">
        <ele>36.996805</ele>
        <time>2026-07-05T10:04:16.000Z</time>
      </trkpt>
      <trkpt lat="52.496403" lon="13.467932">
        <ele>36.983293</ele>
        <time>2026-07-05T10:04:18.000Z</time>
      </trkpt>
      <trkpt lat="52.496292" lon="13.467850">
        <ele>36.968643</ele>
        <time>2026-07-05T10:04:20.000Z</time>
      </trkpt>
      <trkpt lat="52.496225" lon="13.467630">
        <ele>36.950617</ele>
        <time>2026-07-05T10:04:22.000Z</time>
      </trkpt>
      <trkpt lat="52.496123" lon="13.467532">
        <ele>36.936393</ele>
        <time>2026-07-05T10:04:24.000Z</time>
      </trkpt>
      <trkpt lat="52.496034" lon="13.467446">
        <ele>36.923964</ele>
        <time>2026-07-05T10:04:26.000Z</time>
      </trkpt>
      <trkpt lat="52.496113" lon="13.467256">
        <ele>36.907104</ele>
        <time>2026-07-05T10:04:33.000Z</time>
      </trkpt>
      <trkpt lat="52.496198" lon="13.467134">
        <ele>36.893517</ele>
        <time>2026-07-05T10:04:35.000Z</time>
      </trkpt>
      <trkpt lat="52.496288" lon="13.467006">
        <ele>36.879187</ele>
        <time>2026-07-05T10:04:37.000Z</time>
      </trkpt>
      <trkpt lat="52.496384" lon="13.466865">
        <ele>36.863686</ele>
        <time>2026-07-05T10:04:39.000Z</time>
      </trkpt>
      <trkpt lat="52.496471" lon="13.466735">
        <ele>36.849530</ele>
        <time>2026-07-05T10:04:41.000Z</time>
      </trkpt>
      <trkpt lat="52.496562" lon="13.466599">
        <ele>36.834721</ele>
        <time>2026-07-05T10:04:43.000Z</time>
      </trkpt>
      <trkpt lat="52.496649" lon="13.466470">
        <ele>36.820613</ele>
        <time>2026-07-05T10:04:45.000Z</time>
      </trkpt>
      <trkpt lat="52.496725" lon="13.466356">
        <ele>36.867225</ele>
        <time>2026-07-05T10:04:47.000Z</time>
      </trkpt>
      <trkpt lat="52.496804" lon="13.466240">
        <ele>36.952007</ele>
        <time>2026-07-05T10:04:49.000Z</time>
      </trkpt>
      <trkpt lat="52.496645" lon="13.465936">
        <ele>37.147228</ele>
        <time>2026-07-05T10:04:51.000Z</time>
      </trkpt>
      <trkpt lat="52.496563" lon="13.465836">
        <ele>37.228942</ele>
        <time>2026-07-05T10:04:53.000Z</time>
      </trkpt>
      <trkpt lat="52.496493" lon="13.465743">
        <ele>37.300976</ele>
        <time>2026-07-05T10:04:55.000Z</time>
      </trkpt>
      <trkpt lat="52.496403" lon="13.465587">
        <ele>37.405664</ele>
        <time>2026-07-05T10:04:58.000Z</time>
      </trkpt>
      <trkpt lat="52.496305" lon="13.465495">
        <ele>37.495976</ele>
        <time>2026-07-05T10:05:01.000Z</time>
      </trkpt>
      <trkpt lat="52.496218" lon="13.465362">
        <ele>37.591068</ele>
        <time>2026-07-05T10:05:04.000Z</time>
      </trkpt>
      <trkpt lat="52.496120" lon="13.465224">
        <ele>37.694348</ele>
        <time>2026-07-05T10:05:07.000Z</time>
      </trkpt>
      <trkpt lat="52.496044" lon="13.465121">
        <ele>37.773182</ele>
        <time>2026-07-05T10:05:09.000Z</time>
      </trkpt>
      <trkpt lat="52.495977" lon="13.465012">
        <ele>37.848632</ele>
        <time>2026-07-05T10:05:11.000Z</time>
      </trkpt>
      <trkpt lat="52.495883" lon="13.464878">
        <ele>37.948216</ele>
        <time>2026-07-05T10:05:14.000Z</time>
      </trkpt>
      <trkpt lat="52.495815" lon="13.464768">
        <ele>38.024578</ele>
        <time>2026-07-05T10:05:17.000Z</time>
      </trkpt>
      <trkpt lat="52.495723" lon="13.464696">
        <ele>38.106115</ele>
        <time>2026-07-05T10:05:21.000Z</time>
      </trkpt>
      <trkpt lat="52.495670" lon="13.464538">
        <ele>38.193988</ele>
        <time>2026-07-05T10:05:24.000Z</time>
      </trkpt>
      <trkpt lat="52.495583" lon="13.464427">
        <ele>38.256422</ele>
        <time>2026-07-05T10:05:27.000Z</time>
      </trkpt>
      <trkpt lat="52.495480" lon="13.464294">
        <ele>38.261815</ele>
        <time>2026-07-05T10:05:30.000Z</time>
      </trkpt>
      <trkpt lat="52.495406" lon="13.464194">
        <ele>38.265759</ele>
        <time>2026-07-05T10:05:32.000Z</time>
      </trkpt>
      <trkpt lat="52.495328" lon="13.464085">
        <ele>38.269974</ele>
        <time>2026-07-05T10:05:35.000Z</time>
      </trkpt>
      <trkpt lat="52.495236" lon="13.463932">
        <ele>38.275363</ele>
        <time>2026-07-05T10:05:38.000Z</time>
      </trkpt>
      <trkpt lat="52.495151" lon="13.463824">
        <ele>38.279787</ele>
        <time>2026-07-05T10:05:41.000Z</time>
      </trkpt>
      <trkpt lat="52.495068" lon="13.463715">
        <ele>38.284161</ele>
        <time>2026-07-05T10:05:44.000Z</time>
      </trkpt>
      <trkpt lat="52.494952" lon="13.463602">
        <ele>38.289712</ele>
        <time>2026-07-05T10:05:47.001Z</time>
      </trkpt>
      <trkpt lat="52.494857" lon="13.463531">
        <ele>38.294008</ele>
        <time>2026-07-05T10:05:49.001Z</time>
      </trkpt>
      <trkpt lat="52.494772" lon="13.463420">
        <ele>38.298478</ele>
        <time>2026-07-05T10:05:51.001Z</time>
      </trkpt>
      <trkpt lat="52.494673" lon="13.463305">
        <ele>38.303469</ele>
        <time>2026-07-05T10:05:53.001Z</time>
      </trkpt>
      <trkpt lat="52.494559" lon="13.463229">
        <ele>38.308533</ele>
        <time>2026-07-05T10:05:55.001Z</time>
      </trkpt>
      <trkpt lat="52.494481" lon="13.463138">
        <ele>38.312471</ele>
        <time>2026-07-05T10:05:56.999Z</time>
      </trkpt>
      <trkpt lat="52.494397" lon="13.463062">
        <ele>38.316419</ele>
        <time>2026-07-05T10:06:00.999Z</time>
      </trkpt>
      <trkpt lat="52.494281" lon="13.462970">
        <ele>38.321721</ele>
        <time>2026-07-05T10:06:07.000Z</time>
      </trkpt>
      <trkpt lat="52.494171" lon="13.462852">
        <ele>38.327129</ele>
        <time>2026-07-05T10:06:10.000Z</time>
      </trkpt>
      <trkpt lat="52.494091" lon="13.462760">
        <ele>38.314508</ele>
        <time>2026-07-05T10:06:12.000Z</time>
      </trkpt>
      <trkpt lat="52.493999" lon="13.462674">
        <ele>38.284118</ele>
        <time>2026-07-05T10:06:14.000Z</time>
      </trkpt>
      <trkpt lat="52.493912" lon="13.462586">
        <ele>38.254786</ele>
        <time>2026-07-05T10:06:16.000Z</time>
      </trkpt>
      <trkpt lat="52.493829" lon="13.462480">
        <ele>38.224602</ele>
        <time>2026-07-05T10:06:18.000Z</time>
      </trkpt>
      <trkpt lat="52.493742" lon="13.462378">
        <ele>38.193916</ele>
        <time>2026-07-05T10:06:20.000Z</time>
      </trkpt>
      <trkpt lat="52.493659" lon="13.462291">
        <ele>38.165649</ele>
        <time>2026-07-05T10:06:22.000Z</time>
      </trkpt>
      <trkpt lat="52.493530" lon="13.462212">
        <ele>38.126125</ele>
        <time>2026-07-05T10:06:25.000Z</time>
      </trkpt>
      <trkpt lat="52.493451" lon="13.462117">
        <ele>38.098017</ele>
        <time>2026-07-05T10:06:27.000Z</time>
      </trkpt>
      <trkpt lat="52.493367" lon="13.461994">
        <ele>38.065710</ele>
        <time>2026-07-05T10:06:29.000Z</time>
      </trkpt>
      <trkpt lat="52.493264" lon="13.461909">
        <ele>38.032617</ele>
        <time>2026-07-05T10:06:31.000Z</time>
      </trkpt>
      <trkpt lat="52.493162" lon="13.461818">
        <ele>37.999294</ele>
        <time>2026-07-05T10:06:33.000Z</time>
      </trkpt>
      <trkpt lat="52.493060" lon="13.461735">
        <ele>37.966615</ele>
        <time>2026-07-05T10:06:35.000Z</time>
      </trkpt>
      <trkpt lat="52.492950" lon="13.461672">
        <ele>37.933171</ele>
        <time>2026-07-05T10:06:37.000Z</time>
      </trkpt>
      <trkpt lat="52.492867" lon="13.461552">
        <ele>37.901426</ele>
        <time>2026-07-05T10:06:39.000Z</time>
      </trkpt>
      <trkpt lat="52.492774" lon="13.461482">
        <ele>37.872057</ele>
        <time>2026-07-05T10:06:41.000Z</time>
      </trkpt>
      <trkpt lat="52.492672" lon="13.461389">
        <ele>37.838566</ele>
        <time>2026-07-05T10:06:43.000Z</time>
      </trkpt>
      <trkpt lat="52.492584" lon="13.461291">
        <ele>37.808023</ele>
        <time>2026-07-05T10:06:45.000Z</time>
      </trkpt>
      <trkpt lat="52.492495" lon="13.461232">
        <ele>37.780352</ele>
        <time>2026-07-05T10:06:47.000Z</time>
      </trkpt>
      <trkpt lat="52.492400" lon="13.461142">
        <ele>37.748732</ele>
        <time>2026-07-05T10:06:50.000Z</time>
      </trkpt>
      <trkpt lat="52.492320" lon="13.461055">
        <ele>37.721070</ele>
        <time>2026-07-05T10:07:06.000Z</time>
      </trkpt>
      <trkpt lat="52.492227" lon="13.460985">
        <ele>37.691575</ele>
        <time>2026-07-05T10:07:10.000Z</time>
      </trkpt>
      <trkpt lat="52.492152" lon="13.461081">
        <ele>37.664161</ele>
        <time>2026-07-05T10:07:12.000Z</time>
      </trkpt>
      <trkpt lat="52.492117" lon="13.461218">
        <ele>37.638080</ele>
        <time>2026-07-05T10:07:14.000Z</time>
      </trkpt>
      <trkpt lat="52.492074" lon="13.461372">
        <ele>37.608340</ele>
        <time>2026-07-05T10:07:16.000Z</time>
      </trkpt>
      <trkpt lat="52.492026" lon="13.461554">
        <ele>37.573522</ele>
        <time>2026-07-05T10:07:18.000Z</time>
      </trkpt>
      <trkpt lat="52.491972" lon="13.461732">
        <ele>37.538612</ele>
        <time>2026-07-05T10:07:20.000Z</time>
      </trkpt>
      <trkpt lat="52.491921" lon="13.461919">
        <ele>37.502643</ele>
        <time>2026-07-05T10:07:22.000Z</time>
      </trkpt>
      <trkpt lat="52.491861" lon="13.462115">
        <ele>37.464132</ele>
        <time>2026-07-05T10:07:24.000Z</time>
      </trkpt>
      <trkpt lat="52.491809" lon="13.462299">
        <ele>37.428522</ele>
        <time>2026-07-05T10:07:26.000Z</time>
      </trkpt>
      <trkpt lat="52.491760" lon="13.462481">
        <ele>37.393589</ele>
        <time>2026-07-05T10:07:28.000Z</time>
      </trkpt>
      <trkpt lat="52.491712" lon="13.462641">
        <ele>37.362278</ele>
        <time>2026-07-05T10:07:30.000Z</time>
      </trkpt>
      <trkpt lat="52.491659" lon="13.462786">
        <ele>37.332590</ele>
        <time>2026-07-05T10:07:32.000Z</time>
      </trkpt>
      <trkpt lat="52.491618" lon="13.462971">
        <ele>37.298029</ele>
        <time>2026-07-05T10:07:34.000Z</time>
      </trkpt>
      <trkpt lat="52.491566" lon="13.463137">
        <ele>37.284923</ele>
        <time>2026-07-05T10:07:36.000Z</time>
      </trkpt>
      <trkpt lat="52.491507" lon="13.463320">
        <ele>37.273323</ele>
        <time>2026-07-05T10:07:38.000Z</time>
      </trkpt>
      <trkpt lat="52.491455" lon="13.463501">
        <ele>37.262112</ele>
        <time>2026-07-05T10:07:40.000Z</time>
      </trkpt>
      <trkpt lat="52.491394" lon="13.463697">
        <ele>37.249781</ele>
        <time>2026-07-05T10:07:42.001Z</time>
      </trkpt>
      <trkpt lat="52.491330" lon="13.463882">
        <ele>37.237861</ele>
        <time>2026-07-05T10:07:44.001Z</time>
      </trkpt>
      <trkpt lat="52.491274" lon="13.464074">
        <ele>37.225935</ele>
        <time>2026-07-05T10:07:46.001Z</time>
      </trkpt>
      <trkpt lat="52.491216" lon="13.464266">
        <ele>37.213929</ele>
        <time>2026-07-05T10:07:48.001Z</time>
      </trkpt>
      <trkpt lat="52.491158" lon="13.464462">
        <ele>37.201721</ele>
        <time>2026-07-05T10:07:50.001Z</time>
      </trkpt>
      <trkpt lat="52.491102" lon="13.464659">
        <ele>37.189542</ele>
        <time>2026-07-05T10:07:52.001Z</time>
      </trkpt>
      <trkpt lat="52.491036" lon="13.464875">
        <ele>37.176004</ele>
        <time>2026-07-05T10:07:54.001Z</time>
      </trkpt>
      <trkpt lat="52.490977" lon="13.465072">
        <ele>37.163705</ele>
        <time>2026-07-05T10:07:56.001Z</time>
      </trkpt>
      <trkpt lat="52.490912" lon="13.465272">
        <ele>37.151005</ele>
        <time>2026-07-05T10:07:58.001Z</time>
      </trkpt>
      <trkpt lat="52.490858" lon="13.465468">
        <ele>37.138954</ele>
        <time>2026-07-05T10:08:00.001Z</time>
      </trkpt>
      <trkpt lat="52.490796" lon="13.465680">
        <ele>37.128479</ele>
        <time>2026-07-05T10:08:02.001Z</time>
      </trkpt>
      <trkpt lat="52.490734" lon="13.465875">
        <ele>37.127710</ele>
        <time>2026-07-05T10:08:04.000Z</time>
      </trkpt>
      <trkpt lat="52.490669" lon="13.466083">
        <ele>37.126893</ele>
        <time>2026-07-05T10:08:06.000Z</time>
      </trkpt>
      <trkpt lat="52.490608" lon="13.466293">
        <ele>37.126079</ele>
        <time>2026-07-05T10:08:08.000Z</time>
      </trkpt>
      <trkpt lat="52.490540" lon="13.466503">
        <ele>37.125248</ele>
        <time>2026-07-05T10:08:10.000Z</time>
      </trkpt>
      <trkpt lat="52.490480" lon="13.466717">
        <ele>37.124424</ele>
        <time>2026-07-05T10:08:12.000Z</time>
      </trkpt>
      <trkpt lat="52.490417" lon="13.466932">
        <ele>37.123590</ele>
        <time>2026-07-05T10:08:14.000Z</time>
      </trkpt>
      <trkpt lat="52.490360" lon="13.467116">
        <ele>37.122869</ele>
        <time>2026-07-05T10:08:16.000Z</time>
      </trkpt>
      <trkpt lat="52.490293" lon="13.467328">
        <ele>37.122034</ele>
        <time>2026-07-05T10:08:18.000Z</time>
      </trkpt>
      <trkpt lat="52.490236" lon="13.467527">
        <ele>37.121265</ele>
        <time>2026-07-05T10:08:20.000Z</time>
      </trkpt>
      <trkpt lat="52.490172" lon="13.467743">
        <ele>37.120425</ele>
        <time>2026-07-05T10:08:22.000Z</time>
      </trkpt>
      <trkpt lat="52.490107" lon="13.467957">
        <ele>37.119589</ele>
        <time>2026-07-05T10:08:24.000Z</time>
      </trkpt>
      <trkpt lat="52.490054" lon="13.468168">
        <ele>37.118791</ele>
        <time>2026-07-05T10:08:26.000Z</time>
      </trkpt>
      <trkpt lat="52.489993" lon="13.468375">
        <ele>37.109632</ele>
        <time>2026-07-05T10:08:28.000Z</time>
      </trkpt>
      <trkpt lat="52.489932" lon="13.468586">
        <ele>37.089054</ele>
        <time>2026-07-05T10:08:30.000Z</time>
      </trkpt>
      <trkpt lat="52.489868" lon="13.468788">
        <ele>37.068993</ele>
        <time>2026-07-05T10:08:32.000Z</time>
      </trkpt>
      <trkpt lat="52.489805" lon="13.468995">
        <ele>37.048604</ele>
        <time>2026-07-05T10:08:34.000Z</time>
      </trkpt>
      <trkpt lat="52.489727" lon="13.469189">
        <ele>37.028123</ele>
        <time>2026-07-05T10:08:36.000Z</time>
      </trkpt>
      <trkpt lat="52.489675" lon="13.469389">
        <ele>37.008964</ele>
        <time>2026-07-05T10:08:38.000Z</time>
      </trkpt>
      <trkpt lat="52.489618" lon="13.469616">
        <ele>36.987331</ele>
        <time>2026-07-05T10:08:40.000Z</time>
      </trkpt>
      <trkpt lat="52.489551" lon="13.469824">
        <ele>36.966600</ele>
        <time>2026-07-05T10:08:42.000Z</time>
      </trkpt>
      <trkpt lat="52.489488" lon="13.470035">
        <ele>36.945895</ele>
        <time>2026-07-05T10:08:44.000Z</time>
      </trkpt>
      <trkpt lat="52.489431" lon="13.470233">
        <ele>36.926600</ele>
        <time>2026-07-05T10:08:46.000Z</time>
      </trkpt>
      <trkpt lat="52.489367" lon="13.470455">
        <ele>36.904960</ele>
        <time>2026-07-05T10:08:48.000Z</time>
      </trkpt>
      <trkpt lat="52.489297" lon="13.470663">
        <ele>36.884022</ele>
        <time>2026-07-05T10:08:50.000Z</time>
      </trkpt>
      <trkpt lat="52.489238" lon="13.470882">
        <ele>36.862924</ele>
        <time>2026-07-05T10:08:52.000Z</time>
      </trkpt>
      <trkpt lat="52.489174" lon="13.471078">
        <ele>36.870354</ele>
        <time>2026-07-05T10:08:54.000Z</time>
      </trkpt>
      <trkpt lat="52.489114" lon="13.471286">
        <ele>36.887203</ele>
        <time>2026-07-05T10:08:56.000Z</time>
      </trkpt>
      <trkpt lat="52.489049" lon="13.471504">
        <ele>36.904973</ele>
        <time>2026-07-05T10:08:58.000Z</time>
      </trkpt>
      <trkpt lat="52.488990" lon="13.471717">
        <ele>36.922104</ele>
        <time>2026-07-05T10:09:00.000Z</time>
      </trkpt>
      <trkpt lat="52.488924" lon="13.471927">
        <ele>36.939404</ele>
        <time>2026-07-05T10:09:02.000Z</time>
      </trkpt>
      <trkpt lat="52.488865" lon="13.472134">
        <ele>36.956136</ele>
        <time>2026-07-05T10:09:04.000Z</time>
      </trkpt>
      <trkpt lat="52.488800" lon="13.472345">
        <ele>36.973447</ele>
        <time>2026-07-05T10:09:06.000Z</time>
      </trkpt>
      <trkpt lat="52.488740" lon="13.472544">
        <ele>36.989703</ele>
        <time>2026-07-05T10:09:08.000Z</time>
      </trkpt>
      <trkpt lat="52.488673" lon="13.472758">
        <ele>37.007319</ele>
        <time>2026-07-05T10:09:10.000Z</time>
      </trkpt>
      <trkpt lat="52.488613" lon="13.472964">
        <ele>37.024036</ele>
        <time>2026-07-05T10:09:12.000Z</time>
      </trkpt>
      <trkpt lat="52.488548" lon="13.473163">
        <ele>37.040568</ele>
        <time>2026-07-05T10:09:14.000Z</time>
      </trkpt>
      <trkpt lat="52.488493" lon="13.473357">
        <ele>37.056234</ele>
        <time>2026-07-05T10:09:16.000Z</time>
      </trkpt>
      <trkpt lat="52.488422" lon="13.473580">
        <ele>37.075123</ele>
        <time>2026-07-05T10:09:18.000Z</time>
      </trkpt>
      <trkpt lat="52.488371" lon="13.473792">
        <ele>37.115847</ele>
        <time>2026-07-05T10:09:20.000Z</time>
      </trkpt>
      <trkpt lat="52.488314" lon="13.473980">
        <ele>37.153367</ele>
        <time>2026-07-05T10:09:22.000Z</time>
      </trkpt>
      <trkpt lat="52.488217" lon="13.474146">
        <ele>37.194470</ele>
        <time>2026-07-05T10:09:24.000Z</time>
      </trkpt>
      <trkpt lat="52.488164" lon="13.474315">
        <ele>37.228431</ele>
        <time>2026-07-05T10:09:26.000Z</time>
      </trkpt>
      <trkpt lat="52.488105" lon="13.474503">
        <ele>37.266217</ele>
        <time>2026-07-05T10:09:28.000Z</time>
      </trkpt>
      <trkpt lat="52.488044" lon="13.474691">
        <ele>37.304275</ele>
        <time>2026-07-05T10:09:30.001Z</time>
      </trkpt>
      <trkpt lat="52.487987" lon="13.474871">
        <ele>37.340521</ele>
        <time>2026-07-05T10:09:32.001Z</time>
      </trkpt>
      <trkpt lat="52.487928" lon="13.475062">
        <ele>37.378784</ele>
        <time>2026-07-05T10:09:34.001Z</time>
      </trkpt>
      <trkpt lat="52.487868" lon="13.475258">
        <ele>37.417976</ele>
        <time>2026-07-05T10:09:36.001Z</time>
      </trkpt>
      <trkpt lat="52.487808" lon="13.475455">
        <ele>37.457328</ele>
        <time>2026-07-05T10:09:38.001Z</time>
      </trkpt>
      <trkpt lat="52.487750" lon="13.475645">
        <ele>37.495300</ele>
        <time>2026-07-05T10:09:40.001Z</time>
      </trkpt>
      <trkpt lat="52.487783" lon="13.475797">
        <ele>37.524130</ele>
        <time>2026-07-05T10:09:41.001Z</time>
      </trkpt>
      <trkpt lat="52.487719" lon="13.475980">
        <ele>37.561832</ele>
        <time>2026-07-05T10:09:43.001Z</time>
      </trkpt>
      <trkpt lat="52.487664" lon="13.476178">
        <ele>37.600713</ele>
        <time>2026-07-05T10:09:45.001Z</time>
      </trkpt>
      <trkpt lat="52.487583" lon="13.476345">
        <ele>37.561605</ele>
        <time>2026-07-05T10:09:47.001Z</time>
      </trkpt>
      <trkpt lat="52.487485" lon="13.476503">
        <ele>37.517348</ele>
        <time>2026-07-05T10:09:49.001Z</time>
      </trkpt>
      <trkpt lat="52.487376" lon="13.476636">
        <ele>37.473588</ele>
        <time>2026-07-05T10:09:51.001Z</time>
      </trkpt>
      <trkpt lat="52.487268" lon="13.476769">
        <ele>37.430086</ele>
        <time>2026-07-05T10:09:53.001Z</time>
      </trkpt>
      <trkpt lat="52.487153" lon="13.476863">
        <ele>37.388689</ele>
        <time>2026-07-05T10:09:55.001Z</time>
      </trkpt>
      <trkpt lat="52.487044" lon="13.476964">
        <ele>37.348358</ele>
        <time>2026-07-05T10:09:57.001Z</time>
      </trkpt>
      <trkpt lat="52.486934" lon="13.477068">
        <ele>37.307454</ele>
        <time>2026-07-05T10:09:59.001Z</time>
      </trkpt>
      <trkpt lat="52.486826" lon="13.477166">
        <ele>37.267691</ele>
        <time>2026-07-05T10:10:01.001Z</time>
      </trkpt>
      <trkpt lat="52.486715" lon="13.477270">
        <ele>37.226508</ele>
        <time>2026-07-05T10:10:03.001Z</time>
      </trkpt>
      <trkpt lat="52.486602" lon="13.477373">
        <ele>37.184860</ele>
        <time>2026-07-05T10:10:05.001Z</time>
      </trkpt>
      <trkpt lat="52.486485" lon="13.477472">
        <ele>37.142445</ele>
        <time>2026-07-05T10:10:07.001Z</time>
      </trkpt>
      <trkpt lat="52.486366" lon="13.477565">
        <ele>37.099976</ele>
        <time>2026-07-05T10:10:09.000Z</time>
      </trkpt>
      <trkpt lat="52.486246" lon="13.477667">
        <ele>37.056432</ele>
        <time>2026-07-05T10:10:11.000Z</time>
      </trkpt>
      <trkpt lat="52.486127" lon="13.477781">
        <ele>37.014488</ele>
        <time>2026-07-05T10:10:13.000Z</time>
      </trkpt>
      <trkpt lat="52.486012" lon="13.477894">
        <ele>36.981503</ele>
        <time>2026-07-05T10:10:15.000Z</time>
      </trkpt>
      <trkpt lat="52.485899" lon="13.477997">
        <ele>36.949693</ele>
        <time>2026-07-05T10:10:17.000Z</time>
      </trkpt>
      <trkpt lat="52.485780" lon="13.478108">
        <ele>36.916008</ele>
        <time>2026-07-05T10:10:19.000Z</time>
      </trkpt>
      <trkpt lat="52.485674" lon="13.478237">
        <ele>36.883534</ele>
        <time>2026-07-05T10:10:21.000Z</time>
      </trkpt>
      <trkpt lat="52.485559" lon="13.478337">
        <ele>36.851506</ele>
        <time>2026-07-05T10:10:23.000Z</time>
      </trkpt>
      <trkpt lat="52.485440" lon="13.478435">
        <ele>36.818739</ele>
        <time>2026-07-05T10:10:25.000Z</time>
      </trkpt>
      <trkpt lat="52.485326" lon="13.478551">
        <ele>36.785730</ele>
        <time>2026-07-05T10:10:27.000Z</time>
      </trkpt>
      <trkpt lat="52.485210" lon="13.478636">
        <ele>36.754465</ele>
        <time>2026-07-05T10:10:29.000Z</time>
      </trkpt>
      <trkpt lat="52.485094" lon="13.478755">
        <ele>36.720800</ele>
        <time>2026-07-05T10:10:31.000Z</time>
      </trkpt>
      <trkpt lat="52.484976" lon="13.478872">
        <ele>36.686873</ele>
        <time>2026-07-05T10:10:33.000Z</time>
      </trkpt>
      <trkpt lat="52.484865" lon="13.478975">
        <ele>36.655492</ele>
        <time>2026-07-05T10:10:35.000Z</time>
      </trkpt>
      <trkpt lat="52.484745" lon="13.479074">
        <ele>36.622438</ele>
        <time>2026-07-05T10:10:37.000Z</time>
      </trkpt>
      <trkpt lat="52.484637" lon="13.479180">
        <ele>36.591470</ele>
        <time>2026-07-05T10:10:39.000Z</time>
      </trkpt>
      <trkpt lat="52.484581" lon="13.479435">
        <ele>36.540831</ele>
        <time>2026-07-05T10:10:41.000Z</time>
      </trkpt>
      <trkpt lat="52.484482" lon="13.479502">
        <ele>36.505341</ele>
        <time>2026-07-05T10:10:44.000Z</time>
      </trkpt>
      <trkpt lat="52.484398" lon="13.479563">
        <ele>36.474900</ele>
        <time>2026-07-05T10:10:47.000Z</time>
      </trkpt>
      <trkpt lat="52.484279" lon="13.479654">
        <ele>36.431392</ele>
        <time>2026-07-05T10:10:50.000Z</time>
      </trkpt>
      <trkpt lat="52.484187" lon="13.479738">
        <ele>36.396503</ele>
        <time>2026-07-05T10:10:52.000Z</time>
      </trkpt>
      <trkpt lat="52.484085" lon="13.479829">
        <ele>36.358029</ele>
        <time>2026-07-05T10:10:54.000Z</time>
      </trkpt>
      <trkpt lat="52.483982" lon="13.479922">
        <ele>36.319071</ele>
        <time>2026-07-05T10:10:56.000Z</time>
      </trkpt>
      <trkpt lat="52.483875" lon="13.480018">
        <ele>36.278659</ele>
        <time>2026-07-05T10:10:58.000Z</time>
      </trkpt>
      <trkpt lat="52.483769" lon="13.480114">
        <ele>36.238537</ele>
        <time>2026-07-05T10:11:00.000Z</time>
      </trkpt>
      <trkpt lat="52.483663" lon="13.480209">
        <ele>36.198513</ele>
        <time>2026-07-05T10:11:02.000Z</time>
      </trkpt>
      <trkpt lat="52.483563" lon="13.480298">
        <ele>36.160814</ele>
        <time>2026-07-05T10:11:04.000Z</time>
      </trkpt>
      <trkpt lat="52.483468" lon="13.480382">
        <ele>36.125053</ele>
        <time>2026-07-05T10:11:06.000Z</time>
      </trkpt>
      <trkpt lat="52.483362" lon="13.480477">
        <ele>36.085028</ele>
        <time>2026-07-05T10:11:08.000Z</time>
      </trkpt>
      <trkpt lat="52.483263" lon="13.480566">
        <ele>36.047620</ele>
        <time>2026-07-05T10:11:10.000Z</time>
      </trkpt>
      <trkpt lat="52.483153" lon="13.480665">
        <ele>36.006045</ele>
        <time>2026-07-05T10:11:12.000Z</time>
      </trkpt>
      <trkpt lat="52.483034" lon="13.480772">
        <ele>36.033805</ele>
        <time>2026-07-05T10:11:14.000Z</time>
      </trkpt>
      <trkpt lat="52.482924" lon="13.480872">
        <ele>36.126821</ele>
        <time>2026-07-05T10:11:16.000Z</time>
      </trkpt>
      <trkpt lat="52.482808" lon="13.480977">
        <ele>36.224811</ele>
        <time>2026-07-05T10:11:18.000Z</time>
      </trkpt>
      <trkpt lat="52.482688" lon="13.481085">
        <ele>36.326045</ele>
        <time>2026-07-05T10:11:20.000Z</time>
      </trkpt>
      <trkpt lat="52.482579" lon="13.481187">
        <ele>36.418857</ele>
        <time>2026-07-05T10:11:22.000Z</time>
      </trkpt>
      <trkpt lat="52.482450" lon="13.481267">
        <ele>36.520869</ele>
        <time>2026-07-05T10:11:24.000Z</time>
      </trkpt>
      <trkpt lat="52.482333" lon="13.481403">
        <ele>36.626916</ele>
        <time>2026-07-05T10:11:26.000Z</time>
      </trkpt>
      <trkpt lat="52.482216" lon="13.481508">
        <ele>36.725555</ele>
        <time>2026-07-05T10:11:28.000Z</time>
      </trkpt>
      <trkpt lat="52.482098" lon="13.481613">
        <ele>36.824844</ele>
        <time>2026-07-05T10:11:30.000Z</time>
      </trkpt>
      <trkpt lat="52.481967" lon="13.481703">
        <ele>36.929897</ele>
        <time>2026-07-05T10:11:32.000Z</time>
      </trkpt>
      <trkpt lat="52.481851" lon="13.481812">
        <ele>37.028770</ele>
        <time>2026-07-05T10:11:34.000Z</time>
      </trkpt>
      <trkpt lat="52.481732" lon="13.481919">
        <ele>37.129140</ele>
        <time>2026-07-05T10:11:36.000Z</time>
      </trkpt>
      <trkpt lat="52.481611" lon="13.482028">
        <ele>37.231240</ele>
        <time>2026-07-05T10:11:38.001Z</time>
      </trkpt>
      <trkpt lat="52.481492" lon="13.482132">
        <ele>37.321513</ele>
        <time>2026-07-05T10:11:40.001Z</time>
      </trkpt>
      <trkpt lat="52.481374" lon="13.482237">
        <ele>37.364846</ele>
        <time>2026-07-05T10:11:42.001Z</time>
      </trkpt>
      <trkpt lat="52.481271" lon="13.482355">
        <ele>37.405396</ele>
        <time>2026-07-05T10:11:44.001Z</time>
      </trkpt>
      <trkpt lat="52.481157" lon="13.482457">
        <ele>37.447314</ele>
        <time>2026-07-05T10:11:46.001Z</time>
      </trkpt>
      <trkpt lat="52.481033" lon="13.482568">
        <ele>37.492913</ele>
        <time>2026-07-05T10:11:48.001Z</time>
      </trkpt>
      <trkpt lat="52.480906" lon="13.482681">
        <ele>37.539551</ele>
        <time>2026-07-05T10:11:50.001Z</time>
      </trkpt>
      <trkpt lat="52.480790" lon="13.482786">
        <ele>37.582318</ele>
        <time>2026-07-05T10:11:52.001Z</time>
      </trkpt>
      <trkpt lat="52.480669" lon="13.482895">
        <ele>37.626878</ele>
        <time>2026-07-05T10:11:54.001Z</time>
      </trkpt>
      <trkpt lat="52.480551" lon="13.483001">
        <ele>37.670306</ele>
        <time>2026-07-05T10:11:56.001Z</time>
      </trkpt>
      <trkpt lat="52.480437" lon="13.483104">
        <ele>37.712318</ele>
        <time>2026-07-05T10:11:58.001Z</time>
      </trkpt>
      <trkpt lat="52.480325" lon="13.483205">
        <ele>37.753575</ele>
        <time>2026-07-05T10:12:00.001Z</time>
      </trkpt>
      <trkpt lat="52.480217" lon="13.483302">
        <ele>37.793320</ele>
        <time>2026-07-05T10:12:02.001Z</time>
      </trkpt>
      <trkpt lat="52.480102" lon="13.483407">
        <ele>37.835805</ele>
        <time>2026-07-05T10:12:04.001Z</time>
      </trkpt>
      <trkpt lat="52.480014" lon="13.483484">
        <ele>37.868001</ele>
        <time>2026-07-05T10:12:06.001Z</time>
      </trkpt>
      <trkpt lat="52.479973" lon="13.483243">
        <ele>37.883684</ele>
        <time>2026-07-05T10:12:07.001Z</time>
      </trkpt>
      <trkpt lat="52.479884" lon="13.483079">
        <ele>37.861904</ele>
        <time>2026-07-05T10:12:09.001Z</time>
      </trkpt>
      <trkpt lat="52.479793" lon="13.482910">
        <ele>37.839538</ele>
        <time>2026-07-05T10:12:11.001Z</time>
      </trkpt>
      <trkpt lat="52.479701" lon="13.482745">
        <ele>37.817357</ele>
        <time>2026-07-05T10:12:13.001Z</time>
      </trkpt>
      <trkpt lat="52.479607" lon="13.482575">
        <ele>37.794591</ele>
        <time>2026-07-05T10:12:15.000Z</time>
      </trkpt>
      <trkpt lat="52.479506" lon="13.482427">
        <ele>37.772552</ele>
        <time>2026-07-05T10:12:17.000Z</time>
      </trkpt>
      <trkpt lat="52.479423" lon="13.482262">
        <ele>37.751333</ele>
        <time>2026-07-05T10:12:19.000Z</time>
      </trkpt>
      <trkpt lat="52.479334" lon="13.482097">
        <ele>37.729479</ele>
        <time>2026-07-05T10:12:21.000Z</time>
      </trkpt>
      <trkpt lat="52.479250" lon="13.481929">
        <ele>37.707927</ele>
        <time>2026-07-05T10:12:23.000Z</time>
      </trkpt>
      <trkpt lat="52.479165" lon="13.481757">
        <ele>37.685965</ele>
        <time>2026-07-05T10:12:25.000Z</time>
      </trkpt>
      <trkpt lat="52.479091" lon="13.481586">
        <ele>37.665166</ele>
        <time>2026-07-05T10:12:27.000Z</time>
      </trkpt>
      <trkpt lat="52.479004" lon="13.481418">
        <ele>37.643301</ele>
        <time>2026-07-05T10:12:29.000Z</time>
      </trkpt>
      <trkpt lat="52.478913" lon="13.481244">
        <ele>37.620560</ele>
        <time>2026-07-05T10:12:31.000Z</time>
      </trkpt>
      <trkpt lat="52.478823" lon="13.481074">
        <ele>37.597895</ele>
        <time>2026-07-05T10:12:33.000Z</time>
      </trkpt>
      <trkpt lat="52.478733" lon="13.480900">
        <ele>37.573326</ele>
        <time>2026-07-05T10:12:35.000Z</time>
      </trkpt>
      <trkpt lat="52.478645" lon="13.480731">
        <ele>37.549396</ele>
        <time>2026-07-05T10:12:37.000Z</time>
      </trkpt>
      <trkpt lat="52.478556" lon="13.480560">
        <ele>37.525188</ele>
        <time>2026-07-05T10:12:39.000Z</time>
      </trkpt>
      <trkpt lat="52.478468" lon="13.480389">
        <ele>37.501094</ele>
        <time>2026-07-05T10:12:41.000Z</time>
      </trkpt>
      <trkpt lat="52.478381" lon="13.480221">
        <ele>37.477361</ele>
        <time>2026-07-05T10:12:43.000Z</time>
      </trkpt>
      <trkpt lat="52.478292" lon="13.480050">
        <ele>37.453152</ele>
        <time>2026-07-05T10:12:45.000Z</time>
      </trkpt>
      <trkpt lat="52.478207" lon="13.479887">
        <ele>37.430058</ele>
        <time>2026-07-05T10:12:47.000Z</time>
      </trkpt>
      <trkpt lat="52.478127" lon="13.479733">
        <ele>37.408273</ele>
        <time>2026-07-05T10:12:49.000Z</time>
      </trkpt>
      <trkpt lat="52.478036" lon="13.479581">
        <ele>37.385334</ele>
        <time>2026-07-05T10:12:51.000Z</time>
      </trkpt>
      <trkpt lat="52.477954" lon="13.479418">
        <ele>37.362581</ele>
        <time>2026-07-05T10:12:53.000Z</time>
      </trkpt>
      <trkpt lat="52.477877" lon="13.479250">
        <ele>37.339952</ele>
        <time>2026-07-05T10:12:55.000Z</time>
      </trkpt>
      <trkpt lat="52.477786" lon="13.479110">
        <ele>37.317915</ele>
        <time>2026-07-05T10:12:57.000Z</time>
      </trkpt>
      <trkpt lat="52.477708" lon="13.478929">
        <ele>37.294051</ele>
        <time>2026-07-05T10:13:00.000Z</time>
      </trkpt>
      <trkpt lat="52.477634" lon="13.478804">
        <ele>37.287458</ele>
        <time>2026-07-05T10:13:02.000Z</time>
      </trkpt>
      <trkpt lat="52.477566" lon="13.478644">
        <ele>37.294918</ele>
        <time>2026-07-05T10:13:04.000Z</time>
      </trkpt>
      <trkpt lat="52.477489" lon="13.478488">
        <ele>37.302597</ele>
        <time>2026-07-05T10:13:06.000Z</time>
      </trkpt>
      <trkpt lat="52.477428" lon="13.478293">
        <ele>37.310979</ele>
        <time>2026-07-05T10:13:08.000Z</time>
      </trkpt>
      <trkpt lat="52.477335" lon="13.478139">
        <ele>37.319272</ele>
        <time>2026-07-05T10:13:10.000Z</time>
      </trkpt>
      <trkpt lat="52.477254" lon="13.477962">
        <ele>37.327738</ele>
        <time>2026-07-05T10:13:12.000Z</time>
      </trkpt>
      <trkpt lat="52.477157" lon="13.477818">
        <ele>37.335949</ele>
        <time>2026-07-05T10:13:14.000Z</time>
      </trkpt>
      <trkpt lat="52.477072" lon="13.477629">
        <ele>37.344933</ele>
        <time>2026-07-05T10:13:16.000Z</time>
      </trkpt>
      <trkpt lat="52.476981" lon="13.477468">
        <ele>37.353332</ele>
        <time>2026-07-05T10:13:18.000Z</time>
      </trkpt>
      <trkpt lat="52.476893" lon="13.477293">
        <ele>37.362010</ele>
        <time>2026-07-05T10:13:20.000Z</time>
      </trkpt>
      <trkpt lat="52.476798" lon="13.477131">
        <ele>37.370610</ele>
        <time>2026-07-05T10:13:22.000Z</time>
      </trkpt>
      <trkpt lat="52.476687" lon="13.477013">
        <ele>37.378912</ele>
        <time>2026-07-05T10:13:24.000Z</time>
      </trkpt>
      <trkpt lat="52.476612" lon="13.476833">
        <ele>37.387252</ele>
        <time>2026-07-05T10:13:26.000Z</time>
      </trkpt>
      <trkpt lat="52.476520" lon="13.476657">
        <ele>37.396121</ele>
        <time>2026-07-05T10:13:28.000Z</time>
      </trkpt>
      <trkpt lat="52.476431" lon="13.476486">
        <ele>37.297162</ele>
        <time>2026-07-05T10:13:30.000Z</time>
      </trkpt>
      <trkpt lat="52.476329" lon="13.476330">
        <ele>37.180880</ele>
        <time>2026-07-05T10:13:32.000Z</time>
      </trkpt>
      <trkpt lat="52.476253" lon="13.476143">
        <ele>37.066661</ele>
        <time>2026-07-05T10:13:34.000Z</time>
      </trkpt>
      <trkpt lat="52.476176" lon="13.475928">
        <ele>36.939940</ele>
        <time>2026-07-05T10:13:36.000Z</time>
      </trkpt>
      <trkpt lat="52.476109" lon="13.475798">
        <ele>36.853417</ele>
        <time>2026-07-05T10:13:38.000Z</time>
      </trkpt>
      <trkpt lat="52.476010" lon="13.475636">
        <ele>36.736822</ele>
        <time>2026-07-05T10:13:40.000Z</time>
      </trkpt>
      <trkpt lat="52.475936" lon="13.475454">
        <ele>36.625641</ele>
        <time>2026-07-05T10:13:42.000Z</time>
      </trkpt>
      <trkpt lat="52.475854" lon="13.475289">
        <ele>36.517443</ele>
        <time>2026-07-05T10:13:44.000Z</time>
      </trkpt>
      <trkpt lat="52.475761" lon="13.475133">
        <ele>36.406536</ele>
        <time>2026-07-05T10:13:46.000Z</time>
      </trkpt>
      <trkpt lat="52.475680" lon="13.474961">
        <ele>36.296072</ele>
        <time>2026-07-05T10:13:48.000Z</time>
      </trkpt>
      <trkpt lat="52.475602" lon="13.474800">
        <ele>36.191549</ele>
        <time>2026-07-05T10:13:50.000Z</time>
      </trkpt>
      <trkpt lat="52.475519" lon="13.474651">
        <ele>36.088959</ele>
        <time>2026-07-05T10:13:52.000Z</time>
      </trkpt>
      <trkpt lat="52.475441" lon="13.474474">
        <ele>35.977959</ele>
        <time>2026-07-05T10:13:54.000Z</time>
      </trkpt>
      <trkpt lat="52.475351" lon="13.474313">
        <ele>35.918220</ele>
        <time>2026-07-05T10:13:56.000Z</time>
      </trkpt>
      <trkpt lat="52.475270" lon="13.474150">
        <ele>35.994617</ele>
        <time>2026-07-05T10:13:58.000Z</time>
      </trkpt>
      <trkpt lat="52.475195" lon="13.474001">
        <ele>36.064814</ele>
        <time>2026-07-05T10:14:00.000Z</time>
      </trkpt>
      <trkpt lat="52.475097" lon="13.473929">
        <ele>36.128828</ele>
        <time>2026-07-05T10:14:02.000Z</time>
      </trkpt>
      <trkpt lat="52.475003" lon="13.473787">
        <ele>36.204990</ele>
        <time>2026-07-05T10:14:04.000Z</time>
      </trkpt>
      <trkpt lat="52.474923" lon="13.473628">
        <ele>36.279886</ele>
        <time>2026-07-05T10:14:06.000Z</time>
      </trkpt>
      <trkpt lat="52.474830" lon="13.473473">
        <ele>36.358901</ele>
        <time>2026-07-05T10:14:08.000Z</time>
      </trkpt>
      <trkpt lat="52.474777" lon="13.473303">
        <ele>36.428257</ele>
        <time>2026-07-05T10:14:10.000Z</time>
      </trkpt>
      <trkpt lat="52.474692" lon="13.473132">
        <ele>36.508413</ele>
        <time>2026-07-05T10:14:12.000Z</time>
      </trkpt>
      <trkpt lat="52.474615" lon="13.472951">
        <ele>36.588592</ele>
        <time>2026-07-05T10:14:14.001Z</time>
      </trkpt>
      <trkpt lat="52.474526" lon="13.472787">
        <ele>36.668362</ele>
        <time>2026-07-05T10:14:16.001Z</time>
      </trkpt>
      <trkpt lat="52.474442" lon="13.472621">
        <ele>36.746738</ele>
        <time>2026-07-05T10:14:18.001Z</time>
      </trkpt>
      <trkpt lat="52.474349" lon="13.472459">
        <ele>36.827584</ele>
        <time>2026-07-05T10:14:20.001Z</time>
      </trkpt>
      <trkpt lat="52.474267" lon="13.472291">
        <ele>36.905769</ele>
        <time>2026-07-05T10:14:22.000Z</time>
      </trkpt>
      <trkpt lat="52.474183" lon="13.472141">
        <ele>36.980519</ele>
        <time>2026-07-05T10:14:24.000Z</time>
      </trkpt>
      <trkpt lat="52.474104" lon="13.471985">
        <ele>37.059448</ele>
        <time>2026-07-05T10:14:26.000Z</time>
      </trkpt>
      <trkpt lat="52.474019" lon="13.471817">
        <ele>37.144418</ele>
        <time>2026-07-05T10:14:28.000Z</time>
      </trkpt>
      <trkpt lat="52.473934" lon="13.471656">
        <ele>37.227311</ele>
        <time>2026-07-05T10:14:30.000Z</time>
      </trkpt>
      <trkpt lat="52.473844" lon="13.471500">
        <ele>37.310908</ele>
        <time>2026-07-05T10:14:32.000Z</time>
      </trkpt>
      <trkpt lat="52.473764" lon="13.471335">
        <ele>37.392957</ele>
        <time>2026-07-05T10:14:34.000Z</time>
      </trkpt>
      <trkpt lat="52.473682" lon="13.471172">
        <ele>37.475207</ele>
        <time>2026-07-05T10:14:36.000Z</time>
      </trkpt>
      <trkpt lat="52.473595" lon="13.471009">
        <ele>37.559527</ele>
        <time>2026-07-05T10:14:38.000Z</time>
      </trkpt>
      <trkpt lat="52.473505" lon="13.470842">
        <ele>37.646281</ele>
        <time>2026-07-05T10:14:40.000Z</time>
      </trkpt>
      <trkpt lat="52.473414" lon="13.470678">
        <ele>37.732593</ele>
        <time>2026-07-05T10:14:42.000Z</time>
      </trkpt>
      <trkpt lat="52.473331" lon="13.470509">
        <ele>37.817055</ele>
        <time>2026-07-05T10:14:44.000Z</time>
      </trkpt>
      <trkpt lat="52.473247" lon="13.470341">
        <ele>37.901619</ele>
        <time>2026-07-05T10:14:46.000Z</time>
      </trkpt>
      <trkpt lat="52.473162" lon="13.470176">
        <ele>37.985696</ele>
        <time>2026-07-05T10:14:48.000Z</time>
      </trkpt>
      <trkpt lat="52.473082" lon="13.470022">
        <ele>38.064443</ele>
        <time>2026-07-05T10:14:50.000Z</time>
      </trkpt>
      <trkpt lat="52.472997" lon="13.469876">
        <ele>38.102765</ele>
        <time>2026-07-05T10:14:52.000Z</time>
      </trkpt>
      <trkpt lat="52.472913" lon="13.469746">
        <ele>38.057446</ele>
        <time>2026-07-05T10:14:54.000Z</time>
      </trkpt>
      <trkpt lat="52.472833" lon="13.469594">
        <ele>38.009411</ele>
        <time>2026-07-05T10:14:56.000Z</time>
      </trkpt>
      <trkpt lat="52.472750" lon="13.469437">
        <ele>37.959701</ele>
        <time>2026-07-05T10:14:58.000Z</time>
      </trkpt>
      <trkpt lat="52.472671" lon="13.469265">
        <ele>37.908189</ele>
        <time>2026-07-05T10:15:00.000Z</time>
      </trkpt>
      <trkpt lat="52.472587" lon="13.469110">
        <ele>37.858578</ele>
        <time>2026-07-05T10:15:02.000Z</time>
      </trkpt>
      <trkpt lat="52.472505" lon="13.468943">
        <ele>37.807285</ele>
        <time>2026-07-05T10:15:04.000Z</time>
      </trkpt>
      <trkpt lat="52.472418" lon="13.468792">
        <ele>37.757584</ele>
        <time>2026-07-05T10:15:06.000Z</time>
      </trkpt>
      <trkpt lat="52.472339" lon="13.468628">
        <ele>37.707586</ele>
        <time>2026-07-05T10:15:08.000Z</time>
      </trkpt>
      <trkpt lat="52.472266" lon="13.468464">
        <ele>37.659014</ele>
        <time>2026-07-05T10:15:10.000Z</time>
      </trkpt>
      <trkpt lat="52.472216" lon="13.468266">
        <ele>37.607759</ele>
        <time>2026-07-05T10:15:12.000Z</time>
      </trkpt>
      <trkpt lat="52.472148" lon="13.468087">
        <ele>37.557313</ele>
        <time>2026-07-05T10:15:14.000Z</time>
      </trkpt>
      <trkpt lat="52.472073" lon="13.467933">
        <ele>37.510164</ele>
        <time>2026-07-05T10:15:16.000Z</time>
      </trkpt>
      <trkpt lat="52.471983" lon="13.467760">
        <ele>37.455761</ele>
        <time>2026-07-05T10:15:18.000Z</time>
      </trkpt>
      <trkpt lat="52.471902" lon="13.467605">
        <ele>37.413594</ele>
        <time>2026-07-05T10:15:20.000Z</time>
      </trkpt>
      <trkpt lat="52.471821" lon="13.467450">
        <ele>37.428913</ele>
        <time>2026-07-05T10:15:22.000Z</time>
      </trkpt>
      <trkpt lat="52.471738" lon="13.467295">
        <ele>37.444393</ele>
        <time>2026-07-05T10:15:24.000Z</time>
      </trkpt>
      <trkpt lat="52.471649" lon="13.467128">
        <ele>37.461037</ele>
        <time>2026-07-05T10:15:26.000Z</time>
      </trkpt>
      <trkpt lat="52.471567" lon="13.466966">
        <ele>37.476837</ele>
        <time>2026-07-05T10:15:28.000Z</time>
      </trkpt>
      <trkpt lat="52.471482" lon="13.466801">
        <ele>37.493046</ele>
        <time>2026-07-05T10:15:30.000Z</time>
      </trkpt>
      <trkpt lat="52.471390" lon="13.466631">
        <ele>37.510103</ele>
        <time>2026-07-05T10:15:32.000Z</time>
      </trkpt>
      <trkpt lat="52.471295" lon="13.466461">
        <ele>37.527408</ele>
        <time>2026-07-05T10:15:34.000Z</time>
      </trkpt>
      <trkpt lat="52.471201" lon="13.466292">
        <ele>37.544575</ele>
        <time>2026-07-05T10:15:36.000Z</time>
      </trkpt>
      <trkpt lat="52.471109" lon="13.466118">
        <ele>37.561857</ele>
        <time>2026-07-05T10:15:38.000Z</time>
      </trkpt>
      <trkpt lat="52.471018" lon="13.465944">
        <ele>37.579060</ele>
        <time>2026-07-05T10:15:40.000Z</time>
      </trkpt>
      <trkpt lat="52.470929" lon="13.465774">
        <ele>37.595874</ele>
        <time>2026-07-05T10:15:42.000Z</time>
      </trkpt>
      <trkpt lat="52.470839" lon="13.465600">
        <ele>37.612997</ele>
        <time>2026-07-05T10:15:44.000Z</time>
      </trkpt>
      <trkpt lat="52.470750" lon="13.465431">
        <ele>37.629754</ele>
        <time>2026-07-05T10:15:46.000Z</time>
      </trkpt>
      <trkpt lat="52.470669" lon="13.465275">
        <ele>37.650329</ele>
        <time>2026-07-05T10:15:48.000Z</time>
      </trkpt>
      <trkpt lat="52.470581" lon="13.465147">
        <ele>37.671271</ele>
        <time>2026-07-05T10:15:50.000Z</time>
      </trkpt>
      <trkpt lat="52.470517" lon="13.464991">
        <ele>37.691678</ele>
        <time>2026-07-05T10:15:52.000Z</time>
      </trkpt>
      <trkpt lat="52.470458" lon="13.464872">
        <ele>37.708326</ele>
        <time>2026-07-05T10:15:54.000Z</time>
      </trkpt>
      <trkpt lat="52.470363" lon="13.464630">
        <ele>37.739563</ele>
        <time>2026-07-05T10:16:24.000Z</time>
      </trkpt>
      <trkpt lat="52.470283" lon="13.464464">
        <ele>37.762529</ele>
        <time>2026-07-05T10:16:27.000Z</time>
      </trkpt>
      <trkpt lat="52.470212" lon="13.464351">
        <ele>37.780143</ele>
        <time>2026-07-05T10:16:29.000Z</time>
      </trkpt>
      <trkpt lat="52.470153" lon="13.464203">
        <ele>37.799335</ele>
        <time>2026-07-05T10:16:31.000Z</time>
      </trkpt>
      <trkpt lat="52.470085" lon="13.464052">
        <ele>37.819709</ele>
        <time>2026-07-05T10:16:33.000Z</time>
      </trkpt>
      <trkpt lat="52.470011" lon="13.463906">
        <ele>37.840317</ele>
        <time>2026-07-05T10:16:35.000Z</time>
      </trkpt>
      <trkpt lat="52.469924" lon="13.463766">
        <ele>37.862017</ele>
        <time>2026-07-05T10:16:37.000Z</time>
      </trkpt>
      <trkpt lat="52.469842" lon="13.463626">
        <ele>37.883090</ele>
        <time>2026-07-05T10:16:39.000Z</time>
      </trkpt>
      <trkpt lat="52.469762" lon="13.463475">
        <ele>37.904803</ele>
        <time>2026-07-05T10:16:41.000Z</time>
      </trkpt>
      <trkpt lat="52.469685" lon="13.463310">
        <ele>37.927356</ele>
        <time>2026-07-05T10:16:43.000Z</time>
      </trkpt>
      <trkpt lat="52.469596" lon="13.463158">
        <ele>37.950232</ele>
        <time>2026-07-05T10:16:45.000Z</time>
      </trkpt>
      <trkpt lat="52.469509" lon="13.462996">
        <ele>37.995138</ele>
        <time>2026-07-05T10:16:47.000Z</time>
      </trkpt>
      <trkpt lat="52.469425" lon="13.462834">
        <ele>38.043236</ele>
        <time>2026-07-05T10:16:49.000Z</time>
      </trkpt>
      <trkpt lat="52.469345" lon="13.462680">
        <ele>38.088995</ele>
        <time>2026-07-05T10:16:51.000Z</time>
      </trkpt>
      <trkpt lat="52.469264" lon="13.462516">
        <ele>38.136729</ele>
        <time>2026-07-05T10:16:53.000Z</time>
      </trkpt>
      <trkpt lat="52.469177" lon="13.462355">
        <ele>38.185387</ele>
        <time>2026-07-05T10:16:55.000Z</time>
      </trkpt>
      <trkpt lat="52.469097" lon="13.462189">
        <ele>38.233243</ele>
        <time>2026-07-05T10:16:57.000Z</time>
      </trkpt>
      <trkpt lat="52.469021" lon="13.462024">
        <ele>38.280011</ele>
        <time>2026-07-05T10:16:59.000Z</time>
      </trkpt>
      <trkpt lat="52.468939" lon="13.461859">
        <ele>38.328155</ele>
        <time>2026-07-05T10:17:01.000Z</time>
      </trkpt>
      <trkpt lat="52.468852" lon="13.461702">
        <ele>38.376140</ele>
        <time>2026-07-05T10:17:03.000Z</time>
      </trkpt>
      <trkpt lat="52.468764" lon="13.461559">
        <ele>38.422097</ele>
        <time>2026-07-05T10:17:05.000Z</time>
      </trkpt>
      <trkpt lat="52.468691" lon="13.461420">
        <ele>38.463590</ele>
        <time>2026-07-05T10:17:07.000Z</time>
      </trkpt>
      <trkpt lat="52.468618" lon="13.461287">
        <ele>38.504066</ele>
        <time>2026-07-05T10:17:09.000Z</time>
      </trkpt>
      <trkpt lat="52.468554" lon="13.461150">
        <ele>38.543100</ele>
        <time>2026-07-05T10:17:11.000Z</time>
      </trkpt>
      <trkpt lat="52.468478" lon="13.461019">
        <ele>38.584000</ele>
        <time>2026-07-05T10:17:13.000Z</time>
      </trkpt>
      <trkpt lat="52.468410" lon="13.460892">
        <ele>38.627438</ele>
        <time>2026-07-05T10:17:15.000Z</time>
      </trkpt>
      <trkpt lat="52.468336" lon="13.460760">
        <ele>38.920487</ele>
        <time>2026-07-05T10:17:17.000Z</time>
      </trkpt>
      <trkpt lat="52.468258" lon="13.460630">
        <ele>39.218567</ele>
        <time>2026-07-05T10:17:19.000Z</time>
      </trkpt>
      <trkpt lat="52.468176" lon="13.460505">
        <ele>39.518653</ele>
        <time>2026-07-05T10:17:21.000Z</time>
      </trkpt>
      <trkpt lat="52.468099" lon="13.460369">
        <ele>39.821963</ele>
        <time>2026-07-05T10:17:23.000Z</time>
      </trkpt>
      <trkpt lat="52.468007" lon="13.460270">
        <ele>40.116956</ele>
        <time>2026-07-05T10:17:25.000Z</time>
      </trkpt>
      <trkpt lat="52.467933" lon="13.460161">
        <ele>40.383575</ele>
        <time>2026-07-05T10:17:27.000Z</time>
      </trkpt>
      <trkpt lat="52.467861" lon="13.460056">
        <ele>40.641842</ele>
        <time>2026-07-05T10:17:29.000Z</time>
      </trkpt>
      <trkpt lat="52.467789" lon="13.459953">
        <ele>40.897950</ele>
        <time>2026-07-05T10:17:31.000Z</time>
      </trkpt>
      <trkpt lat="52.467716" lon="13.459865">
        <ele>41.140824</ele>
        <time>2026-07-05T10:17:33.000Z</time>
      </trkpt>
      <trkpt lat="52.467642" lon="13.459766">
        <ele>41.396822</ele>
        <time>2026-07-05T10:17:35.000Z</time>
      </trkpt>
      <trkpt lat="52.467567" lon="13.459658">
        <ele>41.664364</ele>
        <time>2026-07-05T10:17:37.000Z</time>
      </trkpt>
      <trkpt lat="52.467493" lon="13.459559">
        <ele>41.920362</ele>
        <time>2026-07-05T10:17:39.000Z</time>
      </trkpt>
      <trkpt lat="52.467409" lon="13.459447">
        <ele>42.210565</ele>
        <time>2026-07-05T10:17:41.000Z</time>
      </trkpt>
      <trkpt lat="52.467326" lon="13.459336">
        <ele>42.497657</ele>
        <time>2026-07-05T10:17:43.000Z</time>
      </trkpt>
      <trkpt lat="52.467242" lon="13.459220">
        <ele>42.792024</ele>
        <time>2026-07-05T10:17:45.000Z</time>
      </trkpt>
      <trkpt lat="52.467162" lon="13.459105">
        <ele>43.077187</ele>
        <time>2026-07-05T10:17:47.000Z</time>
      </trkpt>
      <trkpt lat="52.467084" lon="13.458991">
        <ele>43.357249</ele>
        <time>2026-07-05T10:17:49.000Z</time>
      </trkpt>
      <trkpt lat="52.467000" lon="13.458877">
        <ele>43.550501</ele>
        <time>2026-07-05T10:17:51.000Z</time>
      </trkpt>
      <trkpt lat="52.466924" lon="13.458763">
        <ele>43.693153</ele>
        <time>2026-07-05T10:17:53.000Z</time>
      </trkpt>
      <trkpt lat="52.466845" lon="13.458638">
        <ele>43.845192</ele>
        <time>2026-07-05T10:17:55.000Z</time>
      </trkpt>
      <trkpt lat="52.466770" lon="13.458507">
        <ele>43.996941</ele>
        <time>2026-07-05T10:17:57.000Z</time>
      </trkpt>
      <trkpt lat="52.466700" lon="13.458373">
        <ele>44.145945</ele>
        <time>2026-07-05T10:17:59.000Z</time>
      </trkpt>
      <trkpt lat="52.466629" lon="13.458237">
        <ele>44.297133</ele>
        <time>2026-07-05T10:18:01.000Z</time>
      </trkpt>
      <trkpt lat="52.466554" lon="13.458110">
        <ele>44.446439</ele>
        <time>2026-07-05T10:18:03.000Z</time>
      </trkpt>
      <trkpt lat="52.466489" lon="13.457963">
        <ele>44.599767</ele>
        <time>2026-07-05T10:18:05.000Z</time>
      </trkpt>
      <trkpt lat="52.466424" lon="13.457810">
        <ele>44.757222</ele>
        <time>2026-07-05T10:18:07.000Z</time>
      </trkpt>
      <trkpt lat="52.466363" lon="13.457642">
        <ele>44.922315</ele>
        <time>2026-07-05T10:18:09.000Z</time>
      </trkpt>
      <trkpt lat="52.466298" lon="13.457469">
        <ele>45.093891</ele>
        <time>2026-07-05T10:18:11.000Z</time>
      </trkpt>
      <trkpt lat="52.466233" lon="13.457284">
        <ele>45.274167</ele>
        <time>2026-07-05T10:18:13.000Z</time>
      </trkpt>
      <trkpt lat="52.466157" lon="13.457108">
        <ele>45.456272</ele>
        <time>2026-07-05T10:18:15.000Z</time>
      </trkpt>
      <trkpt lat="52.466091" lon="13.456934">
        <ele>45.629296</ele>
        <time>2026-07-05T10:18:17.000Z</time>
      </trkpt>
      <trkpt lat="52.466030" lon="13.456756">
        <ele>45.801696</ele>
        <time>2026-07-05T10:18:19.000Z</time>
      </trkpt>
      <trkpt lat="52.465965" lon="13.456585">
        <ele>45.916720</ele>
        <time>2026-07-05T10:18:21.000Z</time>
      </trkpt>
      <trkpt lat="52.465895" lon="13.456417">
        <ele>45.818040</ele>
        <time>2026-07-05T10:18:23.000Z</time>
      </trkpt>
      <trkpt lat="52.465830" lon="13.456243">
        <ele>45.719082</ele>
        <time>2026-07-05T10:18:25.000Z</time>
      </trkpt>
      <trkpt lat="52.465768" lon="13.456074">
        <ele>45.623435</ele>
        <time>2026-07-05T10:18:27.000Z</time>
      </trkpt>
      <trkpt lat="52.465704" lon="13.455903">
        <ele>45.526133</ele>
        <time>2026-07-05T10:18:29.000Z</time>
      </trkpt>
      <trkpt lat="52.465641" lon="13.455730">
        <ele>45.428414</ele>
        <time>2026-07-05T10:18:31.000Z</time>
      </trkpt>
      <trkpt lat="52.465589" lon="13.455552">
        <ele>45.332703</ele>
        <time>2026-07-05T10:18:33.000Z</time>
      </trkpt>
      <trkpt lat="52.465534" lon="13.455364">
        <ele>45.231589</ele>
        <time>2026-07-05T10:18:35.000Z</time>
      </trkpt>
      <trkpt lat="52.465488" lon="13.455182">
        <ele>45.136055</ele>
        <time>2026-07-05T10:18:37.000Z</time>
      </trkpt>
      <trkpt lat="52.465446" lon="13.455006">
        <ele>45.044410</ele>
        <time>2026-07-05T10:18:39.000Z</time>
      </trkpt>
      <trkpt lat="52.465404" lon="13.454833">
        <ele>44.954118</ele>
        <time>2026-07-05T10:18:41.000Z</time>
      </trkpt>
      <trkpt lat="52.465374" lon="13.454656">
        <ele>44.865042</ele>
        <time>2026-07-05T10:18:43.000Z</time>
      </trkpt>
      <trkpt lat="52.465343" lon="13.454495">
        <ele>44.783177</ele>
        <time>2026-07-05T10:18:45.000Z</time>
      </trkpt>
      <trkpt lat="52.465341" lon="13.454344">
        <ele>44.709948</ele>
        <time>2026-07-05T10:18:47.000Z</time>
      </trkpt>
      <trkpt lat="52.465325" lon="13.454192">
        <ele>44.635160</ele>
        <time>2026-07-05T10:18:49.000Z</time>
      </trkpt>
      <trkpt lat="52.465312" lon="13.454040">
        <ele>44.560741</ele>
        <time>2026-07-05T10:18:51.000Z</time>
      </trkpt>
      <trkpt lat="52.465300" lon="13.453836">
        <ele>44.306074</ele>
        <time>2026-07-05T10:18:54.000Z</time>
      </trkpt>
      <trkpt lat="52.465109" lon="13.453664">
        <ele>43.521700</ele>
        <time>2026-07-05T10:18:57.000Z</time>
      </trkpt>
      <trkpt lat="52.465015" lon="13.453658">
        <ele>43.183007</ele>
        <time>2026-07-05T10:19:00.000Z</time>
      </trkpt>
      <trkpt lat="52.464877" lon="13.453702">
        <ele>42.676865</ele>
        <time>2026-07-05T10:19:03.000Z</time>
      </trkpt>
      <trkpt lat="52.464766" lon="13.453695">
        <ele>42.276926</ele>
        <time>2026-07-05T10:19:05.000Z</time>
      </trkpt>
      <trkpt lat="52.464691" lon="13.453596">
        <ele>41.930408</ele>
        <time>2026-07-05T10:19:07.000Z</time>
      </trkpt>
      <trkpt lat="52.464639" lon="13.453411">
        <ele>41.483497</ele>
        <time>2026-07-05T10:19:09.000Z</time>
      </trkpt>
      <trkpt lat="52.464585" lon="13.453202">
        <ele>40.985524</ele>
        <time>2026-07-05T10:19:11.000Z</time>
      </trkpt>
      <trkpt lat="52.464537" lon="13.453011">
        <ele>40.532313</ele>
        <time>2026-07-05T10:19:13.000Z</time>
      </trkpt>
      <trkpt lat="52.464439" lon="13.452947">
        <ele>40.152571</ele>
        <time>2026-07-05T10:19:15.000Z</time>
      </trkpt>
      <trkpt lat="52.464324" lon="13.452962">
        <ele>39.737220</ele>
        <time>2026-07-05T10:19:17.000Z</time>
      </trkpt>
      <trkpt lat="52.464232" lon="13.453097">
        <ele>39.292911</ele>
        <time>2026-07-05T10:19:19.000Z</time>
      </trkpt>
      <trkpt lat="52.464134" lon="13.453218">
        <ele>38.851386</ele>
        <time>2026-07-05T10:19:21.000Z</time>
      </trkpt>
      <trkpt lat="52.464025" lon="13.453314">
        <ele>38.406013</ele>
        <time>2026-07-05T10:19:23.000Z</time>
      </trkpt>
      <trkpt lat="52.463894" lon="13.453365">
        <ele>38.049787</ele>
        <time>2026-07-05T10:19:25.000Z</time>
      </trkpt>
      <trkpt lat="52.463774" lon="13.453338">
        <ele>38.130998</ele>
        <time>2026-07-05T10:19:27.000Z</time>
      </trkpt>
      <trkpt lat="52.463634" lon="13.453318">
        <ele>38.225220</ele>
        <time>2026-07-05T10:19:29.000Z</time>
      </trkpt>
      <trkpt lat="52.463512" lon="13.453267">
        <ele>38.309631</ele>
        <time>2026-07-05T10:19:31.000Z</time>
      </trkpt>
      <trkpt lat="52.463379" lon="13.453283">
        <ele>38.399044</ele>
        <time>2026-07-05T10:19:33.000Z</time>
      </trkpt>
      <trkpt lat="52.463244" lon="13.453296">
        <ele>38.489715</ele>
        <time>2026-07-05T10:19:35.000Z</time>
      </trkpt>
      <trkpt lat="52.463118" lon="13.453321">
        <ele>38.574811</ele>
        <time>2026-07-05T10:19:37.000Z</time>
      </trkpt>
      <trkpt lat="52.462990" lon="13.453364">
        <ele>38.662413</ele>
        <time>2026-07-05T10:19:39.000Z</time>
      </trkpt>
      <trkpt lat="52.462871" lon="13.453447">
        <ele>38.749106</ele>
        <time>2026-07-05T10:19:41.000Z</time>
      </trkpt>
      <trkpt lat="52.462801" lon="13.453696">
        <ele>38.861130</ele>
        <time>2026-07-05T10:19:43.000Z</time>
      </trkpt>
      <trkpt lat="52.462710" lon="13.453805">
        <ele>38.936665</ele>
        <time>2026-07-05T10:19:45.000Z</time>
      </trkpt>
      <trkpt lat="52.462616" lon="13.453926">
        <ele>39.016762</ele>
        <time>2026-07-05T10:19:47.000Z</time>
      </trkpt>
      <trkpt lat="52.462536" lon="13.454059">
        <ele>39.093110</ele>
        <time>2026-07-05T10:19:49.000Z</time>
      </trkpt>
      <trkpt lat="52.462459" lon="13.454201">
        <ele>39.170766</ele>
        <time>2026-07-05T10:19:51.000Z</time>
      </trkpt>
      <trkpt lat="52.462385" lon="13.454360">
        <ele>39.231288</ele>
        <time>2026-07-05T10:19:53.000Z</time>
      </trkpt>
      <trkpt lat="52.462299" lon="13.454543">
        <ele>39.207387</ele>
        <time>2026-07-05T10:19:55.000Z</time>
      </trkpt>
      <trkpt lat="52.462205" lon="13.454715">
        <ele>39.183492</ele>
        <time>2026-07-05T10:19:57.000Z</time>
      </trkpt>
      <trkpt lat="52.462097" lon="13.454897">
        <ele>39.157218</ele>
        <time>2026-07-05T10:19:59.000Z</time>
      </trkpt>
      <trkpt lat="52.461992" lon="13.455052">
        <ele>39.133247</ele>
        <time>2026-07-05T10:20:01.000Z</time>
      </trkpt>
      <trkpt lat="52.461883" lon="13.455195">
        <ele>39.109562</ele>
        <time>2026-07-05T10:20:03.000Z</time>
      </trkpt>
      <trkpt lat="52.461812" lon="13.455314">
        <ele>39.092337</ele>
        <time>2026-07-05T10:20:05.000Z</time>
      </trkpt>
      <trkpt lat="52.461687" lon="13.455433">
        <ele>39.067809</ele>
        <time>2026-07-05T10:20:06.000Z</time>
      </trkpt>
      <trkpt lat="52.461563" lon="13.455534">
        <ele>39.044312</ele>
        <time>2026-07-05T10:20:08.000Z</time>
      </trkpt>
      <trkpt lat="52.461455" lon="13.455616">
        <ele>39.024114</ele>
        <time>2026-07-05T10:20:10.000Z</time>
      </trkpt>
      <trkpt lat="52.461026" lon="13.455016">
        <ele>38.924780</ele>
        <time>2026-07-05T10:20:18.000Z</time>
      </trkpt>
      <trkpt lat="52.460972" lon="13.454840">
        <ele>38.863686</ele>
        <time>2026-07-05T10:20:21.000Z</time>
      </trkpt>
      <trkpt lat="52.460909" lon="13.454664">
        <ele>38.800400</ele>
        <time>2026-07-05T10:20:24.000Z</time>
      </trkpt>
      <trkpt lat="52.460850" lon="13.454534">
        <ele>38.750143</ele>
        <time>2026-07-05T10:20:26.000Z</time>
      </trkpt>
      <trkpt lat="52.460791" lon="13.454372">
        <ele>38.691629</ele>
        <time>2026-07-05T10:20:28.000Z</time>
      </trkpt>
      <trkpt lat="52.460749" lon="13.454189">
        <ele>38.631000</ele>
        <time>2026-07-05T10:20:30.000Z</time>
      </trkpt>
      <trkpt lat="52.460699" lon="13.453990">
        <ele>38.564263</ele>
        <time>2026-07-05T10:20:32.000Z</time>
      </trkpt>
      <trkpt lat="52.460652" lon="13.453784">
        <ele>38.496065</ele>
        <time>2026-07-05T10:20:34.000Z</time>
      </trkpt>
      <trkpt lat="52.460615" lon="13.453591">
        <ele>38.433336</ele>
        <time>2026-07-05T10:20:36.000Z</time>
      </trkpt>
      <trkpt lat="52.460613" lon="13.453377">
        <ele>38.366980</ele>
        <time>2026-07-05T10:20:38.000Z</time>
      </trkpt>
      <trkpt lat="52.460586" lon="13.453176">
        <ele>38.303166</ele>
        <time>2026-07-05T10:20:40.000Z</time>
      </trkpt>
      <trkpt lat="52.460590" lon="13.452941">
        <ele>38.230278</ele>
        <time>2026-07-05T10:20:42.000Z</time>
      </trkpt>
      <trkpt lat="52.460544" lon="13.452737">
        <ele>38.162838</ele>
        <time>2026-07-05T10:20:44.000Z</time>
      </trkpt>
      <trkpt lat="52.460502" lon="13.452543">
        <ele>38.099007</ele>
        <time>2026-07-05T10:20:46.000Z</time>
      </trkpt>
      <trkpt lat="52.460456" lon="13.452333">
        <ele>38.029819</ele>
        <time>2026-07-05T10:20:48.000Z</time>
      </trkpt>
      <trkpt lat="52.460411" lon="13.452132">
        <ele>38.083904</ele>
        <time>2026-07-05T10:20:50.000Z</time>
      </trkpt>
      <trkpt lat="52.460369" lon="13.451940">
        <ele>38.168234</ele>
        <time>2026-07-05T10:20:52.000Z</time>
      </trkpt>
      <trkpt lat="52.460329" lon="13.451765">
        <ele>38.245500</ele>
        <time>2026-07-05T10:20:54.000Z</time>
      </trkpt>
      <trkpt lat="52.460291" lon="13.451603">
        <ele>38.317260</ele>
        <time>2026-07-05T10:20:56.000Z</time>
      </trkpt>
      <trkpt lat="52.460256" lon="13.451460">
        <ele>38.380966</ele>
        <time>2026-07-05T10:20:58.000Z</time>
      </trkpt>
      <trkpt lat="52.460209" lon="13.451260">
        <ele>38.469580</ele>
        <time>2026-07-05T10:21:01.000Z</time>
      </trkpt>
      <trkpt lat="52.460177" lon="13.451111">
        <ele>38.534890</ele>
        <time>2026-07-05T10:21:03.000Z</time>
      </trkpt>
      <trkpt lat="52.460140" lon="13.450895">
        <ele>38.627643</ele>
        <time>2026-07-05T10:21:06.000Z</time>
      </trkpt>
      <trkpt lat="52.460161" lon="13.450682">
        <ele>38.716841</ele>
        <time>2026-07-05T10:21:09.000Z</time>
      </trkpt>
      <trkpt lat="52.460227" lon="13.450562">
        <ele>38.783668</ele>
        <time>2026-07-05T10:21:11.000Z</time>
      </trkpt>
      <trkpt lat="52.460318" lon="13.450476">
        <ele>38.854912</ele>
        <time>2026-07-05T10:21:13.000Z</time>
      </trkpt>
      <trkpt lat="52.460426" lon="13.450403">
        <ele>38.934156</ele>
        <time>2026-07-05T10:21:15.000Z</time>
      </trkpt>
      <trkpt lat="52.460534" lon="13.450321">
        <ele>39.014890</ele>
        <time>2026-07-05T10:21:17.000Z</time>
      </trkpt>
      <trkpt lat="52.460641" lon="13.450240">
        <ele>39.094835</ele>
        <time>2026-07-05T10:21:19.000Z</time>
      </trkpt>
      <trkpt lat="52.460748" lon="13.450160">
        <ele>39.174607</ele>
        <time>2026-07-05T10:21:21.000Z</time>
      </trkpt>
      <trkpt lat="52.460828" lon="13.450070">
        <ele>39.245757</ele>
        <time>2026-07-05T10:21:23.000Z</time>
      </trkpt>
      <trkpt lat="52.460785" lon="13.449616">
        <ele>39.636596</ele>
        <time>2026-07-05T10:21:25.000Z</time>
      </trkpt>
      <trkpt lat="52.460738" lon="13.449441">
        <ele>39.799282</ele>
        <time>2026-07-05T10:21:27.000Z</time>
      </trkpt>
      <trkpt lat="52.460693" lon="13.449271">
        <ele>39.956952</ele>
        <time>2026-07-05T10:21:29.000Z</time>
      </trkpt>
      <trkpt lat="52.460649" lon="13.449103">
        <ele>40.112507</ele>
        <time>2026-07-05T10:21:31.000Z</time>
      </trkpt>
      <trkpt lat="52.460603" lon="13.448929">
        <ele>40.273854</ele>
        <time>2026-07-05T10:21:33.000Z</time>
      </trkpt>
      <trkpt lat="52.460556" lon="13.448752">
        <ele>40.438099</ele>
        <time>2026-07-05T10:21:35.000Z</time>
      </trkpt>
      <trkpt lat="52.460512" lon="13.448586">
        <ele>40.592092</ele>
        <time>2026-07-05T10:21:37.000Z</time>
      </trkpt>
      <trkpt lat="52.460460" lon="13.448442">
        <ele>40.734486</ele>
        <time>2026-07-05T10:21:39.000Z</time>
      </trkpt>
      <trkpt lat="52.460418" lon="13.448297">
        <ele>40.871061</ele>
        <time>2026-07-05T10:21:41.000Z</time>
      </trkpt>
      <trkpt lat="52.460388" lon="13.448151">
        <ele>41.002131</ele>
        <time>2026-07-05T10:21:43.000Z</time>
      </trkpt>
      <trkpt lat="52.460349" lon="13.448018">
        <ele>41.127690</ele>
        <time>2026-07-05T10:21:45.000Z</time>
      </trkpt>
      <trkpt lat="52.460309" lon="13.447870">
        <ele>41.265419</ele>
        <time>2026-07-05T10:21:47.000Z</time>
      </trkpt>
      <trkpt lat="52.460271" lon="13.447717">
        <ele>41.405969</ele>
        <time>2026-07-05T10:21:49.000Z</time>
      </trkpt>
      <trkpt lat="52.460223" lon="13.447570">
        <ele>41.547842</ele>
        <time>2026-07-05T10:21:51.000Z</time>
      </trkpt>
      <trkpt lat="52.460197" lon="13.447402">
        <ele>41.695293</ele>
        <time>2026-07-05T10:21:53.000Z</time>
      </trkpt>
      <trkpt lat="52.460150" lon="13.447264">
        <ele>41.750524</ele>
        <time>2026-07-05T10:21:55.000Z</time>
      </trkpt>
      <trkpt lat="52.460127" lon="13.447120">
        <ele>41.756674</ele>
        <time>2026-07-05T10:21:57.000Z</time>
      </trkpt>
      <trkpt lat="52.460013" lon="13.446707">
        <ele>41.775405</ele>
        <time>2026-07-05T10:22:36.000Z</time>
      </trkpt>
      <trkpt lat="52.459884" lon="13.446739">
        <ele>41.784250</ele>
        <time>2026-07-05T10:22:39.000Z</time>
      </trkpt>
      <trkpt lat="52.459795" lon="13.446818">
        <ele>41.791110</ele>
        <time>2026-07-05T10:22:41.000Z</time>
      </trkpt>
      <trkpt lat="52.459706" lon="13.446879">
        <ele>41.797650</ele>
        <time>2026-07-05T10:22:43.000Z</time>
      </trkpt>
      <trkpt lat="52.459607" lon="13.446957">
        <ele>41.805095</ele>
        <time>2026-07-05T10:22:44.999Z</time>
      </trkpt>
      <trkpt lat="52.459505" lon="13.447042">
        <ele>41.812851</ele>
        <time>2026-07-05T10:22:46.999Z</time>
      </trkpt>
      <trkpt lat="52.459390" lon="13.447123">
        <ele>41.821336</ele>
        <time>2026-07-05T10:22:48.999Z</time>
      </trkpt>
      <trkpt lat="52.459275" lon="13.447207">
        <ele>41.829871</ele>
        <time>2026-07-05T10:22:50.999Z</time>
      </trkpt>
      <trkpt lat="52.459153" lon="13.447301">
        <ele>41.839009</ele>
        <time>2026-07-05T10:22:52.999Z</time>
      </trkpt>
      <trkpt lat="52.459029" lon="13.447392">
        <ele>41.848218</ele>
        <time>2026-07-05T10:22:55.000Z</time>
      </trkpt>
      <trkpt lat="52.458902" lon="13.447482">
        <ele>41.857597</ele>
        <time>2026-07-05T10:22:57.000Z</time>
      </trkpt>
      <trkpt lat="52.458798" lon="13.447576">
        <ele>41.865647</ele>
        <time>2026-07-05T10:22:59.000Z</time>
      </trkpt>
      <trkpt lat="52.458726" lon="13.447733">
        <ele>41.875768</ele>
        <time>2026-07-05T10:23:01.000Z</time>
      </trkpt>
      <trkpt lat="52.458593" lon="13.447809">
        <ele>41.888899</ele>
        <time>2026-07-05T10:23:03.000Z</time>
      </trkpt>
      <trkpt lat="52.458456" lon="13.447930">
        <ele>41.903405</ele>
        <time>2026-07-05T10:23:05.000Z</time>
      </trkpt>
      <trkpt lat="52.458325" lon="13.448011">
        <ele>41.916457</ele>
        <time>2026-07-05T10:23:07.000Z</time>
      </trkpt>
      <trkpt lat="52.458187" lon="13.448105">
        <ele>41.930388</ele>
        <time>2026-07-05T10:23:09.000Z</time>
      </trkpt>
      <trkpt lat="52.458051" lon="13.448184">
        <ele>41.943839</ele>
        <time>2026-07-05T10:23:11.000Z</time>
      </trkpt>
      <trkpt lat="52.457923" lon="13.448252">
        <ele>41.956384</ele>
        <time>2026-07-05T10:23:13.000Z</time>
      </trkpt>
      <trkpt lat="52.457802" lon="13.448323">
        <ele>41.968365</ele>
        <time>2026-07-05T10:23:15.000Z</time>
      </trkpt>
      <trkpt lat="52.457693" lon="13.448405">
        <ele>41.979545</ele>
        <time>2026-07-05T10:23:17.000Z</time>
      </trkpt>
      <trkpt lat="52.457595" lon="13.448454">
        <ele>41.989097</ele>
        <time>2026-07-05T10:23:19.000Z</time>
      </trkpt>
      <trkpt lat="52.457500" lon="13.448528">
        <ele>41.998902</ele>
        <time>2026-07-05T10:23:22.000Z</time>
      </trkpt>
      <trkpt lat="52.457416" lon="13.448587">
        <ele>42.007421</ele>
        <time>2026-07-05T10:23:27.000Z</time>
      </trkpt>
      <trkpt lat="52.457322" lon="13.448666">
        <ele>42.017268</ele>
        <time>2026-07-05T10:23:30.000Z</time>
      </trkpt>
      <trkpt lat="52.457193" lon="13.448745">
        <ele>42.030106</ele>
        <time>2026-07-05T10:23:33.000Z</time>
      </trkpt>
      <trkpt lat="52.457096" lon="13.448826">
        <ele>42.064281</ele>
        <time>2026-07-05T10:23:35.000Z</time>
      </trkpt>
      <trkpt lat="52.457000" lon="13.448907">
        <ele>42.132990</ele>
        <time>2026-07-05T10:23:37.000Z</time>
      </trkpt>
      <trkpt lat="52.456900" lon="13.448975">
        <ele>42.201889</ele>
        <time>2026-07-05T10:23:39.000Z</time>
      </trkpt>
      <trkpt lat="52.456796" lon="13.449052">
        <ele>42.274511</ele>
        <time>2026-07-05T10:23:41.000Z</time>
      </trkpt>
      <trkpt lat="52.456683" lon="13.449135">
        <ele>42.353312</ele>
        <time>2026-07-05T10:23:43.000Z</time>
      </trkpt>
      <trkpt lat="52.456571" lon="13.449222">
        <ele>42.432185</ele>
        <time>2026-07-05T10:23:45.000Z</time>
      </trkpt>
      <trkpt lat="52.456463" lon="13.449318">
        <ele>42.510364</ele>
        <time>2026-07-05T10:23:47.000Z</time>
      </trkpt>
      <trkpt lat="52.456357" lon="13.449417">
        <ele>42.587996</ele>
        <time>2026-07-05T10:23:49.000Z</time>
      </trkpt>
      <trkpt lat="52.456244" lon="13.449511">
        <ele>42.668635</ele>
        <time>2026-07-05T10:23:51.000Z</time>
      </trkpt>
      <trkpt lat="52.456132" lon="13.449595">
        <ele>42.747016</ele>
        <time>2026-07-05T10:23:53.000Z</time>
      </trkpt>
      <trkpt lat="52.456017" lon="13.449678">
        <ele>42.826981</ele>
        <time>2026-07-05T10:23:55.000Z</time>
      </trkpt>
      <trkpt lat="52.455907" lon="13.449759">
        <ele>42.903723</ele>
        <time>2026-07-05T10:23:57.000Z</time>
      </trkpt>
      <trkpt lat="52.455797" lon="13.449853">
        <ele>42.982664</ele>
        <time>2026-07-05T10:23:59.000Z</time>
      </trkpt>
      <trkpt lat="52.455679" lon="13.449940">
        <ele>43.065004</ele>
        <time>2026-07-05T10:24:01.000Z</time>
      </trkpt>
      <trkpt lat="52.455562" lon="13.450027">
        <ele>43.146765</ele>
        <time>2026-07-05T10:24:03.000Z</time>
      </trkpt>
      <trkpt lat="52.455448" lon="13.450120">
        <ele>43.149414</ele>
        <time>2026-07-05T10:24:05.000Z</time>
      </trkpt>
      <trkpt lat="52.455328" lon="13.450205">
        <ele>43.093312</ele>
        <time>2026-07-05T10:24:07.000Z</time>
      </trkpt>
      <trkpt lat="52.455205" lon="13.450299">
        <ele>43.035070</ele>
        <time>2026-07-05T10:24:09.000Z</time>
      </trkpt>
      <trkpt lat="52.455081" lon="13.450396">
        <ele>42.976106</ele>
        <time>2026-07-05T10:24:11.000Z</time>
      </trkpt>
      <trkpt lat="52.454948" lon="13.450486">
        <ele>42.914353</ele>
        <time>2026-07-05T10:24:13.000Z</time>
      </trkpt>
      <trkpt lat="52.454813" lon="13.450581">
        <ele>42.851302</ele>
        <time>2026-07-05T10:24:15.000Z</time>
      </trkpt>
      <trkpt lat="52.454680" lon="13.450682">
        <ele>42.788396</ele>
        <time>2026-07-05T10:24:17.000Z</time>
      </trkpt>
      <trkpt lat="52.454542" lon="13.450787">
        <ele>42.723103</ele>
        <time>2026-07-05T10:24:19.000Z</time>
      </trkpt>
      <trkpt lat="52.454401" lon="13.450891">
        <ele>42.656746</ele>
        <time>2026-07-05T10:24:21.000Z</time>
      </trkpt>
      <trkpt lat="52.454259" lon="13.450998">
        <ele>42.589675</ele>
        <time>2026-07-05T10:24:23.000Z</time>
      </trkpt>
      <trkpt lat="52.454119" lon="13.451101">
        <ele>42.523818</ele>
        <time>2026-07-05T10:24:25.000Z</time>
      </trkpt>
      <trkpt lat="52.453981" lon="13.451197">
        <ele>42.459479</ele>
        <time>2026-07-05T10:24:27.000Z</time>
      </trkpt>
      <trkpt lat="52.453849" lon="13.451293">
        <ele>42.399547</ele>
        <time>2026-07-05T10:24:29.000Z</time>
      </trkpt>
      <trkpt lat="52.453713" lon="13.451387">
        <ele>42.347534</ele>
        <time>2026-07-05T10:24:31.000Z</time>
      </trkpt>
      <trkpt lat="52.453574" lon="13.451474">
        <ele>42.295098</ele>
        <time>2026-07-05T10:24:33.000Z</time>
      </trkpt>
      <trkpt lat="52.453435" lon="13.451562">
        <ele>42.242586</ele>
        <time>2026-07-05T10:24:35.000Z</time>
      </trkpt>
      <trkpt lat="52.453290" lon="13.451656">
        <ele>42.187635</ele>
        <time>2026-07-05T10:24:37.000Z</time>
      </trkpt>
      <trkpt lat="52.453139" lon="13.451721">
        <ele>42.132612</ele>
        <time>2026-07-05T10:24:39.000Z</time>
      </trkpt>
      <trkpt lat="52.452992" lon="13.451798">
        <ele>42.078224</ele>
        <time>2026-07-05T10:24:41.000Z</time>
      </trkpt>
      <trkpt lat="52.452843" lon="13.451890">
        <ele>42.022112</ele>
        <time>2026-07-05T10:24:43.000Z</time>
      </trkpt>
      <trkpt lat="52.452696" lon="13.451965">
        <ele>41.967854</ele>
        <time>2026-07-05T10:24:45.000Z</time>
      </trkpt>
      <trkpt lat="52.452539" lon="13.452002">
        <ele>41.911949</ele>
        <time>2026-07-05T10:24:47.000Z</time>
      </trkpt>
      <trkpt lat="52.452391" lon="13.452053">
        <ele>41.858646</ele>
        <time>2026-07-05T10:24:49.000Z</time>
      </trkpt>
      <trkpt lat="52.452252" lon="13.452138">
        <ele>41.806363</ele>
        <time>2026-07-05T10:24:51.000Z</time>
      </trkpt>
      <trkpt lat="52.452120" lon="13.452189">
        <ele>41.894152</ele>
        <time>2026-07-05T10:24:53.000Z</time>
      </trkpt>
      <trkpt lat="52.452026" lon="13.452217">
        <ele>42.138739</ele>
        <time>2026-07-05T10:24:55.000Z</time>
      </trkpt>
      <trkpt lat="52.452028" lon="13.452058">
        <ele>42.386866</ele>
        <time>2026-07-05T10:24:59.000Z</time>
      </trkpt>
      <trkpt lat="52.452002" lon="13.451882">
        <ele>42.669417</ele>
        <time>2026-07-05T10:25:02.000Z</time>
      </trkpt>
      <trkpt lat="52.451976" lon="13.451704">
        <ele>42.955002</ele>
        <time>2026-07-05T10:25:05.000Z</time>
      </trkpt>
      <trkpt lat="52.451938" lon="13.451526">
        <ele>43.249268</ele>
        <time>2026-07-05T10:25:08.000Z</time>
      </trkpt>
      <trkpt lat="52.451923" lon="13.451375">
        <ele>43.487970</ele>
        <time>2026-07-05T10:25:10.000Z</time>
      </trkpt>
      <trkpt lat="52.451890" lon="13.451220">
        <ele>43.744137</ele>
        <time>2026-07-05T10:25:12.000Z</time>
      </trkpt>
      <trkpt lat="52.451868" lon="13.451063">
        <ele>43.995484</ele>
        <time>2026-07-05T10:25:14.000Z</time>
      </trkpt>
      <trkpt lat="52.451840" lon="13.450910">
        <ele>44.244729</ele>
        <time>2026-07-05T10:25:16.000Z</time>
      </trkpt>
      <trkpt lat="52.451813" lon="13.450741">
        <ele>44.517317</ele>
        <time>2026-07-05T10:25:18.000Z</time>
      </trkpt>
      <trkpt lat="52.451779" lon="13.450579">
        <ele>44.784642</ele>
        <time>2026-07-05T10:25:20.000Z</time>
      </trkpt>
      <trkpt lat="52.451754" lon="13.450421">
        <ele>45.039331</ele>
        <time>2026-07-05T10:25:22.000Z</time>
      </trkpt>
      <trkpt lat="52.451716" lon="13.450261">
        <ele>45.307254</ele>
        <time>2026-07-05T10:25:24.000Z</time>
      </trkpt>
      <trkpt lat="52.451699" lon="13.450110">
        <ele>45.546835</ele>
        <time>2026-07-05T10:25:26.000Z</time>
      </trkpt>
      <trkpt lat="52.451671" lon="13.449955">
        <ele>45.799071</ele>
        <time>2026-07-05T10:25:28.000Z</time>
      </trkpt>
      <trkpt lat="52.451648" lon="13.449808">
        <ele>46.035863</ele>
        <time>2026-07-05T10:25:30.000Z</time>
      </trkpt>
      <trkpt lat="52.451628" lon="13.449661">
        <ele>46.270863</ele>
        <time>2026-07-05T10:25:32.000Z</time>
      </trkpt>
      <trkpt lat="52.451573" lon="13.449466">
        <ele>46.427960</ele>
        <time>2026-07-05T10:25:35.000Z</time>
      </trkpt>
      <trkpt lat="52.451443" lon="13.449473">
        <ele>46.498868</ele>
        <time>2026-07-05T10:25:38.000Z</time>
      </trkpt>
      <trkpt lat="52.451320" lon="13.449444">
        <ele>46.566612</ele>
        <time>2026-07-05T10:25:41.000Z</time>
      </trkpt>
      <trkpt lat="52.451307" lon="13.449259">
        <ele>46.628483</ele>
        <time>2026-07-05T10:25:43.000Z</time>
      </trkpt>
      <trkpt lat="52.451351" lon="13.449073">
        <ele>46.694772</ele>
        <time>2026-07-05T10:25:45.000Z</time>
      </trkpt>
      <trkpt lat="52.451339" lon="13.448905">
        <ele>46.750970</ele>
        <time>2026-07-05T10:25:47.000Z</time>
      </trkpt>
      <trkpt lat="52.451326" lon="13.448728">
        <ele>46.810202</ele>
        <time>2026-07-05T10:25:49.000Z</time>
      </trkpt>
      <trkpt lat="52.451314" lon="13.448571">
        <ele>46.862772</ele>
        <time>2026-07-05T10:25:51.000Z</time>
      </trkpt>
      <trkpt lat="52.451285" lon="13.448383">
        <ele>46.927202</ele>
        <time>2026-07-05T10:25:53.000Z</time>
      </trkpt>
      <trkpt lat="52.451270" lon="13.448221">
        <ele>46.981643</ele>
        <time>2026-07-05T10:25:55.000Z</time>
      </trkpt>
      <trkpt lat="52.451269" lon="13.448025">
        <ele>47.046764</ele>
        <time>2026-07-05T10:25:58.000Z</time>
      </trkpt>
      <trkpt lat="52.451135" lon="13.448063">
        <ele>47.120898</ele>
        <time>2026-07-05T10:25:59.000Z</time>
      </trkpt>
      <trkpt lat="52.451037" lon="13.448131">
        <ele>47.178904</ele>
        <time>2026-07-05T10:26:01.000Z</time>
      </trkpt>
      <trkpt lat="52.450927" lon="13.448170">
        <ele>47.240256</ele>
        <time>2026-07-05T10:26:03.000Z</time>
      </trkpt>
      <trkpt lat="52.450810" lon="13.448205">
        <ele>47.305091</ele>
        <time>2026-07-05T10:26:05.000Z</time>
      </trkpt>
      <trkpt lat="52.450685" lon="13.448242">
        <ele>47.345641</ele>
        <time>2026-07-05T10:26:07.000Z</time>
      </trkpt>
      <trkpt lat="52.450559" lon="13.448282">
        <ele>47.272510</ele>
        <time>2026-07-05T10:26:09.000Z</time>
      </trkpt>
      <trkpt lat="52.450427" lon="13.448311">
        <ele>47.196619</ele>
        <time>2026-07-05T10:26:11.000Z</time>
      </trkpt>
      <trkpt lat="52.450303" lon="13.448346">
        <ele>47.124921</ele>
        <time>2026-07-05T10:26:13.000Z</time>
      </trkpt>
      <trkpt lat="52.450171" lon="13.448377">
        <ele>47.048935</ele>
        <time>2026-07-05T10:26:15.000Z</time>
      </trkpt>
      <trkpt lat="52.450036" lon="13.448418">
        <ele>46.970700</ele>
        <time>2026-07-05T10:26:17.000Z</time>
      </trkpt>
      <trkpt lat="52.449897" lon="13.448445">
        <ele>46.890939</ele>
        <time>2026-07-05T10:26:19.000Z</time>
      </trkpt>
      <trkpt lat="52.449757" lon="13.448474">
        <ele>46.810528</ele>
        <time>2026-07-05T10:26:21.000Z</time>
      </trkpt>
      <trkpt lat="52.449619" lon="13.448508">
        <ele>46.731008</ele>
        <time>2026-07-05T10:26:23.000Z</time>
      </trkpt>
      <trkpt lat="52.449478" lon="13.448535">
        <ele>46.650115</ele>
        <time>2026-07-05T10:26:25.000Z</time>
      </trkpt>
      <trkpt lat="52.449341" lon="13.448567">
        <ele>46.571259</ele>
        <time>2026-07-05T10:26:27.000Z</time>
      </trkpt>
      <trkpt lat="52.449206" lon="13.448597">
        <ele>46.493628</ele>
        <time>2026-07-05T10:26:29.000Z</time>
      </trkpt>
      <trkpt lat="52.449083" lon="13.448624">
        <ele>46.422913</ele>
        <time>2026-07-05T10:26:31.000Z</time>
      </trkpt>
      <trkpt lat="52.449034" lon="13.448489">
        <ele>46.368343</ele>
        <time>2026-07-05T10:26:34.000Z</time>
      </trkpt>
      <trkpt lat="52.449022" lon="13.448316">
        <ele>46.373366</ele>
        <time>2026-07-05T10:26:36.000Z</time>
      </trkpt>
      <trkpt lat="52.449029" lon="13.448150">
        <ele>46.453254</ele>
        <time>2026-07-05T10:26:38.000Z</time>
      </trkpt>
      <trkpt lat="52.448992" lon="13.447977">
        <ele>46.541277</ele>
        <time>2026-07-05T10:26:40.000Z</time>
      </trkpt>
      <trkpt lat="52.448975" lon="13.447794">
        <ele>46.630151</ele>
        <time>2026-07-05T10:26:42.000Z</time>
      </trkpt>
      <trkpt lat="52.448916" lon="13.447619">
        <ele>46.726167</ele>
        <time>2026-07-05T10:26:44.000Z</time>
      </trkpt>
      <trkpt lat="52.448837" lon="13.447478">
        <ele>46.818120</ele>
        <time>2026-07-05T10:26:46.000Z</time>
      </trkpt>
      <trkpt lat="52.448755" lon="13.447343">
        <ele>46.909626</ele>
        <time>2026-07-05T10:26:48.000Z</time>
      </trkpt>
      <trkpt lat="52.448665" lon="13.447220">
        <ele>47.001895</ele>
        <time>2026-07-05T10:26:50.000Z</time>
      </trkpt>
      <trkpt lat="52.448559" lon="13.447120">
        <ele>47.098214</ele>
        <time>2026-07-05T10:26:52.000Z</time>
      </trkpt>
      <trkpt lat="52.448444" lon="13.447046">
        <ele>47.195522</ele>
        <time>2026-07-05T10:26:54.000Z</time>
      </trkpt>
      <trkpt lat="52.448335" lon="13.446987">
        <ele>47.285938</ele>
        <time>2026-07-05T10:26:56.000Z</time>
      </trkpt>
      <trkpt lat="52.448224" lon="13.446985">
        <ele>47.373383</ele>
        <time>2026-07-05T10:26:58.000Z</time>
      </trkpt>
      <trkpt lat="52.448237" lon="13.446752">
        <ele>47.485716</ele>
        <time>2026-07-05T10:27:02.000Z</time>
      </trkpt>
      <trkpt lat="52.448227" lon="13.446596">
        <ele>47.561027</ele>
        <time>2026-07-05T10:27:04.000Z</time>
      </trkpt>
      <trkpt lat="52.448289" lon="13.446443">
        <ele>47.649239</ele>
        <time>2026-07-05T10:27:06.000Z</time>
      </trkpt>
      <trkpt lat="52.448332" lon="13.446272">
        <ele>47.738051</ele>
        <time>2026-07-05T10:27:08.000Z</time>
      </trkpt>
      <trkpt lat="52.448374" lon="13.446093">
        <ele>47.702140</ele>
        <time>2026-07-05T10:27:10.000Z</time>
      </trkpt>
      <trkpt lat="52.448384" lon="13.445890">
        <ele>47.639275</ele>
        <time>2026-07-05T10:27:12.000Z</time>
      </trkpt>
      <trkpt lat="52.448373" lon="13.445700">
        <ele>47.580362</ele>
        <time>2026-07-05T10:27:14.000Z</time>
      </trkpt>
      <trkpt lat="52.448353" lon="13.445516">
        <ele>47.522670</ele>
        <time>2026-07-05T10:27:16.000Z</time>
      </trkpt>
      <trkpt lat="52.448344" lon="13.445328">
        <ele>47.464460</ele>
        <time>2026-07-05T10:27:18.000Z</time>
      </trkpt>
      <trkpt lat="52.448386" lon="13.445147">
        <ele>47.404678</ele>
        <time>2026-07-05T10:27:20.000Z</time>
      </trkpt>
      <trkpt lat="52.448401" lon="13.444977">
        <ele>47.351656</ele>
        <time>2026-07-05T10:27:22.000Z</time>
      </trkpt>
      <trkpt lat="52.448125" lon="13.444818">
        <ele>47.203508</ele>
        <time>2026-07-05T10:27:28.000Z</time>
      </trkpt>
      <trkpt lat="52.448011" lon="13.444793">
        <ele>47.145258</ele>
        <time>2026-07-05T10:27:30.000Z</time>
      </trkpt>
      <trkpt lat="52.447889" lon="13.444774">
        <ele>47.083192</ele>
        <time>2026-07-05T10:27:32.000Z</time>
      </trkpt>
      <trkpt lat="52.447760" lon="13.444751">
        <ele>47.017474</ele>
        <time>2026-07-05T10:27:34.000Z</time>
      </trkpt>
      <trkpt lat="52.447628" lon="13.444743">
        <ele>46.950576</ele>
        <time>2026-07-05T10:27:36.000Z</time>
      </trkpt>
      <trkpt lat="52.447497" lon="13.444741">
        <ele>46.884227</ele>
        <time>2026-07-05T10:27:38.000Z</time>
      </trkpt>
      <trkpt lat="52.447361" lon="13.444743">
        <ele>46.823917</ele>
        <time>2026-07-05T10:27:40.000Z</time>
      </trkpt>
      <trkpt lat="52.447225" lon="13.444732">
        <ele>46.777736</ele>
        <time>2026-07-05T10:27:42.000Z</time>
      </trkpt>
      <trkpt lat="52.447086" lon="13.444729">
        <ele>46.730589</ele>
        <time>2026-07-05T10:27:44.000Z</time>
      </trkpt>
      <trkpt lat="52.446948" lon="13.444730">
        <ele>46.683786</ele>
        <time>2026-07-05T10:27:46.000Z</time>
      </trkpt>
      <trkpt lat="52.446806" lon="13.444712">
        <ele>46.635483</ele>
        <time>2026-07-05T10:27:48.000Z</time>
      </trkpt>
      <trkpt lat="52.446668" lon="13.444707">
        <ele>46.588668</ele>
        <time>2026-07-05T10:27:50.000Z</time>
      </trkpt>
      <trkpt lat="52.446526" lon="13.444697">
        <ele>46.540464</ele>
        <time>2026-07-05T10:27:52.000Z</time>
      </trkpt>
      <trkpt lat="52.446382" lon="13.444694">
        <ele>46.491622</ele>
        <time>2026-07-05T10:27:54.000Z</time>
      </trkpt>
      <trkpt lat="52.446245" lon="13.444679">
        <ele>46.445055</ele>
        <time>2026-07-05T10:27:56.000Z</time>
      </trkpt>
      <trkpt lat="52.446112" lon="13.444668">
        <ele>46.399890</ele>
        <time>2026-07-05T10:27:58.000Z</time>
      </trkpt>
      <trkpt lat="52.446004" lon="13.444623">
        <ele>46.362099</ele>
        <time>2026-07-05T10:28:00.000Z</time>
      </trkpt>
      <trkpt lat="52.445967" lon="13.444317">
        <ele>46.297611</ele>
        <time>2026-07-05T10:28:06.000Z</time>
      </trkpt>
      <trkpt lat="52.445985" lon="13.444160">
        <ele>46.264587</ele>
        <time>2026-07-05T10:28:08.000Z</time>
      </trkpt>
      <trkpt lat="52.446028" lon="13.443998">
        <ele>46.236248</ele>
        <time>2026-07-05T10:28:10.000Z</time>
      </trkpt>
      <trkpt lat="52.446093" lon="13.443859">
        <ele>46.292286</ele>
        <time>2026-07-05T10:28:12.000Z</time>
      </trkpt>
      <trkpt lat="52.446168" lon="13.443718">
        <ele>46.352144</ele>
        <time>2026-07-05T10:28:14.000Z</time>
      </trkpt>
      <trkpt lat="52.446248" lon="13.443598">
        <ele>46.409027</ele>
        <time>2026-07-05T10:28:16.000Z</time>
      </trkpt>
      <trkpt lat="52.446326" lon="13.443469">
        <ele>46.467148</ele>
        <time>2026-07-05T10:28:18.000Z</time>
      </trkpt>
      <trkpt lat="52.446400" lon="13.443356">
        <ele>46.520198</ele>
        <time>2026-07-05T10:28:20.000Z</time>
      </trkpt>
      <trkpt lat="52.446335" lon="13.443460">
        <ele>46.567843</ele>
        <time>2026-07-05T10:28:43.000Z</time>
      </trkpt>
      <trkpt lat="52.446244" lon="13.443612">
        <ele>46.635992</ele>
        <time>2026-07-05T10:28:46.000Z</time>
      </trkpt>
      <trkpt lat="52.446146" lon="13.443769">
        <ele>46.707871</ele>
        <time>2026-07-05T10:28:48.000Z</time>
      </trkpt>
      <trkpt lat="52.446072" lon="13.443902">
        <ele>46.765470</ele>
        <time>2026-07-05T10:28:50.000Z</time>
      </trkpt>
      <trkpt lat="52.445969" lon="13.444002">
        <ele>46.828277</ele>
        <time>2026-07-05T10:28:54.000Z</time>
      </trkpt>
      <trkpt lat="52.445864" lon="13.443926">
        <ele>46.888503</ele>
        <time>2026-07-05T10:28:57.000Z</time>
      </trkpt>
      <trkpt lat="52.445777" lon="13.443814">
        <ele>46.946535</ele>
        <time>2026-07-05T10:29:00.000Z</time>
      </trkpt>
      <trkpt lat="52.445773" lon="13.443666">
        <ele>46.993921</ele>
        <time>2026-07-05T10:29:02.000Z</time>
      </trkpt>
      <trkpt lat="52.445772" lon="13.443501">
        <ele>47.046700</ele>
        <time>2026-07-05T10:29:03.999Z</time>
      </trkpt>
      <trkpt lat="52.445759" lon="13.443324">
        <ele>47.103724</ele>
        <time>2026-07-05T10:29:05.999Z</time>
      </trkpt>
      <trkpt lat="52.445753" lon="13.443129">
        <ele>47.166175</ele>
        <time>2026-07-05T10:29:07.999Z</time>
      </trkpt>
      <trkpt lat="52.445768" lon="13.442925">
        <ele>47.237556</ele>
        <time>2026-07-05T10:29:09.999Z</time>
      </trkpt>
      <trkpt lat="52.445732" lon="13.442730">
        <ele>47.309224</ele>
        <time>2026-07-05T10:29:12.000Z</time>
      </trkpt>
      <trkpt lat="52.445704" lon="13.442531">
        <ele>47.381062</ele>
        <time>2026-07-05T10:29:14.000Z</time>
      </trkpt>
      <trkpt lat="52.445668" lon="13.442336">
        <ele>47.452730</ele>
        <time>2026-07-05T10:29:16.000Z</time>
      </trkpt>
      <trkpt lat="52.445636" lon="13.442143">
        <ele>47.523084</ele>
        <time>2026-07-05T10:29:18.000Z</time>
      </trkpt>
      <trkpt lat="52.445614" lon="13.441946">
        <ele>47.593532</ele>
        <time>2026-07-05T10:29:20.000Z</time>
      </trkpt>
      <trkpt lat="52.445551" lon="13.441762">
        <ele>47.667766</ele>
        <time>2026-07-05T10:29:22.000Z</time>
      </trkpt>
      <trkpt lat="52.445501" lon="13.441577">
        <ele>47.738950</ele>
        <time>2026-07-05T10:29:24.000Z</time>
      </trkpt>
      <trkpt lat="52.445581" lon="13.441267">
        <ele>47.857363</ele>
        <time>2026-07-05T10:29:26.000Z</time>
      </trkpt>
      <trkpt lat="52.445520" lon="13.441084">
        <ele>47.930730</ele>
        <time>2026-07-05T10:29:28.000Z</time>
      </trkpt>
      <trkpt lat="52.445356" lon="13.441003">
        <ele>48.029569</ele>
        <time>2026-07-05T10:29:30.000Z</time>
      </trkpt>
      <trkpt lat="52.445302" lon="13.440827">
        <ele>48.098878</ele>
        <time>2026-07-05T10:29:32.000Z</time>
      </trkpt>
      <trkpt lat="52.445335" lon="13.440622">
        <ele>48.173459</ele>
        <time>2026-07-05T10:29:34.000Z</time>
      </trkpt>
      <trkpt lat="52.445365" lon="13.440449">
        <ele>48.216662</ele>
        <time>2026-07-05T10:29:37.000Z</time>
      </trkpt>
      <trkpt lat="52.445011" lon="13.440005">
        <ele>48.255002</ele>
        <time>2026-07-05T10:29:42.000Z</time>
      </trkpt>
      <trkpt lat="52.444929" lon="13.439862">
        <ele>48.265299</ele>
        <time>2026-07-05T10:29:44.000Z</time>
      </trkpt>
      <trkpt lat="52.444860" lon="13.439717">
        <ele>48.274946</ele>
        <time>2026-07-05T10:29:46.000Z</time>
      </trkpt>
      <trkpt lat="52.444816" lon="13.439563">
        <ele>48.283866</ele>
        <time>2026-07-05T10:29:48.000Z</time>
      </trkpt>
      <trkpt lat="52.444703" lon="13.439538">
        <ele>48.293676</ele>
        <time>2026-07-05T10:29:50.000Z</time>
      </trkpt>
      <trkpt lat="52.444592" lon="13.439538">
        <ele>48.303227</ele>
        <time>2026-07-05T10:29:52.000Z</time>
      </trkpt>
      <trkpt lat="52.444479" lon="13.439530">
        <ele>48.312959</ele>
        <time>2026-07-05T10:29:54.000Z</time>
      </trkpt>
      <trkpt lat="52.444361" lon="13.439539">
        <ele>48.323123</ele>
        <time>2026-07-05T10:29:56.000Z</time>
      </trkpt>
      <trkpt lat="52.444256" lon="13.439534">
        <ele>48.332161</ele>
        <time>2026-07-05T10:29:58.000Z</time>
      </trkpt>
      <trkpt lat="52.444138" lon="13.439534">
        <ele>48.342314</ele>
        <time>2026-07-05T10:30:00.000Z</time>
      </trkpt>
      <trkpt lat="52.444013" lon="13.439533">
        <ele>48.353069</ele>
        <time>2026-07-05T10:30:02.000Z</time>
      </trkpt>
      <trkpt lat="52.443890" lon="13.439521">
        <ele>48.363671</ele>
        <time>2026-07-05T10:30:04.000Z</time>
      </trkpt>
      <trkpt lat="52.443767" lon="13.439513">
        <ele>48.350634</ele>
        <time>2026-07-05T10:30:06.000Z</time>
      </trkpt>
      <trkpt lat="52.443640" lon="13.439490">
        <ele>48.320771</ele>
        <time>2026-07-05T10:30:08.000Z</time>
      </trkpt>
      <trkpt lat="52.443514" lon="13.439487">
        <ele>48.291319</ele>
        <time>2026-07-05T10:30:10.000Z</time>
      </trkpt>
      <trkpt lat="52.443387" lon="13.439485">
        <ele>48.261635</ele>
        <time>2026-07-05T10:30:12.000Z</time>
      </trkpt>
      <trkpt lat="52.443262" lon="13.439489">
        <ele>48.232414</ele>
        <time>2026-07-05T10:30:14.000Z</time>
      </trkpt>
      <trkpt lat="52.443139" lon="13.439483">
        <ele>48.203654</ele>
        <time>2026-07-05T10:30:16.000Z</time>
      </trkpt>
      <trkpt lat="52.443014" lon="13.439517">
        <ele>48.174039</ele>
        <time>2026-07-05T10:30:18.000Z</time>
      </trkpt>
      <trkpt lat="52.442905" lon="13.439586">
        <ele>48.146733</ele>
        <time>2026-07-05T10:30:20.000Z</time>
      </trkpt>
      <trkpt lat="52.442808" lon="13.439698">
        <ele>48.119010</ele>
        <time>2026-07-05T10:30:22.000Z</time>
      </trkpt>
      <trkpt lat="52.442706" lon="13.439803">
        <ele>48.090865</ele>
        <time>2026-07-05T10:30:24.000Z</time>
      </trkpt>
      <trkpt lat="52.442608" lon="13.439932">
        <ele>48.061499</ele>
        <time>2026-07-05T10:30:26.000Z</time>
      </trkpt>
      <trkpt lat="52.442503" lon="13.440042">
        <ele>48.032381</ele>
        <time>2026-07-05T10:30:28.000Z</time>
      </trkpt>
      <trkpt lat="52.442406" lon="13.440155">
        <ele>48.004576</ele>
        <time>2026-07-05T10:30:30.000Z</time>
      </trkpt>
      <trkpt lat="52.442296" lon="13.440277">
        <ele>47.973542</ele>
        <time>2026-07-05T10:30:32.000Z</time>
      </trkpt>
      <trkpt lat="52.442201" lon="13.440411">
        <ele>47.930556</ele>
        <time>2026-07-05T10:30:34.000Z</time>
      </trkpt>
      <trkpt lat="52.442105" lon="13.440533">
        <ele>47.782913</ele>
        <time>2026-07-05T10:30:36.000Z</time>
      </trkpt>
      <trkpt lat="52.441993" lon="13.440661">
        <ele>47.616956</ele>
        <time>2026-07-05T10:30:38.000Z</time>
      </trkpt>
      <trkpt lat="52.441916" lon="13.440817">
        <ele>47.468190</ele>
        <time>2026-07-05T10:30:40.000Z</time>
      </trkpt>
      <trkpt lat="52.441836" lon="13.440969">
        <ele>47.319359</ele>
        <time>2026-07-05T10:30:42.000Z</time>
      </trkpt>
      <trkpt lat="52.441745" lon="13.441115">
        <ele>47.164603</ele>
        <time>2026-07-05T10:30:44.000Z</time>
      </trkpt>
      <trkpt lat="52.441661" lon="13.441275">
        <ele>47.008106</ele>
        <time>2026-07-05T10:30:46.000Z</time>
      </trkpt>
      <trkpt lat="52.441570" lon="13.441437">
        <ele>46.844838</ele>
        <time>2026-07-05T10:30:48.000Z</time>
      </trkpt>
      <trkpt lat="52.441484" lon="13.441581">
        <ele>46.695431</ele>
        <time>2026-07-05T10:30:50.000Z</time>
      </trkpt>
      <trkpt lat="52.441382" lon="13.441753">
        <ele>46.517585</ele>
        <time>2026-07-05T10:30:52.000Z</time>
      </trkpt>
      <trkpt lat="52.441298" lon="13.441923">
        <ele>46.355399</ele>
        <time>2026-07-05T10:30:54.000Z</time>
      </trkpt>
      <trkpt lat="52.441223" lon="13.442107">
        <ele>46.191352</ele>
        <time>2026-07-05T10:30:56.000Z</time>
      </trkpt>
      <trkpt lat="52.441150" lon="13.442284">
        <ele>46.032967</ele>
        <time>2026-07-05T10:30:58.000Z</time>
      </trkpt>
      <trkpt lat="52.441064" lon="13.442469">
        <ele>45.860537</ele>
        <time>2026-07-05T10:31:00.000Z</time>
      </trkpt>
      <trkpt lat="52.440979" lon="13.442663">
        <ele>45.743810</ele>
        <time>2026-07-05T10:31:02.000Z</time>
      </trkpt>
      <trkpt lat="52.440899" lon="13.442846">
        <ele>45.707321</ele>
        <time>2026-07-05T10:31:04.000Z</time>
      </trkpt>
      <trkpt lat="52.440824" lon="13.443041">
        <ele>45.669961</ele>
        <time>2026-07-05T10:31:06.000Z</time>
      </trkpt>
      <trkpt lat="52.440742" lon="13.443242">
        <ele>45.630771</ele>
        <time>2026-07-05T10:31:08.000Z</time>
      </trkpt>
      <trkpt lat="52.440667" lon="13.443448">
        <ele>45.591892</ele>
        <time>2026-07-05T10:31:10.000Z</time>
      </trkpt>
      <trkpt lat="52.440588" lon="13.443632">
        <ele>45.555425</ele>
        <time>2026-07-05T10:31:12.000Z</time>
      </trkpt>
      <trkpt lat="52.440503" lon="13.443801">
        <ele>45.519923</ele>
        <time>2026-07-05T10:31:14.000Z</time>
      </trkpt>
      <trkpt lat="52.440367" lon="13.443909">
        <ele>45.479760</ele>
        <time>2026-07-05T10:31:16.000Z</time>
      </trkpt>
      <trkpt lat="52.440235" lon="13.444011">
        <ele>45.440975</ele>
        <time>2026-07-05T10:31:18.000Z</time>
      </trkpt>
      <trkpt lat="52.440098" lon="13.444122">
        <ele>45.400359</ele>
        <time>2026-07-05T10:31:20.000Z</time>
      </trkpt>
      <trkpt lat="52.439969" lon="13.444232">
        <ele>45.361713</ele>
        <time>2026-07-05T10:31:22.000Z</time>
      </trkpt>
      <trkpt lat="52.439841" lon="13.444340">
        <ele>45.323452</ele>
        <time>2026-07-05T10:31:24.000Z</time>
      </trkpt>
      <trkpt lat="52.439697" lon="13.444413">
        <ele>45.283389</ele>
        <time>2026-07-05T10:31:26.000Z</time>
      </trkpt>
      <trkpt lat="52.439552" lon="13.444485">
        <ele>45.194491</ele>
        <time>2026-07-05T10:31:28.000Z</time>
      </trkpt>
      <trkpt lat="52.439417" lon="13.444522">
        <ele>45.113288</ele>
        <time>2026-07-05T10:31:30.000Z</time>
      </trkpt>
      <trkpt lat="52.439275" lon="13.444526">
        <ele>45.029030</ele>
        <time>2026-07-05T10:31:32.000Z</time>
      </trkpt>
      <trkpt lat="52.439139" lon="13.444581">
        <ele>44.945928</ele>
        <time>2026-07-05T10:31:34.000Z</time>
      </trkpt>
      <trkpt lat="52.438997" lon="13.444592">
        <ele>44.861588</ele>
        <time>2026-07-05T10:31:36.000Z</time>
      </trkpt>
      <trkpt lat="52.438873" lon="13.444589">
        <ele>44.788014</ele>
        <time>2026-07-05T10:31:38.000Z</time>
      </trkpt>
      <trkpt lat="52.438738" lon="13.444588">
        <ele>44.707920</ele>
        <time>2026-07-05T10:31:40.000Z</time>
      </trkpt>
      <trkpt lat="52.438597" lon="13.444607">
        <ele>44.623986</ele>
        <time>2026-07-05T10:31:42.000Z</time>
      </trkpt>
      <trkpt lat="52.438462" lon="13.444619">
        <ele>44.543775</ele>
        <time>2026-07-05T10:31:44.000Z</time>
      </trkpt>
      <trkpt lat="52.438320" lon="13.444636">
        <ele>44.459305</ele>
        <time>2026-07-05T10:31:46.000Z</time>
      </trkpt>
      <trkpt lat="52.438186" lon="13.444660">
        <ele>44.379333</ele>
        <time>2026-07-05T10:31:48.000Z</time>
      </trkpt>
      <trkpt lat="52.438048" lon="13.444669">
        <ele>44.297396</ele>
        <time>2026-07-05T10:31:50.000Z</time>
      </trkpt>
      <trkpt lat="52.437921" lon="13.444715">
        <ele>44.220234</ele>
        <time>2026-07-05T10:31:52.000Z</time>
      </trkpt>
      <trkpt lat="52.437818" lon="13.444882">
        <ele>44.249461</ele>
        <time>2026-07-05T10:31:54.000Z</time>
      </trkpt>
      <trkpt lat="52.437722" lon="13.445049">
        <ele>44.284199</ele>
        <time>2026-07-05T10:31:56.000Z</time>
      </trkpt>
      <trkpt lat="52.437628" lon="13.445229">
        <ele>44.320070</ele>
        <time>2026-07-05T10:31:58.000Z</time>
      </trkpt>
      <trkpt lat="52.437579" lon="13.445393">
        <ele>44.347710</ele>
        <time>2026-07-05T10:32:00.000Z</time>
      </trkpt>
      <trkpt lat="52.437464" lon="13.445429">
        <ele>44.376775</ele>
        <time>2026-07-05T10:32:02.000Z</time>
      </trkpt>
      <trkpt lat="52.437341" lon="13.445433">
        <ele>44.407316</ele>
        <time>2026-07-05T10:32:04.000Z</time>
      </trkpt>
      <trkpt lat="52.437227" lon="13.445464">
        <ele>44.436004</ele>
        <time>2026-07-05T10:32:06.000Z</time>
      </trkpt>
      <trkpt lat="52.437119" lon="13.445463">
        <ele>44.462815</ele>
        <time>2026-07-05T10:32:08.000Z</time>
      </trkpt>
      <trkpt lat="52.437029" lon="13.445425">
        <ele>44.485887</ele>
        <time>2026-07-05T10:32:10.000Z</time>
      </trkpt>
      <trkpt lat="52.436937" lon="13.445434">
        <ele>44.508767</ele>
        <time>2026-07-05T10:32:19.000Z</time>
      </trkpt>
      <trkpt lat="52.436844" lon="13.445400">
        <ele>44.532421</ele>
        <time>2026-07-05T10:32:23.000Z</time>
      </trkpt>
      <trkpt lat="52.436741" lon="13.445441">
        <ele>44.558733</ele>
        <time>2026-07-05T10:32:26.000Z</time>
      </trkpt>
      <trkpt lat="52.436621" lon="13.445450">
        <ele>44.588555</ele>
        <time>2026-07-05T10:32:29.000Z</time>
      </trkpt>
      <trkpt lat="52.436530" lon="13.445474">
        <ele>44.611436</ele>
        <time>2026-07-05T10:32:31.000Z</time>
      </trkpt>
      <trkpt lat="52.436422" lon="13.445510">
        <ele>44.638796</ele>
        <time>2026-07-05T10:32:33.000Z</time>
      </trkpt>
      <trkpt lat="52.436352" lon="13.445610">
        <ele>44.661840</ele>
        <time>2026-07-05T10:32:35.000Z</time>
      </trkpt>
      <trkpt lat="52.436302" lon="13.445767">
        <ele>44.680137</ele>
        <time>2026-07-05T10:32:37.000Z</time>
      </trkpt>
      <trkpt lat="52.436252" lon="13.445948">
        <ele>44.700601</ele>
        <time>2026-07-05T10:32:39.000Z</time>
      </trkpt>
      <trkpt lat="52.436183" lon="13.446116">
        <ele>44.721463</ele>
        <time>2026-07-05T10:32:41.000Z</time>
      </trkpt>
      <trkpt lat="52.436115" lon="13.446304">
        <ele>44.743975</ele>
        <time>2026-07-05T10:32:43.000Z</time>
      </trkpt>
      <trkpt lat="52.436059" lon="13.446492">
        <ele>44.765523</ele>
        <time>2026-07-05T10:32:45.000Z</time>
      </trkpt>
      <trkpt lat="52.435980" lon="13.446684">
        <ele>44.789378</ele>
        <time>2026-07-05T10:32:47.000Z</time>
      </trkpt>
      <trkpt lat="52.435939" lon="13.446907">
        <ele>44.813365</ele>
        <time>2026-07-05T10:32:49.000Z</time>
      </trkpt>
      <trkpt lat="52.435887" lon="13.447128">
        <ele>44.837761</ele>
        <time>2026-07-05T10:32:51.000Z</time>
      </trkpt>
      <trkpt lat="52.435827" lon="13.447356">
        <ele>44.863335</ele>
        <time>2026-07-05T10:32:53.000Z</time>
      </trkpt>
      <trkpt lat="52.435765" lon="13.447589">
        <ele>44.889516</ele>
        <time>2026-07-05T10:32:55.000Z</time>
      </trkpt>
      <trkpt lat="52.435709" lon="13.447804">
        <ele>44.913594</ele>
        <time>2026-07-05T10:32:57.000Z</time>
      </trkpt>
      <trkpt lat="52.435669" lon="13.448027">
        <ele>44.937533</ele>
        <time>2026-07-05T10:32:59.000Z</time>
      </trkpt>
      <trkpt lat="52.435611" lon="13.448249">
        <ele>44.962407</ele>
        <time>2026-07-05T10:33:01.000Z</time>
      </trkpt>
      <trkpt lat="52.435574" lon="13.448441">
        <ele>44.800440</ele>
        <time>2026-07-05T10:33:03.000Z</time>
      </trkpt>
      <trkpt lat="52.435524" lon="13.448636">
        <ele>44.592105</ele>
        <time>2026-07-05T10:33:05.000Z</time>
      </trkpt>
      <trkpt lat="52.435481" lon="13.448792">
        <ele>44.423499</ele>
        <time>2026-07-05T10:33:07.000Z</time>
      </trkpt>
      <trkpt lat="52.435447" lon="13.448963">
        <ele>44.246363</ele>
        <time>2026-07-05T10:33:09.000Z</time>
      </trkpt>
      <trkpt lat="52.435398" lon="13.449136">
        <ele>44.058499</ele>
        <time>2026-07-05T10:33:11.000Z</time>
      </trkpt>
      <trkpt lat="52.435309" lon="13.449288">
        <ele>43.850946</ele>
        <time>2026-07-05T10:33:13.000Z</time>
      </trkpt>
      <trkpt lat="52.435214" lon="13.449454">
        <ele>43.626721</ele>
        <time>2026-07-05T10:33:15.000Z</time>
      </trkpt>
      <trkpt lat="52.435120" lon="13.449614">
        <ele>43.407891</ele>
        <time>2026-07-05T10:33:17.000Z</time>
      </trkpt>
      <trkpt lat="52.434997" lon="13.449787">
        <ele>43.146152</ele>
        <time>2026-07-05T10:33:19.000Z</time>
      </trkpt>
      <trkpt lat="52.434884" lon="13.449995">
        <ele>42.871776</ele>
        <time>2026-07-05T10:33:21.000Z</time>
      </trkpt>
      <trkpt lat="52.434759" lon="13.450187">
        <ele>42.595139</ele>
        <time>2026-07-05T10:33:23.000Z</time>
      </trkpt>
      <trkpt lat="52.434630" lon="13.450383">
        <ele>42.311089</ele>
        <time>2026-07-05T10:33:25.000Z</time>
      </trkpt>
      <trkpt lat="52.434535" lon="13.450512">
        <ele>42.111863</ele>
        <time>2026-07-05T10:33:27.000Z</time>
      </trkpt>
      <trkpt lat="52.434414" lon="13.450521">
        <ele>42.028525</ele>
        <time>2026-07-05T10:33:29.000Z</time>
      </trkpt>
      <trkpt lat="52.434281" lon="13.450456">
        <ele>41.979039</ele>
        <time>2026-07-05T10:33:31.000Z</time>
      </trkpt>
      <trkpt lat="52.434145" lon="13.450437">
        <ele>41.930368</ele>
        <time>2026-07-05T10:33:33.000Z</time>
      </trkpt>
      <trkpt lat="52.434015" lon="13.450415">
        <ele>41.883766</ele>
        <time>2026-07-05T10:33:35.000Z</time>
      </trkpt>
      <trkpt lat="52.433880" lon="13.450392">
        <ele>41.835368</ele>
        <time>2026-07-05T10:33:37.000Z</time>
      </trkpt>
      <trkpt lat="52.433749" lon="13.450404">
        <ele>41.788583</ele>
        <time>2026-07-05T10:33:39.000Z</time>
      </trkpt>
      <trkpt lat="52.433620" lon="13.450367">
        <ele>41.741885</ele>
        <time>2026-07-05T10:33:41.000Z</time>
      </trkpt>
      <trkpt lat="52.433497" lon="13.450332">
        <ele>41.697370</ele>
        <time>2026-07-05T10:33:43.000Z</time>
      </trkpt>
      <trkpt lat="52.433373" lon="13.450307">
        <ele>41.652821</ele>
        <time>2026-07-05T10:33:45.000Z</time>
      </trkpt>
      <trkpt lat="52.433258" lon="13.450303">
        <ele>41.611805</ele>
        <time>2026-07-05T10:33:47.000Z</time>
      </trkpt>
      <trkpt lat="52.433163" lon="13.450209">
        <ele>41.572243</ele>
        <time>2026-07-05T10:33:49.000Z</time>
      </trkpt>
      <trkpt lat="52.433080" lon="13.450089">
        <ele>41.532789</ele>
        <time>2026-07-05T10:33:51.000Z</time>
      </trkpt>
      <trkpt lat="52.432991" lon="13.449998">
        <ele>41.495392</ele>
        <time>2026-07-05T10:33:53.000Z</time>
      </trkpt>
      <trkpt lat="52.432911" lon="13.449899">
        <ele>41.459656</ele>
        <time>2026-07-05T10:33:55.000Z</time>
      </trkpt>
      <trkpt lat="52.432805" lon="13.449836">
        <ele>41.419453</ele>
        <time>2026-07-05T10:33:57.000Z</time>
      </trkpt>
      <trkpt lat="52.432685" lon="13.449864">
        <ele>41.389621</ele>
        <time>2026-07-05T10:33:59.000Z</time>
      </trkpt>
      <trkpt lat="52.432570" lon="13.449862">
        <ele>41.361456</ele>
        <time>2026-07-05T10:34:01.000Z</time>
      </trkpt>
      <trkpt lat="52.432483" lon="13.449941">
        <ele>41.337103</ele>
        <time>2026-07-05T10:34:04.000Z</time>
      </trkpt>
      <trkpt lat="52.432513" lon="13.450118">
        <ele>41.309673</ele>
        <time>2026-07-05T10:34:07.000Z</time>
      </trkpt>
      <trkpt lat="52.432410" lon="13.450165">
        <ele>41.283491</ele>
        <time>2026-07-05T10:34:10.000Z</time>
      </trkpt>
      <trkpt lat="52.432322" lon="13.450217">
        <ele>41.260584</ele>
        <time>2026-07-05T10:34:12.000Z</time>
      </trkpt>
      <trkpt lat="52.432244" lon="13.450323">
        <ele>41.235777</ele>
        <time>2026-07-05T10:34:14.000Z</time>
      </trkpt>
      <trkpt lat="52.432155" lon="13.450418">
        <ele>41.209773</ele>
        <time>2026-07-05T10:34:16.000Z</time>
      </trkpt>
      <trkpt lat="52.432069" lon="13.450535">
        <ele>41.182409</ele>
        <time>2026-07-05T10:34:18.000Z</time>
      </trkpt>
      <trkpt lat="52.432036" lon="13.450717">
        <ele>41.154058</ele>
        <time>2026-07-05T10:34:20.000Z</time>
      </trkpt>
      <trkpt lat="52.432006" lon="13.450885">
        <ele>41.127920</ele>
        <time>2026-07-05T10:34:22.000Z</time>
      </trkpt>
      <trkpt lat="52.431954" lon="13.451025">
        <ele>41.103443</ele>
        <time>2026-07-05T10:34:24.000Z</time>
      </trkpt>
      <trkpt lat="52.431840" lon="13.451043">
        <ele>41.075396</ele>
        <time>2026-07-05T10:34:26.000Z</time>
      </trkpt>
      <trkpt lat="52.431715" lon="13.451034">
        <ele>41.044754</ele>
        <time>2026-07-05T10:34:28.000Z</time>
      </trkpt>
      <trkpt lat="52.431586" lon="13.451053">
        <ele>41.013036</ele>
        <time>2026-07-05T10:34:30.000Z</time>
      </trkpt>
      <trkpt lat="52.431455" lon="13.451089">
        <ele>40.980508</ele>
        <time>2026-07-05T10:34:32.000Z</time>
      </trkpt>
      <trkpt lat="52.431325" lon="13.451154">
        <ele>41.102111</ele>
        <time>2026-07-05T10:34:34.000Z</time>
      </trkpt>
      <trkpt lat="52.431207" lon="13.451250">
        <ele>41.229610</ele>
        <time>2026-07-05T10:34:36.000Z</time>
      </trkpt>
      <trkpt lat="52.431089" lon="13.451381">
        <ele>41.367536</ele>
        <time>2026-07-05T10:34:38.000Z</time>
      </trkpt>
      <trkpt lat="52.430983" lon="13.451511">
        <ele>41.495653</ele>
        <time>2026-07-05T10:34:40.000Z</time>
      </trkpt>
      <trkpt lat="52.430889" lon="13.451673">
        <ele>41.627638</ele>
        <time>2026-07-05T10:34:42.000Z</time>
      </trkpt>
      <trkpt lat="52.430805" lon="13.451848">
        <ele>41.759085</ele>
        <time>2026-07-05T10:34:44.000Z</time>
      </trkpt>
      <trkpt lat="52.430720" lon="13.452025">
        <ele>41.892058</ele>
        <time>2026-07-05T10:34:46.000Z</time>
      </trkpt>
      <trkpt lat="52.430638" lon="13.452206">
        <ele>42.025142</ele>
        <time>2026-07-05T10:34:48.000Z</time>
      </trkpt>
      <trkpt lat="52.430555" lon="13.452377">
        <ele>42.154138</ele>
        <time>2026-07-05T10:34:50.000Z</time>
      </trkpt>
      <trkpt lat="52.430480" lon="13.452543">
        <ele>42.276075</ele>
        <time>2026-07-05T10:34:52.000Z</time>
      </trkpt>
      <trkpt lat="52.430397" lon="13.452698">
        <ele>42.397825</ele>
        <time>2026-07-05T10:34:54.000Z</time>
      </trkpt>
      <trkpt lat="52.430290" lon="13.452823">
        <ele>42.524985</ele>
        <time>2026-07-05T10:34:56.000Z</time>
      </trkpt>
      <trkpt lat="52.430165" lon="13.452827">
        <ele>42.646003</ele>
        <time>2026-07-05T10:34:58.000Z</time>
      </trkpt>
      <trkpt lat="52.430041" lon="13.452798">
        <ele>42.716177</ele>
        <time>2026-07-05T10:35:00.000Z</time>
      </trkpt>
      <trkpt lat="52.429923" lon="13.452729">
        <ele>42.707698</ele>
        <time>2026-07-05T10:35:02.000Z</time>
      </trkpt>
      <trkpt lat="52.429801" lon="13.452657">
        <ele>42.698923</ele>
        <time>2026-07-05T10:35:04.000Z</time>
      </trkpt>
      <trkpt lat="52.429697" lon="13.452556">
        <ele>42.690742</ele>
        <time>2026-07-05T10:35:05.999Z</time>
      </trkpt>
      <trkpt lat="52.429598" lon="13.452495">
        <ele>42.683585</ele>
        <time>2026-07-05T10:35:07.999Z</time>
      </trkpt>
      <trkpt lat="52.429519" lon="13.452621">
        <ele>42.676126</ele>
        <time>2026-07-05T10:35:09.999Z</time>
      </trkpt>
      <trkpt lat="52.429447" lon="13.452719">
        <ele>42.669793</ele>
        <time>2026-07-05T10:35:11.999Z</time>
      </trkpt>
      <trkpt lat="52.429371" lon="13.452846">
        <ele>42.662450</ele>
        <time>2026-07-05T10:35:15.999Z</time>
      </trkpt>
      <trkpt lat="52.429295" lon="13.452728">
        <ele>42.655366</ele>
        <time>2026-07-05T10:35:18.999Z</time>
      </trkpt>
      <trkpt lat="52.429252" lon="13.452563">
        <ele>42.647961</ele>
        <time>2026-07-05T10:35:21.999Z</time>
      </trkpt>
      <trkpt lat="52.429162" lon="13.452620">
        <ele>42.641431</ele>
        <time>2026-07-05T10:35:24.999Z</time>
      </trkpt>
      <trkpt lat="52.429055" lon="13.452673">
        <ele>42.633866</ele>
        <time>2026-07-05T10:35:27.999Z</time>
      </trkpt>
      <trkpt lat="52.428949" lon="13.452680">
        <ele>42.626686</ele>
        <time>2026-07-05T10:35:29.999Z</time>
      </trkpt>
      <trkpt lat="52.428866" lon="13.452770">
        <ele>42.619952</ele>
        <time>2026-07-05T10:35:31.999Z</time>
      </trkpt>
      <trkpt lat="52.428767" lon="13.452861">
        <ele>42.612271</ele>
        <time>2026-07-05T10:35:33.999Z</time>
      </trkpt>
      <trkpt lat="52.428675" lon="13.452985">
        <ele>42.604211</ele>
        <time>2026-07-05T10:35:35.999Z</time>
      </trkpt>
      <trkpt lat="52.428584" lon="13.453115">
        <ele>42.601881</ele>
        <time>2026-07-05T10:35:37.999Z</time>
      </trkpt>
      <trkpt lat="52.428493" lon="13.453219">
        <ele>42.619627</ele>
        <time>2026-07-05T10:35:39.999Z</time>
      </trkpt>
      <trkpt lat="52.428414" lon="13.453325">
        <ele>42.635957</ele>
        <time>2026-07-05T10:35:42.999Z</time>
      </trkpt>
      <trkpt lat="52.428518" lon="13.453474">
        <ele>42.658050</ele>
        <time>2026-07-05T10:35:44.999Z</time>
      </trkpt>
      <trkpt lat="52.428579" lon="13.453594">
        <ele>42.673291</ele>
        <time>2026-07-05T10:35:46.999Z</time>
      </trkpt>
      <trkpt lat="52.428642" lon="13.453726">
        <ele>42.689644</ele>
        <time>2026-07-05T10:35:48.999Z</time>
      </trkpt>
      <trkpt lat="52.428703" lon="13.453862">
        <ele>42.706114</ele>
        <time>2026-07-05T10:35:50.999Z</time>
      </trkpt>
      <trkpt lat="52.428766" lon="13.454039">
        <ele>42.726107</ele>
        <time>2026-07-05T10:35:52.999Z</time>
      </trkpt>
      <trkpt lat="52.428789" lon="13.454212">
        <ele>42.743380</ele>
        <time>2026-07-05T10:35:55.000Z</time>
      </trkpt>
      <trkpt lat="52.428707" lon="13.454439">
        <ele>42.769119</ele>
        <time>2026-07-05T10:35:56.000Z</time>
      </trkpt>
      <trkpt lat="52.428636" lon="13.454557">
        <ele>42.785291</ele>
        <time>2026-07-05T10:35:58.000Z</time>
      </trkpt>
      <trkpt lat="52.428553" lon="13.454693">
        <ele>42.804062</ele>
        <time>2026-07-05T10:36:00.000Z</time>
      </trkpt>
      <trkpt lat="52.428466" lon="13.454837">
        <ele>42.823838</ele>
        <time>2026-07-05T10:36:02.000Z</time>
      </trkpt>
      <trkpt lat="52.428396" lon="13.454984">
        <ele>42.842033</ele>
        <time>2026-07-05T10:36:04.000Z</time>
      </trkpt>
      <trkpt lat="52.428021" lon="13.454896">
        <ele>43.051585</ele>
        <time>2026-07-05T10:36:07.000Z</time>
      </trkpt>
      <trkpt lat="52.427930" lon="13.455041">
        <ele>43.248700</ele>
        <time>2026-07-05T10:36:09.000Z</time>
      </trkpt>
      <trkpt lat="52.427825" lon="13.455174">
        <ele>43.454815</ele>
        <time>2026-07-05T10:36:11.000Z</time>
      </trkpt>
      <trkpt lat="52.427732" lon="13.455316">
        <ele>43.652223</ele>
        <time>2026-07-05T10:36:13.000Z</time>
      </trkpt>
      <trkpt lat="52.427679" lon="13.455507">
        <ele>43.851013</ele>
        <time>2026-07-05T10:36:15.000Z</time>
      </trkpt>
      <trkpt lat="52.427683" lon="13.455716">
        <ele>44.049098</ele>
        <time>2026-07-05T10:36:17.000Z</time>
      </trkpt>
      <trkpt lat="52.427694" lon="13.455923">
        <ele>44.245934</ele>
        <time>2026-07-05T10:36:19.000Z</time>
      </trkpt>
      <trkpt lat="52.427705" lon="13.456131">
        <ele>44.443714</ele>
        <time>2026-07-05T10:36:21.000Z</time>
      </trkpt>
      <trkpt lat="52.427716" lon="13.456324">
        <ele>44.627341</ele>
        <time>2026-07-05T10:36:23.000Z</time>
      </trkpt>
      <trkpt lat="52.427737" lon="13.456516">
        <ele>44.812127</ele>
        <time>2026-07-05T10:36:25.000Z</time>
      </trkpt>
      <trkpt lat="52.427741" lon="13.456703">
        <ele>44.989382</ele>
        <time>2026-07-05T10:36:27.000Z</time>
      </trkpt>
      <trkpt lat="52.427711" lon="13.456899">
        <ele>45.180814</ele>
        <time>2026-07-05T10:36:29.000Z</time>
      </trkpt>
      <trkpt lat="52.427646" lon="13.457063">
        <ele>45.366108</ele>
        <time>2026-07-05T10:36:31.000Z</time>
      </trkpt>
      <trkpt lat="52.427559" lon="13.457207">
        <ele>45.558141</ele>
        <time>2026-07-05T10:36:33.000Z</time>
      </trkpt>
      <trkpt lat="52.427484" lon="13.457367">
        <ele>45.704209</ele>
        <time>2026-07-05T10:36:35.000Z</time>
      </trkpt>
      <trkpt lat="52.427392" lon="13.457512">
        <ele>45.773703</ele>
        <time>2026-07-05T10:36:37.000Z</time>
      </trkpt>
      <trkpt lat="52.427296" lon="13.457636">
        <ele>45.840257</ele>
        <time>2026-07-05T10:36:39.000Z</time>
      </trkpt>
      <trkpt lat="52.427214" lon="13.457787">
        <ele>45.907407</ele>
        <time>2026-07-05T10:36:41.000Z</time>
      </trkpt>
      <trkpt lat="52.427136" lon="13.457935">
        <ele>45.972372</ele>
        <time>2026-07-05T10:36:43.000Z</time>
      </trkpt>
      <trkpt lat="52.427044" lon="13.458091">
        <ele>46.044445</ele>
        <time>2026-07-05T10:36:45.000Z</time>
      </trkpt>
      <trkpt lat="52.426958" lon="13.458235">
        <ele>46.111384</ele>
        <time>2026-07-05T10:36:47.000Z</time>
      </trkpt>
      <trkpt lat="52.426877" lon="13.458390">
        <ele>46.179176</ele>
        <time>2026-07-05T10:36:49.000Z</time>
      </trkpt>
      <trkpt lat="52.426798" lon="13.458533">
        <ele>46.243258</ele>
        <time>2026-07-05T10:36:51.000Z</time>
      </trkpt>
      <trkpt lat="52.426721" lon="13.458691">
        <ele>46.310430</ele>
        <time>2026-07-05T10:36:53.000Z</time>
      </trkpt>
      <trkpt lat="52.426643" lon="13.458857">
        <ele>46.380027</ele>
        <time>2026-07-05T10:36:55.000Z</time>
      </trkpt>
      <trkpt lat="52.426569" lon="13.459033">
        <ele>46.451025</ele>
        <time>2026-07-05T10:36:57.000Z</time>
      </trkpt>
      <trkpt lat="52.426498" lon="13.459217">
        <ele>46.523339</ele>
        <time>2026-07-05T10:36:59.000Z</time>
      </trkpt>
      <trkpt lat="52.426418" lon="13.459386">
        <ele>46.594391</ele>
        <time>2026-07-05T10:37:01.000Z</time>
      </trkpt>
      <trkpt lat="52.426289" lon="13.459447">
        <ele>46.645093</ele>
        <time>2026-07-05T10:37:03.000Z</time>
      </trkpt>
      <trkpt lat="52.426152" lon="13.459426">
        <ele>46.511641</ele>
        <time>2026-07-05T10:37:05.000Z</time>
      </trkpt>
      <trkpt lat="52.426020" lon="13.459437">
        <ele>46.383453</ele>
        <time>2026-07-05T10:37:07.000Z</time>
      </trkpt>
      <trkpt lat="52.425892" lon="13.459441">
        <ele>46.259287</ele>
        <time>2026-07-05T10:37:09.000Z</time>
      </trkpt>
      <trkpt lat="52.425801" lon="13.459551">
        <ele>46.149643</ele>
        <time>2026-07-05T10:37:11.000Z</time>
      </trkpt>
      <trkpt lat="52.425759" lon="13.459716">
        <ele>46.043898</ele>
        <time>2026-07-05T10:37:14.000Z</time>
      </trkpt>
      <trkpt lat="52.425674" lon="13.459776">
        <ele>45.954146</ele>
        <time>2026-07-05T10:37:16.000Z</time>
      </trkpt>
      <trkpt lat="52.425617" lon="13.459897">
        <ele>45.863718</ele>
        <time>2026-07-05T10:37:18.000Z</time>
      </trkpt>
      <trkpt lat="52.425542" lon="13.460038">
        <ele>45.753060</ele>
        <time>2026-07-05T10:37:20.000Z</time>
      </trkpt>
      <trkpt lat="52.425474" lon="13.460208">
        <ele>45.632818</ele>
        <time>2026-07-05T10:37:22.000Z</time>
      </trkpt>
      <trkpt lat="52.425406" lon="13.460375">
        <ele>45.514055</ele>
        <time>2026-07-05T10:37:24.000Z</time>
      </trkpt>
      <trkpt lat="52.425347" lon="13.460562">
        <ele>45.389532</ele>
        <time>2026-07-05T10:37:26.000Z</time>
      </trkpt>
      <trkpt lat="52.425297" lon="13.460772">
        <ele>45.256202</ele>
        <time>2026-07-05T10:37:28.000Z</time>
      </trkpt>
      <trkpt lat="52.425244" lon="13.460975">
        <ele>45.125601</ele>
        <time>2026-07-05T10:37:30.000Z</time>
      </trkpt>
      <trkpt lat="52.425198" lon="13.461193">
        <ele>44.989170</ele>
        <time>2026-07-05T10:37:32.000Z</time>
      </trkpt>
      <trkpt lat="52.425102" lon="13.461362">
        <ele>44.938808</ele>
        <time>2026-07-05T10:37:34.000Z</time>
      </trkpt>
      <trkpt lat="52.424994" lon="13.461498">
        <ele>44.989192</ele>
        <time>2026-07-05T10:37:36.000Z</time>
      </trkpt>
      <trkpt lat="52.424918" lon="13.461680">
        <ele>45.038963</ele>
        <time>2026-07-05T10:37:38.000Z</time>
      </trkpt>
      <trkpt lat="52.424845" lon="13.461862">
        <ele>45.088115</ele>
        <time>2026-07-05T10:37:40.000Z</time>
      </trkpt>
      <trkpt lat="52.424758" lon="13.462040">
        <ele>45.139587</ele>
        <time>2026-07-05T10:37:42.000Z</time>
      </trkpt>
      <trkpt lat="52.424679" lon="13.462224">
        <ele>45.190362</ele>
        <time>2026-07-05T10:37:44.000Z</time>
      </trkpt>
      <trkpt lat="52.424616" lon="13.462411">
        <ele>45.238566</ele>
        <time>2026-07-05T10:37:46.000Z</time>
      </trkpt>
      <trkpt lat="52.424561" lon="13.462552">
        <ele>45.276333</ele>
        <time>2026-07-05T10:37:48.000Z</time>
      </trkpt>
      <trkpt lat="52.424531" lon="13.462721">
        <ele>45.316048</ele>
        <time>2026-07-05T10:37:50.000Z</time>
      </trkpt>
      <trkpt lat="52.424495" lon="13.462892">
        <ele>45.356867</ele>
        <time>2026-07-05T10:37:52.000Z</time>
      </trkpt>
      <trkpt lat="52.424437" lon="13.463073">
        <ele>45.403002</ele>
        <time>2026-07-05T10:37:55.000Z</time>
      </trkpt>
      <trkpt lat="52.424342" lon="13.463120">
        <ele>45.439718</ele>
        <time>2026-07-05T10:37:58.000Z</time>
      </trkpt>
      <trkpt lat="52.424257" lon="13.463062">
        <ele>45.473783</ele>
        <time>2026-07-05T10:38:00.000Z</time>
      </trkpt>
      <trkpt lat="52.424156" lon="13.463058">
        <ele>45.511165</ele>
        <time>2026-07-05T10:38:02.000Z</time>
      </trkpt>
      <trkpt lat="52.424059" lon="13.462992">
        <ele>45.550024</ele>
        <time>2026-07-05T10:38:04.000Z</time>
      </trkpt>
      <trkpt lat="52.423961" lon="13.462929">
        <ele>45.580645</ele>
        <time>2026-07-05T10:38:06.000Z</time>
      </trkpt>
      <trkpt lat="52.423849" lon="13.462857">
        <ele>45.581337</ele>
        <time>2026-07-05T10:38:08.000Z</time>
      </trkpt>
      <trkpt lat="52.423734" lon="13.462784">
        <ele>45.582047</ele>
        <time>2026-07-05T10:38:10.000Z</time>
      </trkpt>
      <trkpt lat="52.423622" lon="13.462714">
        <ele>45.582737</ele>
        <time>2026-07-05T10:38:12.000Z</time>
      </trkpt>
      <trkpt lat="52.423498" lon="13.462638">
        <ele>45.583499</ele>
        <time>2026-07-05T10:38:14.000Z</time>
      </trkpt>
      <trkpt lat="52.423371" lon="13.462560">
        <ele>45.584280</ele>
        <time>2026-07-05T10:38:16.000Z</time>
      </trkpt>
      <trkpt lat="52.423245" lon="13.462481">
        <ele>45.585056</ele>
        <time>2026-07-05T10:38:18.000Z</time>
      </trkpt>
      <trkpt lat="52.423125" lon="13.462407">
        <ele>45.585794</ele>
        <time>2026-07-05T10:38:20.000Z</time>
      </trkpt>
      <trkpt lat="52.423000" lon="13.462330">
        <ele>45.586563</ele>
        <time>2026-07-05T10:38:22.000Z</time>
      </trkpt>
      <trkpt lat="52.422879" lon="13.462253">
        <ele>45.587310</ele>
        <time>2026-07-05T10:38:24.000Z</time>
      </trkpt>
      <trkpt lat="52.422777" lon="13.462188">
        <ele>45.587940</ele>
        <time>2026-07-05T10:38:26.000Z</time>
      </trkpt>
      <trkpt lat="52.422648" lon="13.462109">
        <ele>45.588733</ele>
        <time>2026-07-05T10:38:28.000Z</time>
      </trkpt>
      <trkpt lat="52.422532" lon="13.462036">
        <ele>45.589448</ele>
        <time>2026-07-05T10:38:30.000Z</time>
      </trkpt>
      <trkpt lat="52.422427" lon="13.461972">
        <ele>45.590093</ele>
        <time>2026-07-05T10:38:32.000Z</time>
      </trkpt>
      <trkpt lat="52.422314" lon="13.461891">
        <ele>45.590802</ele>
        <time>2026-07-05T10:38:34.000Z</time>
      </trkpt>
      <trkpt lat="52.422195" lon="13.461827">
        <ele>45.595149</ele>
        <time>2026-07-05T10:38:36.000Z</time>
      </trkpt>
      <trkpt lat="52.422072" lon="13.461740">
        <ele>45.600178</ele>
        <time>2026-07-05T10:38:38.000Z</time>
      </trkpt>
      <trkpt lat="52.421947" lon="13.461668">
        <ele>45.605152</ele>
        <time>2026-07-05T10:38:40.000Z</time>
      </trkpt>
      <trkpt lat="52.421845" lon="13.461593">
        <ele>45.609348</ele>
        <time>2026-07-05T10:38:42.000Z</time>
      </trkpt>
      <trkpt lat="52.421740" lon="13.461571">
        <ele>45.613322</ele>
        <time>2026-07-05T10:38:45.000Z</time>
      </trkpt>
      <trkpt lat="52.421685" lon="13.461795">
        <ele>45.618850</ele>
        <time>2026-07-05T10:38:48.000Z</time>
      </trkpt>
      <trkpt lat="52.421645" lon="13.461968">
        <ele>45.623086</ele>
        <time>2026-07-05T10:38:50.000Z</time>
      </trkpt>
      <trkpt lat="52.421602" lon="13.462151">
        <ele>45.627576</ele>
        <time>2026-07-05T10:38:52.000Z</time>
      </trkpt>
      <trkpt lat="52.421557" lon="13.462330">
        <ele>45.632009</ele>
        <time>2026-07-05T10:38:54.000Z</time>
      </trkpt>
      <trkpt lat="52.421502" lon="13.462504">
        <ele>45.636496</ele>
        <time>2026-07-05T10:38:56.000Z</time>
      </trkpt>
      <trkpt lat="52.421435" lon="13.462691">
        <ele>45.641461</ele>
        <time>2026-07-05T10:38:58.000Z</time>
      </trkpt>
      <trkpt lat="52.421373" lon="13.462881">
        <ele>45.646395</ele>
        <time>2026-07-05T10:39:00.000Z</time>
      </trkpt>
      <trkpt lat="52.421308" lon="13.463082">
        <ele>45.651604</ele>
        <time>2026-07-05T10:39:02.000Z</time>
      </trkpt>
      <trkpt lat="52.421249" lon="13.463257">
        <ele>45.656182</ele>
        <time>2026-07-05T10:39:04.000Z</time>
      </trkpt>
      <trkpt lat="52.421198" lon="13.463463">
        <ele>45.699214</ele>
        <time>2026-07-05T10:39:06.000Z</time>
      </trkpt>
      <trkpt lat="52.421160" lon="13.463672">
        <ele>45.769954</ele>
        <time>2026-07-05T10:39:08.000Z</time>
      </trkpt>
      <trkpt lat="52.421126" lon="13.463879">
        <ele>45.839488</ele>
        <time>2026-07-05T10:39:10.000Z</time>
      </trkpt>
      <trkpt lat="52.421151" lon="13.464072">
        <ele>45.903486</ele>
        <time>2026-07-05T10:39:12.000Z</time>
      </trkpt>
      <trkpt lat="52.421178" lon="13.464296">
        <ele>45.977548</ele>
        <time>2026-07-05T10:39:15.000Z</time>
      </trkpt>
      <trkpt lat="52.421195" lon="13.464447">
        <ele>46.027354</ele>
        <time>2026-07-05T10:39:17.000Z</time>
      </trkpt>
      <trkpt lat="52.420902" lon="13.464743">
        <ele>46.210391</ele>
        <time>2026-07-05T10:39:20.000Z</time>
      </trkpt>
      <trkpt lat="52.420819" lon="13.464910">
        <ele>46.280269</ele>
        <time>2026-07-05T10:39:22.000Z</time>
      </trkpt>
      <trkpt lat="52.420736" lon="13.465067">
        <ele>46.347664</ele>
        <time>2026-07-05T10:39:24.000Z</time>
      </trkpt>
      <trkpt lat="52.420676" lon="13.465255">
        <ele>46.416490</ele>
        <time>2026-07-05T10:39:26.000Z</time>
      </trkpt>
      <trkpt lat="52.420629" lon="13.465444">
        <ele>46.482695</ele>
        <time>2026-07-05T10:39:28.000Z</time>
      </trkpt>
      <trkpt lat="52.420592" lon="13.465628">
        <ele>46.545538</ele>
        <time>2026-07-05T10:39:30.000Z</time>
      </trkpt>
      <trkpt lat="52.420551" lon="13.465812">
        <ele>46.609080</ele>
        <time>2026-07-05T10:39:32.000Z</time>
      </trkpt>
      <trkpt lat="52.420511" lon="13.465988">
        <ele>46.620539</ele>
        <time>2026-07-05T10:39:34.000Z</time>
      </trkpt>
      <trkpt lat="52.420467" lon="13.466170">
        <ele>46.626910</ele>
        <time>2026-07-05T10:39:36.000Z</time>
      </trkpt>
      <trkpt lat="52.420423" lon="13.466360">
        <ele>46.633524</ele>
        <time>2026-07-05T10:39:38.000Z</time>
      </trkpt>
      <trkpt lat="52.420380" lon="13.466554">
        <ele>46.640241</ele>
        <time>2026-07-05T10:39:40.000Z</time>
      </trkpt>
      <trkpt lat="52.420300" lon="13.466715">
        <ele>46.646999</ele>
        <time>2026-07-05T10:39:42.000Z</time>
      </trkpt>
      <trkpt lat="52.420177" lon="13.466811">
        <ele>46.654268</ele>
        <time>2026-07-05T10:39:44.000Z</time>
      </trkpt>
      <trkpt lat="52.420052" lon="13.466872">
        <ele>46.661227</ele>
        <time>2026-07-05T10:39:46.000Z</time>
      </trkpt>
      <trkpt lat="52.419920" lon="13.466948">
        <ele>46.668692</ele>
        <time>2026-07-05T10:39:48.000Z</time>
      </trkpt>
      <trkpt lat="52.419792" lon="13.467013">
        <ele>46.675842</ele>
        <time>2026-07-05T10:39:50.000Z</time>
      </trkpt>
      <trkpt lat="52.419663" lon="13.467073">
        <ele>46.682997</ele>
        <time>2026-07-05T10:39:52.000Z</time>
      </trkpt>
      <trkpt lat="52.419533" lon="13.467157">
        <ele>46.690453</ele>
        <time>2026-07-05T10:39:54.000Z</time>
      </trkpt>
      <trkpt lat="52.419398" lon="13.467232">
        <ele>46.698059</ele>
        <time>2026-07-05T10:39:56.000Z</time>
      </trkpt>
      <trkpt lat="52.419264" lon="13.467310">
        <ele>46.705646</ele>
        <time>2026-07-05T10:39:58.000Z</time>
      </trkpt>
      <trkpt lat="52.419128" lon="13.467380">
        <ele>46.736132</ele>
        <time>2026-07-05T10:40:00.000Z</time>
      </trkpt>
      <trkpt lat="52.418991" lon="13.467464">
        <ele>46.823149</ele>
        <time>2026-07-05T10:40:02.000Z</time>
      </trkpt>
      <trkpt lat="52.418853" lon="13.467544">
        <ele>46.910229</ele>
        <time>2026-07-05T10:40:04.000Z</time>
      </trkpt>
      <trkpt lat="52.418712" lon="13.467621">
        <ele>46.998644</ele>
        <time>2026-07-05T10:40:06.000Z</time>
      </trkpt>
      <trkpt lat="52.418572" lon="13.467688">
        <ele>47.085409</ele>
        <time>2026-07-05T10:40:08.000Z</time>
      </trkpt>
      <trkpt lat="52.418437" lon="13.467762">
        <ele>47.170093</ele>
        <time>2026-07-05T10:40:10.000Z</time>
      </trkpt>
      <trkpt lat="52.418307" lon="13.467833">
        <ele>47.251611</ele>
        <time>2026-07-05T10:40:12.000Z</time>
      </trkpt>
      <trkpt lat="52.418176" lon="13.467903">
        <ele>47.333581</ele>
        <time>2026-07-05T10:40:14.000Z</time>
      </trkpt>
      <trkpt lat="52.418052" lon="13.467980">
        <ele>47.412465</ele>
        <time>2026-07-05T10:40:16.000Z</time>
      </trkpt>
      <trkpt lat="52.417925" lon="13.468051">
        <ele>47.492292</ele>
        <time>2026-07-05T10:40:18.000Z</time>
      </trkpt>
      <trkpt lat="52.417808" lon="13.468104">
        <ele>47.564506</ele>
        <time>2026-07-05T10:40:20.000Z</time>
      </trkpt>
      <trkpt lat="52.417722" lon="13.468178">
        <ele>47.622287</ele>
        <time>2026-07-05T10:40:22.000Z</time>
      </trkpt>
      <trkpt lat="52.417606" lon="13.468231">
        <ele>47.693928</ele>
        <time>2026-07-05T10:40:24.000Z</time>
      </trkpt>
      <trkpt lat="52.417491" lon="13.468289">
        <ele>47.765508</ele>
        <time>2026-07-05T10:40:26.000Z</time>
      </trkpt>
      <trkpt lat="52.417375" lon="13.468344">
        <ele>47.727622</ele>
        <time>2026-07-05T10:40:28.000Z</time>
      </trkpt>
      <trkpt lat="52.417255" lon="13.468419">
        <ele>47.655092</ele>
        <time>2026-07-05T10:40:30.000Z</time>
      </trkpt>
      <trkpt lat="52.417130" lon="13.468489">
        <ele>47.580491</ele>
        <time>2026-07-05T10:40:32.000Z</time>
      </trkpt>
      <trkpt lat="52.417004" lon="13.468551">
        <ele>47.506194</ele>
        <time>2026-07-05T10:40:34.000Z</time>
      </trkpt>
      <trkpt lat="52.416876" lon="13.468639">
        <ele>47.427804</ele>
        <time>2026-07-05T10:40:36.000Z</time>
      </trkpt>
      <trkpt lat="52.416750" lon="13.468700">
        <ele>47.353605</ele>
        <time>2026-07-05T10:40:38.000Z</time>
      </trkpt>
      <trkpt lat="52.416623" lon="13.468771">
        <ele>47.277824</ele>
        <time>2026-07-05T10:40:40.000Z</time>
      </trkpt>
      <trkpt lat="52.416493" lon="13.468835">
        <ele>47.201165</ele>
        <time>2026-07-05T10:40:42.000Z</time>
      </trkpt>
      <trkpt lat="52.416363" lon="13.468918">
        <ele>47.122374</ele>
        <time>2026-07-05T10:40:44.000Z</time>
      </trkpt>
      <trkpt lat="52.416231" lon="13.468989">
        <ele>47.043914</ele>
        <time>2026-07-05T10:40:46.000Z</time>
      </trkpt>
      <trkpt lat="52.416102" lon="13.469059">
        <ele>46.967171</ele>
        <time>2026-07-05T10:40:48.000Z</time>
      </trkpt>
      <trkpt lat="52.415973" lon="13.469127">
        <ele>46.890642</ele>
        <time>2026-07-05T10:40:50.000Z</time>
      </trkpt>
      <trkpt lat="52.415844" lon="13.469193">
        <ele>46.814322</ele>
        <time>2026-07-05T10:40:52.000Z</time>
      </trkpt>
      <trkpt lat="52.415716" lon="13.469263">
        <ele>46.734768</ele>
        <time>2026-07-05T10:40:54.000Z</time>
      </trkpt>
      <trkpt lat="52.415575" lon="13.469277">
        <ele>46.645139</ele>
        <time>2026-07-05T10:40:56.000Z</time>
      </trkpt>
      <trkpt lat="52.415441" lon="13.469227">
        <ele>46.557942</ele>
        <time>2026-07-05T10:40:58.000Z</time>
      </trkpt>
      <trkpt lat="52.415305" lon="13.469211">
        <ele>46.471429</ele>
        <time>2026-07-05T10:41:00.000Z</time>
      </trkpt>
      <trkpt lat="52.415167" lon="13.469287">
        <ele>46.379060</ele>
        <time>2026-07-05T10:41:02.000Z</time>
      </trkpt>
      <trkpt lat="52.415037" lon="13.469372">
        <ele>46.290258</ele>
        <time>2026-07-05T10:41:04.000Z</time>
      </trkpt>
      <trkpt lat="52.414902" lon="13.469437">
        <ele>46.200983</ele>
        <time>2026-07-05T10:41:06.000Z</time>
      </trkpt>
      <trkpt lat="52.414767" lon="13.469517">
        <ele>46.109902</ele>
        <time>2026-07-05T10:41:08.000Z</time>
      </trkpt>
      <trkpt lat="52.414630" lon="13.469591">
        <ele>46.018380</ele>
        <time>2026-07-05T10:41:10.000Z</time>
      </trkpt>
      <trkpt lat="52.414503" lon="13.469680">
        <ele>45.930746</ele>
        <time>2026-07-05T10:41:12.000Z</time>
      </trkpt>
      <trkpt lat="52.414363" lon="13.469745">
        <ele>45.838423</ele>
        <time>2026-07-05T10:41:14.000Z</time>
      </trkpt>
      <trkpt lat="52.414232" lon="13.469816">
        <ele>45.750879</ele>
        <time>2026-07-05T10:41:16.000Z</time>
      </trkpt>
      <trkpt lat="52.414103" lon="13.469892">
        <ele>45.663905</ele>
        <time>2026-07-05T10:41:18.000Z</time>
      </trkpt>
      <trkpt lat="52.413977" lon="13.469976">
        <ele>45.602734</ele>
        <time>2026-07-05T10:41:20.000Z</time>
      </trkpt>
      <trkpt lat="52.413841" lon="13.470043">
        <ele>45.561444</ele>
        <time>2026-07-05T10:41:22.000Z</time>
      </trkpt>
      <trkpt lat="52.413707" lon="13.470111">
        <ele>45.520659</ele>
        <time>2026-07-05T10:41:24.000Z</time>
      </trkpt>
      <trkpt lat="52.413576" lon="13.470192">
        <ele>45.479951</ele>
        <time>2026-07-05T10:41:26.000Z</time>
      </trkpt>
      <trkpt lat="52.413443" lon="13.470271">
        <ele>45.438820</ele>
        <time>2026-07-05T10:41:28.000Z</time>
      </trkpt>
      <trkpt lat="52.413313" lon="13.470348">
        <ele>45.398631</ele>
        <time>2026-07-05T10:41:30.000Z</time>
      </trkpt>
      <trkpt lat="52.413182" lon="13.470419">
        <ele>45.358514</ele>
        <time>2026-07-05T10:41:32.000Z</time>
      </trkpt>
      <trkpt lat="52.413051" lon="13.470476">
        <ele>45.319106</ele>
        <time>2026-07-05T10:41:34.000Z</time>
      </trkpt>
      <trkpt lat="52.412923" lon="13.470553">
        <ele>45.279463</ele>
        <time>2026-07-05T10:41:36.000Z</time>
      </trkpt>
      <trkpt lat="52.412795" lon="13.470631">
        <ele>45.239758</ele>
        <time>2026-07-05T10:41:38.000Z</time>
      </trkpt>
      <trkpt lat="52.412663" lon="13.470692">
        <ele>45.199883</ele>
        <time>2026-07-05T10:41:40.000Z</time>
      </trkpt>
      <trkpt lat="52.412532" lon="13.470778">
        <ele>45.158853</ele>
        <time>2026-07-05T10:41:42.000Z</time>
      </trkpt>
      <trkpt lat="52.412397" lon="13.470847">
        <ele>45.117738</ele>
        <time>2026-07-05T10:41:44.000Z</time>
      </trkpt>
      <trkpt lat="52.412264" lon="13.470933">
        <ele>45.076244</ele>
        <time>2026-07-05T10:41:46.000Z</time>
      </trkpt>
      <trkpt lat="52.412130" lon="13.471011">
        <ele>45.035026</ele>
        <time>2026-07-05T10:41:48.000Z</time>
      </trkpt>
      <trkpt lat="52.411994" lon="13.471086">
        <ele>44.993434</ele>
        <time>2026-07-05T10:41:50.000Z</time>
      </trkpt>
      <trkpt lat="52.411851" lon="13.471170">
        <ele>44.949402</ele>
        <time>2026-07-05T10:41:52.000Z</time>
      </trkpt>
      <trkpt lat="52.411712" lon="13.471249">
        <ele>44.906758</ele>
        <time>2026-07-05T10:41:54.000Z</time>
      </trkpt>
      <trkpt lat="52.411570" lon="13.471324">
        <ele>44.863514</ele>
        <time>2026-07-05T10:41:56.000Z</time>
      </trkpt>
      <trkpt lat="52.411428" lon="13.471399">
        <ele>44.820269</ele>
        <time>2026-07-05T10:41:58.000Z</time>
      </trkpt>
      <trkpt lat="52.411281" lon="13.471474">
        <ele>44.775643</ele>
        <time>2026-07-05T10:42:00.000Z</time>
      </trkpt>
      <trkpt lat="52.411138" lon="13.471551">
        <ele>44.732013</ele>
        <time>2026-07-05T10:42:02.000Z</time>
      </trkpt>
      <trkpt lat="52.410994" lon="13.471621">
        <ele>44.688476</ele>
        <time>2026-07-05T10:42:04.000Z</time>
      </trkpt>
      <trkpt lat="52.410850" lon="13.471705">
        <ele>44.644172</ele>
        <time>2026-07-05T10:42:06.000Z</time>
      </trkpt>
      <trkpt lat="52.410704" lon="13.471798">
        <ele>44.598769</ele>
        <time>2026-07-05T10:42:08.000Z</time>
      </trkpt>
      <trkpt lat="52.410561" lon="13.471883">
        <ele>44.589529</ele>
        <time>2026-07-05T10:42:10.000Z</time>
      </trkpt>
      <trkpt lat="52.410416" lon="13.471967">
        <ele>44.607143</ele>
        <time>2026-07-05T10:42:12.000Z</time>
      </trkpt>
      <trkpt lat="52.410277" lon="13.472041">
        <ele>44.623881</ele>
        <time>2026-07-05T10:42:14.000Z</time>
      </trkpt>
      <trkpt lat="52.410138" lon="13.472128">
        <ele>44.640922</ele>
        <time>2026-07-05T10:42:16.000Z</time>
      </trkpt>
      <trkpt lat="52.409997" lon="13.472210">
        <ele>44.658057</ele>
        <time>2026-07-05T10:42:18.000Z</time>
      </trkpt>
      <trkpt lat="52.409856" lon="13.472298">
        <ele>44.675337</ele>
        <time>2026-07-05T10:42:20.000Z</time>
      </trkpt>
      <trkpt lat="52.409716" lon="13.472370">
        <ele>44.692143</ele>
        <time>2026-07-05T10:42:22.000Z</time>
      </trkpt>
      <trkpt lat="52.409571" lon="13.472464">
        <ele>44.710001</ele>
        <time>2026-07-05T10:42:24.000Z</time>
      </trkpt>
      <trkpt lat="52.409423" lon="13.472523">
        <ele>44.727446</ele>
        <time>2026-07-05T10:42:26.000Z</time>
      </trkpt>
      <trkpt lat="52.409275" lon="13.472580">
        <ele>44.744859</ele>
        <time>2026-07-05T10:42:28.000Z</time>
      </trkpt>
      <trkpt lat="52.409129" lon="13.472667">
        <ele>44.762651</ele>
        <time>2026-07-05T10:42:30.000Z</time>
      </trkpt>
      <trkpt lat="52.408992" lon="13.472745">
        <ele>44.779262</ele>
        <time>2026-07-05T10:42:32.000Z</time>
      </trkpt>
      <trkpt lat="52.408850" lon="13.472833">
        <ele>44.700376</ele>
        <time>2026-07-05T10:42:34.000Z</time>
      </trkpt>
      <trkpt lat="52.408718" lon="13.472907">
        <ele>44.576335</ele>
        <time>2026-07-05T10:42:36.000Z</time>
      </trkpt>
      <trkpt lat="52.408592" lon="13.472983">
        <ele>44.456960</ele>
        <time>2026-07-05T10:42:38.000Z</time>
      </trkpt>
      <trkpt lat="52.408483" lon="13.473044">
        <ele>44.354550</ele>
        <time>2026-07-05T10:42:40.000Z</time>
      </trkpt>
      <trkpt lat="52.408393" lon="13.473106">
        <ele>44.267748</ele>
        <time>2026-07-05T10:42:50.000Z</time>
      </trkpt>
      <trkpt lat="52.408306" lon="13.473161">
        <ele>44.184839</ele>
        <time>2026-07-05T10:42:59.000Z</time>
      </trkpt>
      <trkpt lat="52.408186" lon="13.473220">
        <ele>44.073446</ele>
        <time>2026-07-05T10:43:02.000Z</time>
      </trkpt>
      <trkpt lat="52.408077" lon="13.473304">
        <ele>43.966353</ele>
        <time>2026-07-05T10:43:04.000Z</time>
      </trkpt>
      <trkpt lat="52.407960" lon="13.473403">
        <ele>43.849281</ele>
        <time>2026-07-05T10:43:06.000Z</time>
      </trkpt>
      <trkpt lat="52.407834" lon="13.473516">
        <ele>43.721579</ele>
        <time>2026-07-05T10:43:08.000Z</time>
      </trkpt>
      <trkpt lat="52.407700" lon="13.473590">
        <ele>43.595853</ele>
        <time>2026-07-05T10:43:10.000Z</time>
      </trkpt>
      <trkpt lat="52.407562" lon="13.473676">
        <ele>43.464583</ele>
        <time>2026-07-05T10:43:12.000Z</time>
      </trkpt>
      <trkpt lat="52.407417" lon="13.473752">
        <ele>43.329227</ele>
        <time>2026-07-05T10:43:14.000Z</time>
      </trkpt>
      <trkpt lat="52.407274" lon="13.473834">
        <ele>43.194524</ele>
        <time>2026-07-05T10:43:16.000Z</time>
      </trkpt>
      <trkpt lat="52.407125" lon="13.473937">
        <ele>43.172552</ele>
        <time>2026-07-05T10:43:18.000Z</time>
      </trkpt>
      <trkpt lat="52.406981" lon="13.474019">
        <ele>43.158711</ele>
        <time>2026-07-05T10:43:20.000Z</time>
      </trkpt>
      <trkpt lat="52.406837" lon="13.474116">
        <ele>43.144576</ele>
        <time>2026-07-05T10:43:22.000Z</time>
      </trkpt>
      <trkpt lat="52.406698" lon="13.474196">
        <ele>43.131200</ele>
        <time>2026-07-05T10:43:24.000Z</time>
      </trkpt>
      <trkpt lat="52.406548" lon="13.474295">
        <ele>43.116518</ele>
        <time>2026-07-05T10:43:26.000Z</time>
      </trkpt>
      <trkpt lat="52.406401" lon="13.474376">
        <ele>43.102437</ele>
        <time>2026-07-05T10:43:28.000Z</time>
      </trkpt>
      <trkpt lat="52.406257" lon="13.474453">
        <ele>43.088685</ele>
        <time>2026-07-05T10:43:30.000Z</time>
      </trkpt>
      <trkpt lat="52.406110" lon="13.474538">
        <ele>43.074532</ele>
        <time>2026-07-05T10:43:32.000Z</time>
      </trkpt>
      <trkpt lat="52.405961" lon="13.474613">
        <ele>43.060380</ele>
        <time>2026-07-05T10:43:34.000Z</time>
      </trkpt>
      <trkpt lat="52.405811" lon="13.474693">
        <ele>43.046058</ele>
        <time>2026-07-05T10:43:36.000Z</time>
      </trkpt>
      <trkpt lat="52.405660" lon="13.474782">
        <ele>43.031489</ele>
        <time>2026-07-05T10:43:38.000Z</time>
      </trkpt>
      <trkpt lat="52.405506" lon="13.474871">
        <ele>42.960088</ele>
        <time>2026-07-05T10:43:40.000Z</time>
      </trkpt>
      <trkpt lat="52.405357" lon="13.474977">
        <ele>42.815681</ele>
        <time>2026-07-05T10:43:42.000Z</time>
      </trkpt>
      <trkpt lat="52.405216" lon="13.475078">
        <ele>42.678878</ele>
        <time>2026-07-05T10:43:44.000Z</time>
      </trkpt>
      <trkpt lat="52.405072" lon="13.475189">
        <ele>42.537405</ele>
        <time>2026-07-05T10:43:46.000Z</time>
      </trkpt>
      <trkpt lat="52.404963" lon="13.475348">
        <ele>42.407682</ele>
        <time>2026-07-05T10:43:48.000Z</time>
      </trkpt>
      <trkpt lat="52.404902" lon="13.475588">
        <ele>42.266664</ele>
        <time>2026-07-05T10:43:50.000Z</time>
      </trkpt>
      <trkpt lat="52.404841" lon="13.475789">
        <ele>42.144899</ele>
        <time>2026-07-05T10:43:52.000Z</time>
      </trkpt>
      <trkpt lat="52.404747" lon="13.475936">
        <ele>42.029395</ele>
        <time>2026-07-05T10:43:54.000Z</time>
      </trkpt>
      <trkpt lat="52.404610" lon="13.476016">
        <ele>41.900097</ele>
        <time>2026-07-05T10:43:56.000Z</time>
      </trkpt>
      <trkpt lat="52.404474" lon="13.476087">
        <ele>41.773202</ele>
        <time>2026-07-05T10:43:58.000Z</time>
      </trkpt>
      <trkpt lat="52.404345" lon="13.476153">
        <ele>41.653057</ele>
        <time>2026-07-05T10:44:00.000Z</time>
      </trkpt>
      <trkpt lat="52.404230" lon="13.476278">
        <ele>41.530379</ele>
        <time>2026-07-05T10:44:02.000Z</time>
      </trkpt>
      <trkpt lat="52.404126" lon="13.476435">
        <ele>41.423023</ele>
        <time>2026-07-05T10:44:04.000Z</time>
      </trkpt>
      <trkpt lat="52.404023" lon="13.476597">
        <ele>41.416519</ele>
        <time>2026-07-05T10:44:06.000Z</time>
      </trkpt>
      <trkpt lat="52.403898" lon="13.476716">
        <ele>41.409932</ele>
        <time>2026-07-05T10:44:08.000Z</time>
      </trkpt>
      <trkpt lat="52.403777" lon="13.476834">
        <ele>41.403517</ele>
        <time>2026-07-05T10:44:10.000Z</time>
      </trkpt>
      <trkpt lat="52.403649" lon="13.476945">
        <ele>41.396920</ele>
        <time>2026-07-05T10:44:12.000Z</time>
      </trkpt>
      <trkpt lat="52.403522" lon="13.477057">
        <ele>41.390349</ele>
        <time>2026-07-05T10:44:14.000Z</time>
      </trkpt>
      <trkpt lat="52.403379" lon="13.477100">
        <ele>41.383725</ele>
        <time>2026-07-05T10:44:16.000Z</time>
      </trkpt>
      <trkpt lat="52.403239" lon="13.477154">
        <ele>41.377172</ele>
        <time>2026-07-05T10:44:18.000Z</time>
      </trkpt>
      <trkpt lat="52.403104" lon="13.477216">
        <ele>41.370784</ele>
        <time>2026-07-05T10:44:20.000Z</time>
      </trkpt>
      <trkpt lat="52.402972" lon="13.477275">
        <ele>41.364550</ele>
        <time>2026-07-05T10:44:22.000Z</time>
      </trkpt>
      <trkpt lat="52.402830" lon="13.477274">
        <ele>41.358080</ele>
        <time>2026-07-05T10:44:24.000Z</time>
      </trkpt>
      <trkpt lat="52.402689" lon="13.477280">
        <ele>41.351654</ele>
        <time>2026-07-05T10:44:26.000Z</time>
      </trkpt>
      <trkpt lat="52.402556" lon="13.477357">
        <ele>41.345227</ele>
        <time>2026-07-05T10:44:28.000Z</time>
      </trkpt>
      <trkpt lat="52.402420" lon="13.477435">
        <ele>41.358615</ele>
        <time>2026-07-05T10:44:30.000Z</time>
      </trkpt>
      <trkpt lat="52.402294" lon="13.477518">
        <ele>41.388724</ele>
        <time>2026-07-05T10:44:32.000Z</time>
      </trkpt>
      <trkpt lat="52.402174" lon="13.477593">
        <ele>41.417201</ele>
        <time>2026-07-05T10:44:34.000Z</time>
      </trkpt>
      <trkpt lat="52.402062" lon="13.477659">
        <ele>41.443590</ele>
        <time>2026-07-05T10:44:36.000Z</time>
      </trkpt>
      <trkpt lat="52.401964" lon="13.477719">
        <ele>41.466786</ele>
        <time>2026-07-05T10:44:38.000Z</time>
      </trkpt>
      <trkpt lat="52.401876" lon="13.477787">
        <ele>41.488358</ele>
        <time>2026-07-05T10:44:40.000Z</time>
      </trkpt>
      <trkpt lat="52.401759" lon="13.477849">
        <ele>41.515622</ele>
        <time>2026-07-05T10:44:43.000Z</time>
      </trkpt>
      <trkpt lat="52.401889" lon="13.477866">
        <ele>41.544539</ele>
        <time>2026-07-05T10:44:53.000Z</time>
      </trkpt>
      <trkpt lat="52.401997" lon="13.477723">
        <ele>41.575323</ele>
        <time>2026-07-05T10:44:55.000Z</time>
      </trkpt>
      <trkpt lat="52.402098" lon="13.477659">
        <ele>41.599333</ele>
        <time>2026-07-05T10:44:57.000Z</time>
      </trkpt>
      <trkpt lat="52.402202" lon="13.477588">
        <ele>41.624313</ele>
        <time>2026-07-05T10:44:59.000Z</time>
      </trkpt>
      <trkpt lat="52.402308" lon="13.477524">
        <ele>41.649360</ele>
        <time>2026-07-05T10:45:01.000Z</time>
      </trkpt>
      <trkpt lat="52.402382" lon="13.477405">
        <ele>41.672346</ele>
        <time>2026-07-05T10:45:03.000Z</time>
      </trkpt>
      <trkpt lat="52.402378" lon="13.477226">
        <ele>41.696577</ele>
        <time>2026-07-05T10:45:06.000Z</time>
      </trkpt>
      <trkpt lat="52.402297" lon="13.477133">
        <ele>41.718506</ele>
        <time>2026-07-05T10:45:09.000Z</time>
      </trkpt>
      <trkpt lat="52.402188" lon="13.477138">
        <ele>41.740005</ele>
        <time>2026-07-05T10:45:12.000Z</time>
      </trkpt>
      <trkpt lat="52.402075" lon="13.477031">
        <ele>41.726141</ele>
        <time>2026-07-05T10:45:15.000Z</time>
      </trkpt>
      <trkpt lat="52.401989" lon="13.476960">
        <ele>41.715911</ele>
        <time>2026-07-05T10:45:17.000Z</time>
      </trkpt>
      <trkpt lat="52.401896" lon="13.476884">
        <ele>41.704871</ele>
        <time>2026-07-05T10:45:19.000Z</time>
      </trkpt>
      <trkpt lat="52.401813" lon="13.476804">
        <ele>41.694641</ele>
        <time>2026-07-05T10:45:21.000Z</time>
      </trkpt>
      <trkpt lat="52.401718" lon="13.476707">
        <ele>41.682751</ele>
        <time>2026-07-05T10:45:23.000Z</time>
      </trkpt>
      <trkpt lat="52.401628" lon="13.476620">
        <ele>41.671650</ele>
        <time>2026-07-05T10:45:25.000Z</time>
      </trkpt>
      <trkpt lat="52.401575" lon="13.476442">
        <ele>41.658812</ele>
        <time>2026-07-05T10:45:27.000Z</time>
      </trkpt>
      <trkpt lat="52.401489" lon="13.476345">
        <ele>41.647721</ele>
        <time>2026-07-05T10:45:29.000Z</time>
      </trkpt>
      <trkpt lat="52.401413" lon="13.476219">
        <ele>41.636237</ele>
        <time>2026-07-05T10:45:31.000Z</time>
      </trkpt>
      <trkpt lat="52.401322" lon="13.476126">
        <ele>41.624844</ele>
        <time>2026-07-05T10:45:33.000Z</time>
      </trkpt>
      <trkpt lat="52.401249" lon="13.475991">
        <ele>41.613151</ele>
        <time>2026-07-05T10:45:35.000Z</time>
      </trkpt>
      <trkpt lat="52.401153" lon="13.475881">
        <ele>41.600707</ele>
        <time>2026-07-05T10:45:37.000Z</time>
      </trkpt>
      <trkpt lat="52.401084" lon="13.475735">
        <ele>41.588737</ele>
        <time>2026-07-05T10:45:39.000Z</time>
      </trkpt>
      <trkpt lat="52.401000" lon="13.475617">
        <ele>41.576983</ele>
        <time>2026-07-05T10:45:41.000Z</time>
      </trkpt>
      <trkpt lat="52.400939" lon="13.475452">
        <ele>41.564478</ele>
        <time>2026-07-05T10:45:43.000Z</time>
      </trkpt>
      <trkpt lat="52.400843" lon="13.475352">
        <ele>41.552394</ele>
        <time>2026-07-05T10:45:45.000Z</time>
      </trkpt>
      <trkpt lat="52.400728" lon="13.475226">
        <ele>41.602490</ele>
        <time>2026-07-05T10:45:48.000Z</time>
      </trkpt>
      <trkpt lat="52.400654" lon="13.475129">
        <ele>41.646366</ele>
        <time>2026-07-05T10:45:50.000Z</time>
      </trkpt>
      <trkpt lat="52.400584" lon="13.475024">
        <ele>41.690305</ele>
        <time>2026-07-05T10:45:52.000Z</time>
      </trkpt>
      <trkpt lat="52.400521" lon="13.474896">
        <ele>41.736768</ele>
        <time>2026-07-05T10:45:54.000Z</time>
      </trkpt>
      <trkpt lat="52.400446" lon="13.474780">
        <ele>41.784519</ele>
        <time>2026-07-05T10:45:56.000Z</time>
      </trkpt>
      <trkpt lat="52.400374" lon="13.474683">
        <ele>41.827676</ele>
        <time>2026-07-05T10:45:58.000Z</time>
      </trkpt>
      <trkpt lat="52.400285" lon="13.474597">
        <ele>41.875516</ele>
        <time>2026-07-05T10:46:00.000Z</time>
      </trkpt>
      <trkpt lat="52.400207" lon="13.474486">
        <ele>41.923349</ele>
        <time>2026-07-05T10:46:02.000Z</time>
      </trkpt>
      <trkpt lat="52.400133" lon="13.474379">
        <ele>41.969044</ele>
        <time>2026-07-05T10:46:04.000Z</time>
      </trkpt>
      <trkpt lat="52.400059" lon="13.474270">
        <ele>42.015114</ele>
        <time>2026-07-05T10:46:06.000Z</time>
      </trkpt>
      <trkpt lat="52.399990" lon="13.474161">
        <ele>42.059490</ele>
        <time>2026-07-05T10:46:08.000Z</time>
      </trkpt>
      <trkpt lat="52.399930" lon="13.474028">
        <ele>42.106222</ele>
        <time>2026-07-05T10:46:10.000Z</time>
      </trkpt>
      <trkpt lat="52.399864" lon="13.473916">
        <ele>42.150213</ele>
        <time>2026-07-05T10:46:12.000Z</time>
      </trkpt>
      <trkpt lat="52.399797" lon="13.473797">
        <ele>42.195961</ele>
        <time>2026-07-05T10:46:14.000Z</time>
      </trkpt>
      <trkpt lat="52.399721" lon="13.473691">
        <ele>42.242171</ele>
        <time>2026-07-05T10:46:16.000Z</time>
      </trkpt>
      <trkpt lat="52.399656" lon="13.473566">
        <ele>42.288573</ele>
        <time>2026-07-05T10:46:18.000Z</time>
      </trkpt>
      <trkpt lat="52.399571" lon="13.473470">
        <ele>42.336372</ele>
        <time>2026-07-05T10:46:20.000Z</time>
      </trkpt>
      <trkpt lat="52.399491" lon="13.473363">
        <ele>42.383604</ele>
        <time>2026-07-05T10:46:22.000Z</time>
      </trkpt>
      <trkpt lat="52.399411" lon="13.473252">
        <ele>42.413762</ele>
        <time>2026-07-05T10:46:24.000Z</time>
      </trkpt>
      <trkpt lat="52.399343" lon="13.473120">
        <ele>42.444090</ele>
        <time>2026-07-05T10:46:26.000Z</time>
      </trkpt>
      <trkpt lat="52.399272" lon="13.472993">
        <ele>42.474329</ele>
        <time>2026-07-05T10:46:28.000Z</time>
      </trkpt>
      <trkpt lat="52.399213" lon="13.472878">
        <ele>42.500706</ele>
        <time>2026-07-05T10:46:30.000Z</time>
      </trkpt>
      <trkpt lat="52.399153" lon="13.472759">
        <ele>42.527806</ele>
        <time>2026-07-05T10:46:32.000Z</time>
      </trkpt>
      <trkpt lat="52.399079" lon="13.472652">
        <ele>42.556200</ele>
        <time>2026-07-05T10:46:34.000Z</time>
      </trkpt>
      <trkpt lat="52.398971" lon="13.472508">
        <ele>42.596258</ele>
        <time>2026-07-05T10:46:37.000Z</time>
      </trkpt>
      <trkpt lat="52.398895" lon="13.472405">
        <ele>42.624632</ele>
        <time>2026-07-05T10:46:39.000Z</time>
      </trkpt>
      <trkpt lat="52.398816" lon="13.472294">
        <ele>42.654572</ele>
        <time>2026-07-05T10:46:41.000Z</time>
      </trkpt>
      <trkpt lat="52.398733" lon="13.472213">
        <ele>42.682365</ele>
        <time>2026-07-05T10:46:43.000Z</time>
      </trkpt>
      <trkpt lat="52.398657" lon="13.472108">
        <ele>42.710965</ele>
        <time>2026-07-05T10:46:45.000Z</time>
      </trkpt>
      <trkpt lat="52.398594" lon="13.471988">
        <ele>42.738757</ele>
        <time>2026-07-05T10:46:47.000Z</time>
      </trkpt>
      <trkpt lat="52.398517" lon="13.471883">
        <ele>42.767577</ele>
        <time>2026-07-05T10:46:49.000Z</time>
      </trkpt>
      <trkpt lat="52.398443" lon="13.471781">
        <ele>42.795397</ele>
        <time>2026-07-05T10:46:51.000Z</time>
      </trkpt>
      <trkpt lat="52.398372" lon="13.471685">
        <ele>42.821880</ele>
        <time>2026-07-05T10:46:53.000Z</time>
      </trkpt>
      <trkpt lat="52.398293" lon="13.471609">
        <ele>42.848236</ele>
        <time>2026-07-05T10:46:55.000Z</time>
      </trkpt>
      <trkpt lat="52.398200" lon="13.471456">
        <ele>42.886150</ele>
        <time>2026-07-05T10:46:58.000Z</time>
      </trkpt>
      <trkpt lat="52.398129" lon="13.471362">
        <ele>42.910011</ele>
        <time>2026-07-05T10:47:00.000Z</time>
      </trkpt>
      <trkpt lat="52.398053" lon="13.471263">
        <ele>42.932475</ele>
        <time>2026-07-05T10:47:02.000Z</time>
      </trkpt>
      <trkpt lat="52.397981" lon="13.471167">
        <ele>42.953952</ele>
        <time>2026-07-05T10:47:04.000Z</time>
      </trkpt>
      <trkpt lat="52.397893" lon="13.471085">
        <ele>42.977375</ele>
        <time>2026-07-05T10:47:06.000Z</time>
      </trkpt>
      <trkpt lat="52.397813" lon="13.470989">
        <ele>43.000318</ele>
        <time>2026-07-05T10:47:08.000Z</time>
      </trkpt>
      <trkpt lat="52.397726" lon="13.470883">
        <ele>43.025402</ele>
        <time>2026-07-05T10:47:10.000Z</time>
      </trkpt>
      <trkpt lat="52.397640" lon="13.470787">
        <ele>43.049479</ele>
        <time>2026-07-05T10:47:12.000Z</time>
      </trkpt>
      <trkpt lat="52.397560" lon="13.470672">
        <ele>43.074102</ele>
        <time>2026-07-05T10:47:14.000Z</time>
      </trkpt>
      <trkpt lat="52.397474" lon="13.470588">
        <ele>43.097267</ele>
        <time>2026-07-05T10:47:16.000Z</time>
      </trkpt>
      <trkpt lat="52.397377" lon="13.470504">
        <ele>43.122653</ele>
        <time>2026-07-05T10:47:18.000Z</time>
      </trkpt>
      <trkpt lat="52.397282" lon="13.470453">
        <ele>43.145784</ele>
        <time>2026-07-05T10:47:20.000Z</time>
      </trkpt>
      <trkpt lat="52.397210" lon="13.470357">
        <ele>43.167261</ele>
        <time>2026-07-05T10:47:22.000Z</time>
      </trkpt>
      <trkpt lat="52.397132" lon="13.470284">
        <ele>43.188045</ele>
        <time>2026-07-05T10:47:24.000Z</time>
      </trkpt>
      <trkpt lat="52.397045" lon="13.470201">
        <ele>43.211338</ele>
        <time>2026-07-05T10:47:26.000Z</time>
      </trkpt>
      <trkpt lat="52.396965" lon="13.470122">
        <ele>43.232950</ele>
        <time>2026-07-05T10:47:28.000Z</time>
      </trkpt>
      <trkpt lat="52.396885" lon="13.470043">
        <ele>43.254562</ele>
        <time>2026-07-05T10:47:30.000Z</time>
      </trkpt>
      <trkpt lat="52.396776" lon="13.469935">
        <ele>43.284034</ele>
        <time>2026-07-05T10:47:33.000Z</time>
      </trkpt>
      <trkpt lat="52.396662" lon="13.469823">
        <ele>43.314789</ele>
        <time>2026-07-05T10:47:36.000Z</time>
      </trkpt>
      <trkpt lat="52.396580" lon="13.469744">
        <ele>43.380954</ele>
        <time>2026-07-05T10:47:38.000Z</time>
      </trkpt>
      <trkpt lat="52.396487" lon="13.469686">
        <ele>43.453664</ele>
        <time>2026-07-05T10:47:40.000Z</time>
      </trkpt>
      <trkpt lat="52.396405" lon="13.469544">
        <ele>43.540836</ele>
        <time>2026-07-05T10:47:43.000Z</time>
      </trkpt>
      <trkpt lat="52.396307" lon="13.469472">
        <ele>43.619313</ele>
        <time>2026-07-05T10:47:46.000Z</time>
      </trkpt>
      <trkpt lat="52.396232" lon="13.469380">
        <ele>43.687768</ele>
        <time>2026-07-05T10:47:49.000Z</time>
      </trkpt>
      <trkpt lat="52.396138" lon="13.469286">
        <ele>43.768232</ele>
        <time>2026-07-05T10:47:52.000Z</time>
      </trkpt>
      <trkpt lat="52.396061" lon="13.469123">
        <ele>43.860145</ele>
        <time>2026-07-05T10:47:55.000Z</time>
      </trkpt>
      <trkpt lat="52.395985" lon="13.468979">
        <ele>43.945036</ele>
        <time>2026-07-05T10:47:58.000Z</time>
      </trkpt>
      <trkpt lat="52.395923" lon="13.468858">
        <ele>44.015486</ele>
        <time>2026-07-05T10:48:00.000Z</time>
      </trkpt>
      <trkpt lat="52.395834" lon="13.468684">
        <ele>44.116721</ele>
        <time>2026-07-05T10:48:03.000Z</time>
      </trkpt>
      <trkpt lat="52.395765" lon="13.468547">
        <ele>44.195927</ele>
        <time>2026-07-05T10:48:05.000Z</time>
      </trkpt>
      <trkpt lat="52.395706" lon="13.468429">
        <ele>44.263948</ele>
        <time>2026-07-05T10:48:07.000Z</time>
      </trkpt>
      <trkpt lat="52.395630" lon="13.468316">
        <ele>44.338933</ele>
        <time>2026-07-05T10:48:09.000Z</time>
      </trkpt>
      <trkpt lat="52.395584" lon="13.468184">
        <ele>44.406711</ele>
        <time>2026-07-05T10:48:11.000Z</time>
      </trkpt>
      <trkpt lat="52.395509" lon="13.468072">
        <ele>44.480855</ele>
        <time>2026-07-05T10:48:13.000Z</time>
      </trkpt>
      <trkpt lat="52.395458" lon="13.467931">
        <ele>44.553940</ele>
        <time>2026-07-05T10:48:15.000Z</time>
      </trkpt>
      <trkpt lat="52.395396" lon="13.467804">
        <ele>44.626460</ele>
        <time>2026-07-05T10:48:17.000Z</time>
      </trkpt>
      <trkpt lat="52.395332" lon="13.467676">
        <ele>44.695349</ele>
        <time>2026-07-05T10:48:19.000Z</time>
      </trkpt>
      <trkpt lat="52.395268" lon="13.467543">
        <ele>44.765561</ele>
        <time>2026-07-05T10:48:21.000Z</time>
      </trkpt>
      <trkpt lat="52.395206" lon="13.467417">
        <ele>44.832657</ele>
        <time>2026-07-05T10:48:23.000Z</time>
      </trkpt>
      <trkpt lat="52.395121" lon="13.467291">
        <ele>44.910517</ele>
        <time>2026-07-05T10:48:25.000Z</time>
      </trkpt>
      <trkpt lat="52.395070" lon="13.467151">
        <ele>44.978106</ele>
        <time>2026-07-05T10:48:27.000Z</time>
      </trkpt>
      <trkpt lat="52.395002" lon="13.467022">
        <ele>45.048769</ele>
        <time>2026-07-05T10:48:29.000Z</time>
      </trkpt>
      <trkpt lat="52.394924" lon="13.466915">
        <ele>45.117870</ele>
        <time>2026-07-05T10:48:31.000Z</time>
      </trkpt>
      <trkpt lat="52.394858" lon="13.466785">
        <ele>45.187971</ele>
        <time>2026-07-05T10:48:33.000Z</time>
      </trkpt>
      <trkpt lat="52.394785" lon="13.466664">
        <ele>45.258505</ele>
        <time>2026-07-05T10:48:35.000Z</time>
      </trkpt>
      <trkpt lat="52.394719" lon="13.466551">
        <ele>45.323346</ele>
        <time>2026-07-05T10:48:37.000Z</time>
      </trkpt>
      <trkpt lat="52.394650" lon="13.466427">
        <ele>45.392910</ele>
        <time>2026-07-05T10:48:39.000Z</time>
      </trkpt>
      <trkpt lat="52.394558" lon="13.466258">
        <ele>45.486792</ele>
        <time>2026-07-05T10:48:42.000Z</time>
      </trkpt>
      <trkpt lat="52.394496" lon="13.466116">
        <ele>45.559171</ele>
        <time>2026-07-05T10:48:44.000Z</time>
      </trkpt>
      <trkpt lat="52.394422" lon="13.466015">
        <ele>45.624593</ele>
        <time>2026-07-05T10:48:46.000Z</time>
      </trkpt>
      <trkpt lat="52.394356" lon="13.465866">
        <ele>45.700915</ele>
        <time>2026-07-05T10:48:48.000Z</time>
      </trkpt>
      <trkpt lat="52.394286" lon="13.465739">
        <ele>45.771858</ele>
        <time>2026-07-05T10:48:50.000Z</time>
      </trkpt>
      <trkpt lat="52.394212" lon="13.465603">
        <ele>45.847392</ele>
        <time>2026-07-05T10:48:52.000Z</time>
      </trkpt>
      <trkpt lat="52.394132" lon="13.465495">
        <ele>45.823436</ele>
        <time>2026-07-05T10:48:54.000Z</time>
      </trkpt>
      <trkpt lat="52.394081" lon="13.465360">
        <ele>45.794182</ele>
        <time>2026-07-05T10:48:56.000Z</time>
      </trkpt>
      <trkpt lat="52.394013" lon="13.465233">
        <ele>45.763052</ele>
        <time>2026-07-05T10:48:58.000Z</time>
      </trkpt>
      <trkpt lat="52.393944" lon="13.465103">
        <ele>45.731306</ele>
        <time>2026-07-05T10:49:00.000Z</time>
      </trkpt>
      <trkpt lat="52.393865" lon="13.464994">
        <ele>45.700125</ele>
        <time>2026-07-05T10:49:02.000Z</time>
      </trkpt>
      <trkpt lat="52.393808" lon="13.464877">
        <ele>45.672540</ele>
        <time>2026-07-05T10:49:04.000Z</time>
      </trkpt>
      <trkpt lat="52.393746" lon="13.464759">
        <ele>45.643849</ele>
        <time>2026-07-05T10:49:06.000Z</time>
      </trkpt>
      <trkpt lat="52.393697" lon="13.464635">
        <ele>45.616630</ele>
        <time>2026-07-05T10:49:08.000Z</time>
      </trkpt>
      <trkpt lat="52.393638" lon="13.464522">
        <ele>45.589229</ele>
        <time>2026-07-05T10:49:10.000Z</time>
      </trkpt>
      <trkpt lat="52.393576" lon="13.464405">
        <ele>45.560678</ele>
        <time>2026-07-05T10:49:12.000Z</time>
      </trkpt>
      <trkpt lat="52.393513" lon="13.464287">
        <ele>45.531789</ele>
        <time>2026-07-05T10:49:14.000Z</time>
      </trkpt>
      <trkpt lat="52.393447" lon="13.464163">
        <ele>45.501473</ele>
        <time>2026-07-05T10:49:16.000Z</time>
      </trkpt>
      <trkpt lat="52.393371" lon="13.464063">
        <ele>45.472044</ele>
        <time>2026-07-05T10:49:18.000Z</time>
      </trkpt>
      <trkpt lat="52.393317" lon="13.463924">
        <ele>45.441683</ele>
        <time>2026-07-05T10:49:20.000Z</time>
      </trkpt>
      <trkpt lat="52.393250" lon="13.463801">
        <ele>45.411304</ele>
        <time>2026-07-05T10:49:22.000Z</time>
      </trkpt>
      <trkpt lat="52.393183" lon="13.463676">
        <ele>45.380650</ele>
        <time>2026-07-05T10:49:24.000Z</time>
      </trkpt>
      <trkpt lat="52.393107" lon="13.463555">
        <ele>45.348656</ele>
        <time>2026-07-05T10:49:26.000Z</time>
      </trkpt>
      <trkpt lat="52.393036" lon="13.463422">
        <ele>45.316096</ele>
        <time>2026-07-05T10:49:28.000Z</time>
      </trkpt>
      <trkpt lat="52.392977" lon="13.463308">
        <ele>45.272150</ele>
        <time>2026-07-05T10:49:30.000Z</time>
      </trkpt>
      <trkpt lat="52.392913" lon="13.463189">
        <ele>45.219921</ele>
        <time>2026-07-05T10:49:32.000Z</time>
      </trkpt>
      <trkpt lat="52.392853" lon="13.463065">
        <ele>45.167813</ele>
        <time>2026-07-05T10:49:34.000Z</time>
      </trkpt>
      <trkpt lat="52.392784" lon="13.462943">
        <ele>45.113042</ele>
        <time>2026-07-05T10:49:36.000Z</time>
      </trkpt>
      <trkpt lat="52.392724" lon="13.462805">
        <ele>45.057249</ele>
        <time>2026-07-05T10:49:38.000Z</time>
      </trkpt>
      <trkpt lat="52.392656" lon="13.462679">
        <ele>45.001863</ele>
        <time>2026-07-05T10:49:40.000Z</time>
      </trkpt>
      <trkpt lat="52.392577" lon="13.462538">
        <ele>44.938835</ele>
        <time>2026-07-05T10:49:42.000Z</time>
      </trkpt>
      <trkpt lat="52.392497" lon="13.462397">
        <ele>44.875440</ele>
        <time>2026-07-05T10:49:44.000Z</time>
      </trkpt>
      <trkpt lat="52.392414" lon="13.462253">
        <ele>44.810218</ele>
        <time>2026-07-05T10:49:46.000Z</time>
      </trkpt>
      <trkpt lat="52.392326" lon="13.462133">
        <ele>44.748445</ele>
        <time>2026-07-05T10:49:48.000Z</time>
      </trkpt>
      <trkpt lat="52.392246" lon="13.461993">
        <ele>44.685291</ele>
        <time>2026-07-05T10:49:50.000Z</time>
      </trkpt>
      <trkpt lat="52.392170" lon="13.461881">
        <ele>44.630139</ele>
        <time>2026-07-05T10:49:52.000Z</time>
      </trkpt>
      <trkpt lat="52.392103" lon="13.461737">
        <ele>44.570513</ele>
        <time>2026-07-05T10:49:54.000Z</time>
      </trkpt>
      <trkpt lat="52.392030" lon="13.461622">
        <ele>44.515874</ele>
        <time>2026-07-05T10:49:56.000Z</time>
      </trkpt>
      <trkpt lat="52.391959" lon="13.461510">
        <ele>44.462698</ele>
        <time>2026-07-05T10:49:58.000Z</time>
      </trkpt>
      <trkpt lat="52.391881" lon="13.461392">
        <ele>44.405417</ele>
        <time>2026-07-05T10:50:00.000Z</time>
      </trkpt>
      <trkpt lat="52.391800" lon="13.461279">
        <ele>44.348018</ele>
        <time>2026-07-05T10:50:02.000Z</time>
      </trkpt>
      <trkpt lat="52.391727" lon="13.461174">
        <ele>44.333902</ele>
        <time>2026-07-05T10:50:04.000Z</time>
      </trkpt>
      <trkpt lat="52.391657" lon="13.461051">
        <ele>44.327519</ele>
        <time>2026-07-05T10:50:06.000Z</time>
      </trkpt>
      <trkpt lat="52.391588" lon="13.460925">
        <ele>44.321095</ele>
        <time>2026-07-05T10:50:08.000Z</time>
      </trkpt>
      <trkpt lat="52.391517" lon="13.460794">
        <ele>44.314446</ele>
        <time>2026-07-05T10:50:10.000Z</time>
      </trkpt>
      <trkpt lat="52.391437" lon="13.460683">
        <ele>44.307927</ele>
        <time>2026-07-05T10:50:12.000Z</time>
      </trkpt>
      <trkpt lat="52.391364" lon="13.460554">
        <ele>44.301251</ele>
        <time>2026-07-05T10:50:14.000Z</time>
      </trkpt>
      <trkpt lat="52.391277" lon="13.460462">
        <ele>44.294812</ele>
        <time>2026-07-05T10:50:16.000Z</time>
      </trkpt>
      <trkpt lat="52.391189" lon="13.460339">
        <ele>44.287619</ele>
        <time>2026-07-05T10:50:18.000Z</time>
      </trkpt>
      <trkpt lat="52.391115" lon="13.460230">
        <ele>44.281432</ele>
        <time>2026-07-05T10:50:20.000Z</time>
      </trkpt>
      <trkpt lat="52.391025" lon="13.460135">
        <ele>44.274774</ele>
        <time>2026-07-05T10:50:22.000Z</time>
      </trkpt>
      <trkpt lat="52.390955" lon="13.460016">
        <ele>44.268502</ele>
        <time>2026-07-05T10:50:24.000Z</time>
      </trkpt>
      <trkpt lat="52.390883" lon="13.459890">
        <ele>44.261951</ele>
        <time>2026-07-05T10:50:26.000Z</time>
      </trkpt>
      <trkpt lat="52.390804" lon="13.459786">
        <ele>44.255650</ele>
        <time>2026-07-05T10:50:28.000Z</time>
      </trkpt>
      <trkpt lat="52.390739" lon="13.459654">
        <ele>44.249213</ele>
        <time>2026-07-05T10:50:30.000Z</time>
      </trkpt>
      <trkpt lat="52.390668" lon="13.459547">
        <ele>44.243214</ele>
        <time>2026-07-05T10:50:32.000Z</time>
      </trkpt>
      <trkpt lat="52.390581" lon="13.459422">
        <ele>44.236019</ele>
        <time>2026-07-05T10:50:34.000Z</time>
      </trkpt>
      <trkpt lat="52.390499" lon="13.459302">
        <ele>44.229182</ele>
        <time>2026-07-05T10:50:36.000Z</time>
      </trkpt>
      <trkpt lat="52.390413" lon="13.459207">
        <ele>44.210846</ele>
        <time>2026-07-05T10:50:38.000Z</time>
      </trkpt>
      <trkpt lat="52.390326" lon="13.459086">
        <ele>44.184173</ele>
        <time>2026-07-05T10:50:40.000Z</time>
      </trkpt>
      <trkpt lat="52.390252" lon="13.458943">
        <ele>44.157429</ele>
        <time>2026-07-05T10:50:42.000Z</time>
      </trkpt>
      <trkpt lat="52.390159" lon="13.458832">
        <ele>44.130536</ele>
        <time>2026-07-05T10:50:44.000Z</time>
      </trkpt>
      <trkpt lat="52.390068" lon="13.458705">
        <ele>44.102596</ele>
        <time>2026-07-05T10:50:46.000Z</time>
      </trkpt>
      <trkpt lat="52.389985" lon="13.458581">
        <ele>44.076342</ele>
        <time>2026-07-05T10:50:48.000Z</time>
      </trkpt>
      <trkpt lat="52.389907" lon="13.458423">
        <ele>44.047353</ele>
        <time>2026-07-05T10:50:50.000Z</time>
      </trkpt>
      <trkpt lat="52.389810" lon="13.458269">
        <ele>44.015783</ele>
        <time>2026-07-05T10:50:52.000Z</time>
      </trkpt>
      <trkpt lat="52.389730" lon="13.458139">
        <ele>43.989448</ele>
        <time>2026-07-05T10:50:54.000Z</time>
      </trkpt>
      <trkpt lat="52.389660" lon="13.458005">
        <ele>43.964286</ele>
        <time>2026-07-05T10:50:56.000Z</time>
      </trkpt>
      <trkpt lat="52.389554" lon="13.457890">
        <ele>43.934571</ele>
        <time>2026-07-05T10:50:58.000Z</time>
      </trkpt>
      <trkpt lat="52.389465" lon="13.457772">
        <ele>43.907811</ele>
        <time>2026-07-05T10:51:00.000Z</time>
      </trkpt>
      <trkpt lat="52.389393" lon="13.457639">
        <ele>43.882450</ele>
        <time>2026-07-05T10:51:02.000Z</time>
      </trkpt>
      <trkpt lat="52.389328" lon="13.457521">
        <ele>43.859775</ele>
        <time>2026-07-05T10:51:04.000Z</time>
      </trkpt>
      <trkpt lat="52.389242" lon="13.457389">
        <ele>43.832231</ele>
        <time>2026-07-05T10:51:06.000Z</time>
      </trkpt>
      <trkpt lat="52.389162" lon="13.457270">
        <ele>43.806976</ele>
        <time>2026-07-05T10:51:08.000Z</time>
      </trkpt>
      <trkpt lat="52.389084" lon="13.457148">
        <ele>43.824149</ele>
        <time>2026-07-05T10:51:10.000Z</time>
      </trkpt>
      <trkpt lat="52.389007" lon="13.457017">
        <ele>43.842443</ele>
        <time>2026-07-05T10:51:12.000Z</time>
      </trkpt>
      <trkpt lat="52.388937" lon="13.456879">
        <ele>43.860493</ele>
        <time>2026-07-05T10:51:14.000Z</time>
      </trkpt>
      <trkpt lat="52.388852" lon="13.456779">
        <ele>43.877739</ele>
        <time>2026-07-05T10:51:16.000Z</time>
      </trkpt>
      <trkpt lat="52.388763" lon="13.456698">
        <ele>43.894518</ele>
        <time>2026-07-05T10:51:18.000Z</time>
      </trkpt>
      <trkpt lat="52.388688" lon="13.456569">
        <ele>43.912439</ele>
        <time>2026-07-05T10:51:20.000Z</time>
      </trkpt>
      <trkpt lat="52.388620" lon="13.456467">
        <ele>43.927634</ele>
        <time>2026-07-05T10:51:22.000Z</time>
      </trkpt>
      <trkpt lat="52.388557" lon="13.456349">
        <ele>43.943404</ele>
        <time>2026-07-05T10:51:24.000Z</time>
      </trkpt>
      <trkpt lat="52.388473" lon="13.456247">
        <ele>43.960635</ele>
        <time>2026-07-05T10:51:26.000Z</time>
      </trkpt>
      <trkpt lat="52.388393" lon="13.456125">
        <ele>43.978648</ele>
        <time>2026-07-05T10:51:28.000Z</time>
      </trkpt>
      <trkpt lat="52.388314" lon="13.456006">
        <ele>43.996334</ele>
        <time>2026-07-05T10:51:30.000Z</time>
      </trkpt>
      <trkpt lat="52.388224" lon="13.455908">
        <ele>44.014144</ele>
        <time>2026-07-05T10:51:32.000Z</time>
      </trkpt>
      <trkpt lat="52.388146" lon="13.455780">
        <ele>44.032338</ele>
        <time>2026-07-05T10:51:34.000Z</time>
      </trkpt>
      <trkpt lat="52.388076" lon="13.455631">
        <ele>44.051252</ele>
        <time>2026-07-05T10:51:36.000Z</time>
      </trkpt>
      <trkpt lat="52.387982" lon="13.455520">
        <ele>44.070349</ele>
        <time>2026-07-05T10:51:38.000Z</time>
      </trkpt>
      <trkpt lat="52.387896" lon="13.455396">
        <ele>44.089229</ele>
        <time>2026-07-05T10:51:40.000Z</time>
      </trkpt>
      <trkpt lat="52.387820" lon="13.455248">
        <ele>44.094659</ele>
        <time>2026-07-05T10:51:42.000Z</time>
      </trkpt>
      <trkpt lat="52.387738" lon="13.455122">
        <ele>44.066930</ele>
        <time>2026-07-05T10:51:44.000Z</time>
      </trkpt>
      <trkpt lat="52.387650" lon="13.454988">
        <ele>44.037298</ele>
        <time>2026-07-05T10:51:46.000Z</time>
      </trkpt>
      <trkpt lat="52.387569" lon="13.454866">
        <ele>44.010159</ele>
        <time>2026-07-05T10:51:48.000Z</time>
      </trkpt>
      <trkpt lat="52.387472" lon="13.454752">
        <ele>43.980715</ele>
        <time>2026-07-05T10:51:50.000Z</time>
      </trkpt>
      <trkpt lat="52.387379" lon="13.454626">
        <ele>43.950949</ele>
        <time>2026-07-05T10:51:52.000Z</time>
      </trkpt>
      <trkpt lat="52.387276" lon="13.454518">
        <ele>43.920786</ele>
        <time>2026-07-05T10:51:54.000Z</time>
      </trkpt>
      <trkpt lat="52.387170" lon="13.454406">
        <ele>43.889675</ele>
        <time>2026-07-05T10:51:56.000Z</time>
      </trkpt>
      <trkpt lat="52.387070" lon="13.454325">
        <ele>43.862159</ele>
        <time>2026-07-05T10:51:58.000Z</time>
      </trkpt>
      <trkpt lat="52.386950" lon="13.454234">
        <ele>43.829544</ele>
        <time>2026-07-05T10:52:00.000Z</time>
      </trkpt>
      <trkpt lat="52.386844" lon="13.454155">
        <ele>43.800820</ele>
        <time>2026-07-05T10:52:02.000Z</time>
      </trkpt>
      <trkpt lat="52.386728" lon="13.454066">
        <ele>43.769226</ele>
        <time>2026-07-05T10:52:04.000Z</time>
      </trkpt>
      <trkpt lat="52.386619" lon="13.453994">
        <ele>43.740237</ele>
        <time>2026-07-05T10:52:06.000Z</time>
      </trkpt>
      <trkpt lat="52.386509" lon="13.453880">
        <ele>43.708132</ele>
        <time>2026-07-05T10:52:08.000Z</time>
      </trkpt>
      <trkpt lat="52.386392" lon="13.453790">
        <ele>43.676251</ele>
        <time>2026-07-05T10:52:10.000Z</time>
      </trkpt>
      <trkpt lat="52.386285" lon="13.453705">
        <ele>43.667101</ele>
        <time>2026-07-05T10:52:12.000Z</time>
      </trkpt>
      <trkpt lat="52.386173" lon="13.453648">
        <ele>43.684902</ele>
        <time>2026-07-05T10:52:14.000Z</time>
      </trkpt>
      <trkpt lat="52.386066" lon="13.453560">
        <ele>43.703074</ele>
        <time>2026-07-05T10:52:16.000Z</time>
      </trkpt>
      <trkpt lat="52.385969" lon="13.453460">
        <ele>43.720469</ele>
        <time>2026-07-05T10:52:18.000Z</time>
      </trkpt>
      <trkpt lat="52.385858" lon="13.453403">
        <ele>43.738125</ele>
        <time>2026-07-05T10:52:20.000Z</time>
      </trkpt>
      <trkpt lat="52.385757" lon="13.453325">
        <ele>43.755072</ele>
        <time>2026-07-05T10:52:22.000Z</time>
      </trkpt>
      <trkpt lat="52.385674" lon="13.453233">
        <ele>43.770282</ele>
        <time>2026-07-05T10:52:24.000Z</time>
      </trkpt>
      <trkpt lat="52.385546" lon="13.453168">
        <ele>43.790622</ele>
        <time>2026-07-05T10:52:27.000Z</time>
      </trkpt>
      <trkpt lat="52.385424" lon="13.453072">
        <ele>43.811164</ele>
        <time>2026-07-05T10:52:30.000Z</time>
      </trkpt>
      <trkpt lat="52.385346" lon="13.452988">
        <ele>43.825332</ele>
        <time>2026-07-05T10:52:32.000Z</time>
      </trkpt>
      <trkpt lat="52.385265" lon="13.452916">
        <ele>43.839319</ele>
        <time>2026-07-05T10:52:34.000Z</time>
      </trkpt>
      <trkpt lat="52.385145" lon="13.452827">
        <ele>43.859312</ele>
        <time>2026-07-05T10:52:37.000Z</time>
      </trkpt>
      <trkpt lat="52.385057" lon="13.452731">
        <ele>43.875359</ele>
        <time>2026-07-05T10:52:39.000Z</time>
      </trkpt>
      <trkpt lat="52.384954" lon="13.452677">
        <ele>43.891773</ele>
        <time>2026-07-05T10:52:41.000Z</time>
      </trkpt>
      <trkpt lat="52.384866" lon="13.452595">
        <ele>43.907139</ele>
        <time>2026-07-05T10:52:43.000Z</time>
      </trkpt>
      <trkpt lat="52.384773" lon="13.452529">
        <ele>43.922522</ele>
        <time>2026-07-05T10:52:45.000Z</time>
      </trkpt>
      <trkpt lat="52.384674" lon="13.452461">
        <ele>43.922615</ele>
        <time>2026-07-05T10:52:47.000Z</time>
      </trkpt>
      <trkpt lat="52.384563" lon="13.452358">
        <ele>43.892972</ele>
        <time>2026-07-05T10:52:50.000Z</time>
      </trkpt>
      <trkpt lat="52.384467" lon="13.452586">
        <ele>43.853686</ele>
        <time>2026-07-05T10:52:54.000Z</time>
      </trkpt>
      <trkpt lat="52.384405" lon="13.452704">
        <ele>43.831603</ele>
        <time>2026-07-05T10:52:56.000Z</time>
      </trkpt>
      <trkpt lat="52.384296" lon="13.452634">
        <ele>43.804398</ele>
        <time>2026-07-05T10:52:58.000Z</time>
      </trkpt>
      <trkpt lat="52.384226" lon="13.452528">
        <ele>43.782248</ele>
        <time>2026-07-05T10:53:00.000Z</time>
      </trkpt>
      <trkpt lat="52.384142" lon="13.452448">
        <ele>43.759670</ele>
        <time>2026-07-05T10:53:02.000Z</time>
      </trkpt>
      <trkpt lat="52.384057" lon="13.452369">
        <ele>43.736962</ele>
        <time>2026-07-05T10:53:04.000Z</time>
      </trkpt>
      <trkpt lat="52.383968" lon="13.452321">
        <ele>43.715189</ele>
        <time>2026-07-05T10:53:06.000Z</time>
      </trkpt>
      <trkpt lat="52.383850" lon="13.452234">
        <ele>43.685120</ele>
        <time>2026-07-05T10:53:09.000Z</time>
      </trkpt>
      <trkpt lat="52.383721" lon="13.452157">
        <ele>43.653216</ele>
        <time>2026-07-05T10:53:12.000Z</time>
      </trkpt>
      <trkpt lat="52.383599" lon="13.452079">
        <ele>43.622785</ele>
        <time>2026-07-05T10:53:15.000Z</time>
      </trkpt>
      <trkpt lat="52.383505" lon="13.452068">
        <ele>43.600886</ele>
        <time>2026-07-05T10:53:17.000Z</time>
      </trkpt>
      <trkpt lat="52.383410" lon="13.452050">
        <ele>43.578663</ele>
        <time>2026-07-05T10:53:19.000Z</time>
      </trkpt>
      <trkpt lat="52.383306" lon="13.452044">
        <ele>43.554482</ele>
        <time>2026-07-05T10:53:21.000Z</time>
      </trkpt>
      <trkpt lat="52.383222" lon="13.452106">
        <ele>43.533073</ele>
        <time>2026-07-05T10:53:23.000Z</time>
      </trkpt>
      <trkpt lat="52.383134" lon="13.452150">
        <ele>43.516664</ele>
        <time>2026-07-05T10:53:25.000Z</time>
      </trkpt>
      <trkpt lat="52.383052" lon="13.452265">
        <ele>43.536688</ele>
        <time>2026-07-05T10:53:27.000Z</time>
      </trkpt>
      <trkpt lat="52.382990" lon="13.452405">
        <ele>43.556273</ele>
        <time>2026-07-05T10:53:29.000Z</time>
      </trkpt>
      <trkpt lat="52.382940" lon="13.452561">
        <ele>43.576224</ele>
        <time>2026-07-05T10:53:31.000Z</time>
      </trkpt>
      <trkpt lat="52.382902" lon="13.452720">
        <ele>43.595559</ele>
        <time>2026-07-05T10:53:33.000Z</time>
      </trkpt>
      <trkpt lat="52.382864" lon="13.452881">
        <ele>43.615105</ele>
        <time>2026-07-05T10:53:35.000Z</time>
      </trkpt>
      <trkpt lat="52.382816" lon="13.453042">
        <ele>43.635393</ele>
        <time>2026-07-05T10:53:37.000Z</time>
      </trkpt>
      <trkpt lat="52.382767" lon="13.453202">
        <ele>43.655663</ele>
        <time>2026-07-05T10:53:39.000Z</time>
      </trkpt>
      <trkpt lat="52.382719" lon="13.453351">
        <ele>43.674740</ele>
        <time>2026-07-05T10:53:41.000Z</time>
      </trkpt>
      <trkpt lat="52.382671" lon="13.453504">
        <ele>43.694218</ele>
        <time>2026-07-05T10:53:43.000Z</time>
      </trkpt>
      <trkpt lat="52.382622" lon="13.453656">
        <ele>43.713682</ele>
        <time>2026-07-05T10:53:45.000Z</time>
      </trkpt>
      <trkpt lat="52.382574" lon="13.453805">
        <ele>43.732759</ele>
        <time>2026-07-05T10:53:47.000Z</time>
      </trkpt>
      <trkpt lat="52.382522" lon="13.453965">
        <ele>43.753285</ele>
        <time>2026-07-05T10:53:49.000Z</time>
      </trkpt>
      <trkpt lat="52.382473" lon="13.454132">
        <ele>43.774266</ele>
        <time>2026-07-05T10:53:51.000Z</time>
      </trkpt>
      <trkpt lat="52.382422" lon="13.454285">
        <ele>43.794005</ele>
        <time>2026-07-05T10:53:53.000Z</time>
      </trkpt>
      <trkpt lat="52.382374" lon="13.454432">
        <ele>43.812882</ele>
        <time>2026-07-05T10:53:55.000Z</time>
      </trkpt>
      <trkpt lat="52.382325" lon="13.454587">
        <ele>43.832647</ele>
        <time>2026-07-05T10:53:57.000Z</time>
      </trkpt>
      <trkpt lat="52.382278" lon="13.454732">
        <ele>43.852957</ele>
        <time>2026-07-05T10:53:59.000Z</time>
      </trkpt>
      <trkpt lat="52.382229" lon="13.454887">
        <ele>43.883622</ele>
        <time>2026-07-05T10:54:01.000Z</time>
      </trkpt>
      <trkpt lat="52.382180" lon="13.455035">
        <ele>43.913202</ele>
        <time>2026-07-05T10:54:03.000Z</time>
      </trkpt>
      <trkpt lat="52.382120" lon="13.455181">
        <ele>43.944122</ele>
        <time>2026-07-05T10:54:05.000Z</time>
      </trkpt>
      <trkpt lat="52.382082" lon="13.455348">
        <ele>43.975433</ele>
        <time>2026-07-05T10:54:07.000Z</time>
      </trkpt>
      <trkpt lat="52.382036" lon="13.455499">
        <ele>44.005081</ele>
        <time>2026-07-05T10:54:09.000Z</time>
      </trkpt>
      <trkpt lat="52.381983" lon="13.455630">
        <ele>44.032692</ele>
        <time>2026-07-05T10:54:11.000Z</time>
      </trkpt>
      <trkpt lat="52.381922" lon="13.455818">
        <ele>44.070096</ele>
        <time>2026-07-05T10:54:14.000Z</time>
      </trkpt>
      <trkpt lat="52.381874" lon="13.455964">
        <ele>44.099229</ele>
        <time>2026-07-05T10:54:16.000Z</time>
      </trkpt>
      <trkpt lat="52.381842" lon="13.456128">
        <ele>44.129477</ele>
        <time>2026-07-05T10:54:18.000Z</time>
      </trkpt>
      <trkpt lat="52.381789" lon="13.456274">
        <ele>44.159320</ele>
        <time>2026-07-05T10:54:20.000Z</time>
      </trkpt>
      <trkpt lat="52.381744" lon="13.456428">
        <ele>44.189315</ele>
        <time>2026-07-05T10:54:22.000Z</time>
      </trkpt>
      <trkpt lat="52.381684" lon="13.456573">
        <ele>44.220091</ele>
        <time>2026-07-05T10:54:24.000Z</time>
      </trkpt>
      <trkpt lat="52.381641" lon="13.456746">
        <ele>44.252907</ele>
        <time>2026-07-05T10:54:26.000Z</time>
      </trkpt>
      <trkpt lat="52.381591" lon="13.456892">
        <ele>44.282318</ele>
        <time>2026-07-05T10:54:28.000Z</time>
      </trkpt>
      <trkpt lat="52.381548" lon="13.457039">
        <ele>44.310955</ele>
        <time>2026-07-05T10:54:30.000Z</time>
      </trkpt>
      <trkpt lat="52.381504" lon="13.457192">
        <ele>44.340668</ele>
        <time>2026-07-05T10:54:32.000Z</time>
      </trkpt>
      <trkpt lat="52.381458" lon="13.457343">
        <ele>44.361260</ele>
        <time>2026-07-05T10:54:34.000Z</time>
      </trkpt>
      <trkpt lat="52.381402" lon="13.457486">
        <ele>44.331308</ele>
        <time>2026-07-05T10:54:36.000Z</time>
      </trkpt>
      <trkpt lat="52.381378" lon="13.457633">
        <ele>44.304483</ele>
        <time>2026-07-05T10:54:38.000Z</time>
      </trkpt>
      <trkpt lat="52.381335" lon="13.457775">
        <ele>44.276539</ele>
        <time>2026-07-05T10:54:40.000Z</time>
      </trkpt>
      <trkpt lat="52.381278" lon="13.457903">
        <ele>44.248607</ele>
        <time>2026-07-05T10:54:42.000Z</time>
      </trkpt>
      <trkpt lat="52.381217" lon="13.458022">
        <ele>44.221212</ele>
        <time>2026-07-05T10:54:44.000Z</time>
      </trkpt>
      <trkpt lat="52.381140" lon="13.458115">
        <ele>44.193584</ele>
        <time>2026-07-05T10:54:46.000Z</time>
      </trkpt>
      <trkpt lat="52.381062" lon="13.458217">
        <ele>44.164760</ele>
        <time>2026-07-05T10:54:48.000Z</time>
      </trkpt>
      <trkpt lat="52.380975" lon="13.458284">
        <ele>44.136996</ele>
        <time>2026-07-05T10:54:50.000Z</time>
      </trkpt>
      <trkpt lat="52.380874" lon="13.458309">
        <ele>44.107495</ele>
        <time>2026-07-05T10:54:52.000Z</time>
      </trkpt>
      <trkpt lat="52.380766" lon="13.458291">
        <ele>44.076143</ele>
        <time>2026-07-05T10:54:54.000Z</time>
      </trkpt>
      <trkpt lat="52.380655" lon="13.458249">
        <ele>44.043241</ele>
        <time>2026-07-05T10:54:56.000Z</time>
      </trkpt>
      <trkpt lat="52.380553" lon="13.458197">
        <ele>44.012389</ele>
        <time>2026-07-05T10:54:58.000Z</time>
      </trkpt>
      <trkpt lat="52.380462" lon="13.458133">
        <ele>43.983788</ele>
        <time>2026-07-05T10:55:00.000Z</time>
      </trkpt>
      <trkpt lat="52.380384" lon="13.458056">
        <ele>43.957487</ele>
        <time>2026-07-05T10:55:02.000Z</time>
      </trkpt>
      <trkpt lat="52.380268" lon="13.457986">
        <ele>43.921785</ele>
        <time>2026-07-05T10:55:05.000Z</time>
      </trkpt>
      <trkpt lat="52.380177" lon="13.457966">
        <ele>43.895268</ele>
        <time>2026-07-05T10:55:09.000Z</time>
      </trkpt>
      <trkpt lat="52.380120" lon="13.457840">
        <ele>43.867620</ele>
        <time>2026-07-05T10:55:15.000Z</time>
      </trkpt>
      <trkpt lat="52.380028" lon="13.457745">
        <ele>43.851943</ele>
        <time>2026-07-05T10:55:18.000Z</time>
      </trkpt>
      <trkpt lat="52.379901" lon="13.457676">
        <ele>43.873361</ele>
        <time>2026-07-05T10:55:21.000Z</time>
      </trkpt>
      <trkpt lat="52.379814" lon="13.457611">
        <ele>43.888668</ele>
        <time>2026-07-05T10:55:23.000Z</time>
      </trkpt>
      <trkpt lat="52.379729" lon="13.457554">
        <ele>43.903370</ele>
        <time>2026-07-05T10:55:25.000Z</time>
      </trkpt>
      <trkpt lat="52.379608" lon="13.457476">
        <ele>43.924185</ele>
        <time>2026-07-05T10:55:28.000Z</time>
      </trkpt>
      <trkpt lat="52.379519" lon="13.457501">
        <ele>43.938640</ele>
        <time>2026-07-05T10:55:39.000Z</time>
      </trkpt>
      <trkpt lat="52.379438" lon="13.457838">
        <ele>43.974031</ele>
        <time>2026-07-05T11:02:35.000Z</time>
      </trkpt>
      <trkpt lat="52.379382" lon="13.458034">
        <ele>43.995177</ele>
        <time>2026-07-05T11:02:38.000Z</time>
      </trkpt>
      <trkpt lat="52.379342" lon="13.458186">
        <ele>44.011352</ele>
        <time>2026-07-05T11:02:40.000Z</time>
      </trkpt>
      <trkpt lat="52.379302" lon="13.458341">
        <ele>44.027795</ele>
        <time>2026-07-05T11:02:42.000Z</time>
      </trkpt>
      <trkpt lat="52.379256" lon="13.458491">
        <ele>44.044198</ele>
        <time>2026-07-05T11:02:44.000Z</time>
      </trkpt>
      <trkpt lat="52.379219" lon="13.458638">
        <ele>44.059736</ele>
        <time>2026-07-05T11:02:46.000Z</time>
      </trkpt>
      <trkpt lat="52.379168" lon="13.458795">
        <ele>44.077114</ele>
        <time>2026-07-05T11:02:48.000Z</time>
      </trkpt>
      <trkpt lat="52.379119" lon="13.458944">
        <ele>44.093653</ele>
        <time>2026-07-05T11:02:50.000Z</time>
      </trkpt>
      <trkpt lat="52.379070" lon="13.459101">
        <ele>44.110883</ele>
        <time>2026-07-05T11:02:52.000Z</time>
      </trkpt>
      <trkpt lat="52.379022" lon="13.459257">
        <ele>44.127954</ele>
        <time>2026-07-05T11:02:54.000Z</time>
      </trkpt>
      <trkpt lat="52.378969" lon="13.459406">
        <ele>44.183136</ele>
        <time>2026-07-05T11:02:56.000Z</time>
      </trkpt>
      <trkpt lat="52.378913" lon="13.459567">
        <ele>44.267024</ele>
        <time>2026-07-05T11:02:58.000Z</time>
      </trkpt>
      <trkpt lat="52.378859" lon="13.459718">
        <ele>44.346250</ele>
        <time>2026-07-05T11:03:00.000Z</time>
      </trkpt>
      <trkpt lat="52.378817" lon="13.459862">
        <ele>44.418500</ele>
        <time>2026-07-05T11:03:02.000Z</time>
      </trkpt>
      <trkpt lat="52.378757" lon="13.460010">
        <ele>44.498932</ele>
        <time>2026-07-05T11:03:05.000Z</time>
      </trkpt>
      <trkpt lat="52.378712" lon="13.460144">
        <ele>44.568169</ele>
        <time>2026-07-05T11:03:08.000Z</time>
      </trkpt>
      <trkpt lat="52.378757" lon="13.460311">
        <ele>44.650811</ele>
        <time>2026-07-05T11:03:33.000Z</time>
      </trkpt>
      <trkpt lat="52.378846" lon="13.460405">
        <ele>44.729344</ele>
        <time>2026-07-05T11:03:36.000Z</time>
      </trkpt>
      <trkpt lat="52.378903" lon="13.460541">
        <ele>44.804028</ele>
        <time>2026-07-05T11:03:39.000Z</time>
      </trkpt>
      <trkpt lat="52.378855" lon="13.460738">
        <ele>44.900054</ele>
        <time>2026-07-05T11:03:42.000Z</time>
      </trkpt>
      <trkpt lat="52.378796" lon="13.460922">
        <ele>44.994146</ele>
        <time>2026-07-05T11:03:45.000Z</time>
      </trkpt>
      <trkpt lat="52.378736" lon="13.461119">
        <ele>45.093815</ele>
        <time>2026-07-05T11:03:48.000Z</time>
      </trkpt>
      <trkpt lat="52.378692" lon="13.461253">
        <ele>45.162698</ele>
        <time>2026-07-05T11:03:50.000Z</time>
      </trkpt>
      <trkpt lat="52.378648" lon="13.461395">
        <ele>45.234791</ele>
        <time>2026-07-05T11:03:52.000Z</time>
      </trkpt>
      <trkpt lat="52.378601" lon="13.461546">
        <ele>45.311525</ele>
        <time>2026-07-05T11:03:54.000Z</time>
      </trkpt>
      <trkpt lat="52.378554" lon="13.461694">
        <ele>45.387051</ele>
        <time>2026-07-05T11:03:56.000Z</time>
      </trkpt>
      <trkpt lat="52.378500" lon="13.461883">
        <ele>45.456362</ele>
        <time>2026-07-05T11:03:59.000Z</time>
      </trkpt>
      <trkpt lat="52.378453" lon="13.462042">
        <ele>45.385701</ele>
        <time>2026-07-05T11:04:02.000Z</time>
      </trkpt>
      <trkpt lat="52.378428" lon="13.462210">
        <ele>45.316537</ele>
        <time>2026-07-05T11:04:05.000Z</time>
      </trkpt>
      <trkpt lat="52.378462" lon="13.462392">
        <ele>45.240408</ele>
        <time>2026-07-05T11:04:08.000Z</time>
      </trkpt>
      <trkpt lat="52.378516" lon="13.462560">
        <ele>45.164465</ele>
        <time>2026-07-05T11:04:11.000Z</time>
      </trkpt>
      <trkpt lat="52.378592" lon="13.462712">
        <ele>45.085878</ele>
        <time>2026-07-05T11:04:14.000Z</time>
      </trkpt>
      <trkpt lat="52.378663" lon="13.462861">
        <ele>45.010274</ele>
        <time>2026-07-05T11:04:17.000Z</time>
      </trkpt>
      <trkpt lat="52.378721" lon="13.462995">
        <ele>44.944571</ele>
        <time>2026-07-05T11:04:20.000Z</time>
      </trkpt>
      <trkpt lat="52.378631" lon="13.463074">
        <ele>44.877668</ele>
        <time>2026-07-05T11:04:25.000Z</time>
      </trkpt>
      <trkpt lat="52.378521" lon="13.463046">
        <ele>44.804728</ele>
        <time>2026-07-05T11:04:28.000Z</time>
      </trkpt>
      <trkpt lat="52.378393" lon="13.463055">
        <ele>44.720782</ele>
        <time>2026-07-05T11:04:31.000Z</time>
      </trkpt>
      <trkpt lat="52.378300" lon="13.463066">
        <ele>44.659687</ele>
        <time>2026-07-05T11:04:33.000Z</time>
      </trkpt>
      <trkpt lat="52.378201" lon="13.463083">
        <ele>44.594464</ele>
        <time>2026-07-05T11:04:35.000Z</time>
      </trkpt>
      <trkpt lat="52.378113" lon="13.463131">
        <ele>44.533692</ele>
        <time>2026-07-05T11:04:37.000Z</time>
      </trkpt>
      <trkpt lat="52.378011" lon="13.463183">
        <ele>44.463697</ele>
        <time>2026-07-05T11:04:40.000Z</time>
      </trkpt>
      <trkpt lat="52.377898" lon="13.463122">
        <ele>44.385739</ele>
        <time>2026-07-05T11:04:43.000Z</time>
      </trkpt>
      <trkpt lat="52.377817" lon="13.462966">
        <ele>44.303823</ele>
        <time>2026-07-05T11:04:46.000Z</time>
      </trkpt>
      <trkpt lat="52.377751" lon="13.462853">
        <ele>44.258205</ele>
        <time>2026-07-05T11:04:49.000Z</time>
      </trkpt>
      <trkpt lat="52.377657" lon="13.462735">
        <ele>44.207775</ele>
        <time>2026-07-05T11:04:52.000Z</time>
      </trkpt>
      <trkpt lat="52.377579" lon="13.462648">
        <ele>44.167591</ele>
        <time>2026-07-05T11:04:54.000Z</time>
      </trkpt>
      <trkpt lat="52.377488" lon="13.462536">
        <ele>44.119122</ele>
        <time>2026-07-05T11:04:57.000Z</time>
      </trkpt>
      <trkpt lat="52.377407" lon="13.462404">
        <ele>44.070468</ele>
        <time>2026-07-05T11:05:00.000Z</time>
      </trkpt>
      <trkpt lat="52.377318" lon="13.462294">
        <ele>44.022992</ele>
        <time>2026-07-05T11:05:03.000Z</time>
      </trkpt>
      <trkpt lat="52.377215" lon="13.462367">
        <ele>43.975202</ele>
        <time>2026-07-05T11:05:06.000Z</time>
      </trkpt>
      <trkpt lat="52.377098" lon="13.462481">
        <ele>43.917232</ele>
        <time>2026-07-05T11:05:09.000Z</time>
      </trkpt>
      <trkpt lat="52.377014" lon="13.462555">
        <ele>43.876618</ele>
        <time>2026-07-05T11:05:11.000Z</time>
      </trkpt>
      <trkpt lat="52.376884" lon="13.462640">
        <ele>43.817012</ele>
        <time>2026-07-05T11:05:14.000Z</time>
      </trkpt>
      <trkpt lat="52.376808" lon="13.462721">
        <ele>43.778402</ele>
        <time>2026-07-05T11:05:16.000Z</time>
      </trkpt>
      <trkpt lat="52.376727" lon="13.462795">
        <ele>43.738908</ele>
        <time>2026-07-05T11:05:18.000Z</time>
      </trkpt>
      <trkpt lat="52.376623" lon="13.462870">
        <ele>43.690520</ele>
        <time>2026-07-05T11:05:20.000Z</time>
      </trkpt>
      <trkpt lat="52.376542" lon="13.462957">
        <ele>43.649274</ele>
        <time>2026-07-05T11:05:22.000Z</time>
      </trkpt>
      <trkpt lat="52.376437" lon="13.463059">
        <ele>43.597290</ele>
        <time>2026-07-05T11:05:25.000Z</time>
      </trkpt>
      <trkpt lat="52.376335" lon="13.463119">
        <ele>43.551140</ele>
        <time>2026-07-05T11:05:28.000Z</time>
      </trkpt>
      <trkpt lat="52.376220" lon="13.463192">
        <ele>43.512110</ele>
        <time>2026-07-05T11:05:32.000Z</time>
      </trkpt>
      <trkpt lat="52.376115" lon="13.463266">
        <ele>43.489593</ele>
        <time>2026-07-05T11:05:35.000Z</time>
      </trkpt>
      <trkpt lat="52.376000" lon="13.463337">
        <ele>43.465384</ele>
        <time>2026-07-05T11:05:38.000Z</time>
      </trkpt>
      <trkpt lat="52.375893" lon="13.463433">
        <ele>43.441353</ele>
        <time>2026-07-05T11:05:41.000Z</time>
      </trkpt>
      <trkpt lat="52.375781" lon="13.463519">
        <ele>43.416987</ele>
        <time>2026-07-05T11:05:44.000Z</time>
      </trkpt>
      <trkpt lat="52.375679" lon="13.463614">
        <ele>43.393873</ele>
        <time>2026-07-05T11:05:47.000Z</time>
      </trkpt>
      <trkpt lat="52.375607" lon="13.463738">
        <ele>43.373294</ele>
        <time>2026-07-05T11:05:50.000Z</time>
      </trkpt>
      <trkpt lat="52.375545" lon="13.463908">
        <ele>43.349480</ele>
        <time>2026-07-05T11:05:58.000Z</time>
      </trkpt>
      <trkpt lat="52.375500" lon="13.464048">
        <ele>43.330453</ele>
        <time>2026-07-05T11:06:01.000Z</time>
      </trkpt>
      <trkpt lat="52.375466" lon="13.464202">
        <ele>43.310760</ele>
        <time>2026-07-05T11:06:04.000Z</time>
      </trkpt>
      <trkpt lat="52.375429" lon="13.464384">
        <ele>43.287691</ele>
        <time>2026-07-05T11:06:07.000Z</time>
      </trkpt>
      <trkpt lat="52.375393" lon="13.464559">
        <ele>43.265484</ele>
        <time>2026-07-05T11:06:10.000Z</time>
      </trkpt>
      <trkpt lat="52.375350" lon="13.464714">
        <ele>43.245010</ele>
        <time>2026-07-05T11:06:13.000Z</time>
      </trkpt>
      <trkpt lat="52.375308" lon="13.464876">
        <ele>43.223844</ele>
        <time>2026-07-05T11:06:16.000Z</time>
      </trkpt>
      <trkpt lat="52.375276" lon="13.465033">
        <ele>43.203939</ele>
        <time>2026-07-05T11:06:19.000Z</time>
      </trkpt>
      <trkpt lat="52.375240" lon="13.465203">
        <ele>43.182301</ele>
        <time>2026-07-05T11:06:22.000Z</time>
      </trkpt>
      <trkpt lat="52.375139" lon="13.465201">
        <ele>43.176811</ele>
        <time>2026-07-05T11:06:26.000Z</time>
      </trkpt>
      <trkpt lat="52.375051" lon="13.465097">
        <ele>43.199360</ele>
        <time>2026-07-05T11:06:29.000Z</time>
      </trkpt>
      <trkpt lat="52.374948" lon="13.465030">
        <ele>43.222388</ele>
        <time>2026-07-05T11:06:32.000Z</time>
      </trkpt>
      <trkpt lat="52.374822" lon="13.464948">
        <ele>43.250561</ele>
        <time>2026-07-05T11:06:35.000Z</time>
      </trkpt>
      <trkpt lat="52.374725" lon="13.464930">
        <ele>43.270846</ele>
        <time>2026-07-05T11:06:37.000Z</time>
      </trkpt>
      <trkpt lat="52.374619" lon="13.464875">
        <ele>43.293950</ele>
        <time>2026-07-05T11:06:39.000Z</time>
      </trkpt>
      <trkpt lat="52.374517" lon="13.464797">
        <ele>43.317341</ele>
        <time>2026-07-05T11:06:41.000Z</time>
      </trkpt>
      <trkpt lat="52.374410" lon="13.464725">
        <ele>43.341378</ele>
        <time>2026-07-05T11:06:43.000Z</time>
      </trkpt>
      <trkpt lat="52.374293" lon="13.464672">
        <ele>43.366602</ele>
        <time>2026-07-05T11:06:45.000Z</time>
      </trkpt>
      <trkpt lat="52.374170" lon="13.464626">
        <ele>43.392818</ele>
        <time>2026-07-05T11:06:47.000Z</time>
      </trkpt>
      <trkpt lat="52.374048" lon="13.464606">
        <ele>43.418296</ele>
        <time>2026-07-05T11:06:49.000Z</time>
      </trkpt>
      <trkpt lat="52.373932" lon="13.464613">
        <ele>43.442416</ele>
        <time>2026-07-05T11:06:50.999Z</time>
      </trkpt>
      <trkpt lat="52.373820" lon="13.464675">
        <ele>43.466982</ele>
        <time>2026-07-05T11:06:52.999Z</time>
      </trkpt>
      <trkpt lat="52.373728" lon="13.464805">
        <ele>43.492229</ele>
        <time>2026-07-05T11:06:54.999Z</time>
      </trkpt>
      <trkpt lat="52.373643" lon="13.464911">
        <ele>43.514428</ele>
        <time>2026-07-05T11:06:56.999Z</time>
      </trkpt>
      <trkpt lat="52.373576" lon="13.465041">
        <ele>43.536010</ele>
        <time>2026-07-05T11:06:58.999Z</time>
      </trkpt>
      <trkpt lat="52.373524" lon="13.465196">
        <ele>43.523847</ele>
        <time>2026-07-05T11:07:00.999Z</time>
      </trkpt>
      <trkpt lat="52.373470" lon="13.465357">
        <ele>43.494407</ele>
        <time>2026-07-05T11:07:02.999Z</time>
      </trkpt>
      <trkpt lat="52.373392" lon="13.465489">
        <ele>43.464965</ele>
        <time>2026-07-05T11:07:04.999Z</time>
      </trkpt>
      <trkpt lat="52.373304" lon="13.465594">
        <ele>43.436385</ele>
        <time>2026-07-05T11:07:06.999Z</time>
      </trkpt>
      <trkpt lat="52.373215" lon="13.465692">
        <ele>43.408233</ele>
        <time>2026-07-05T11:07:08.999Z</time>
      </trkpt>
      <trkpt lat="52.373139" lon="13.465780">
        <ele>43.383800</ele>
        <time>2026-07-05T11:07:10.999Z</time>
      </trkpt>
      <trkpt lat="52.373043" lon="13.465692">
        <ele>43.354921</ele>
        <time>2026-07-05T11:07:13.999Z</time>
      </trkpt>
      <trkpt lat="52.372960" lon="13.465553">
        <ele>43.323760</ele>
        <time>2026-07-05T11:07:16.000Z</time>
      </trkpt>
      <trkpt lat="52.372906" lon="13.465389">
        <ele>43.293897</ele>
        <time>2026-07-05T11:07:18.000Z</time>
      </trkpt>
      <trkpt lat="52.372835" lon="13.465242">
        <ele>43.263856</ele>
        <time>2026-07-05T11:07:20.000Z</time>
      </trkpt>
      <trkpt lat="52.372760" lon="13.465128">
        <ele>43.236996</ele>
        <time>2026-07-05T11:07:22.000Z</time>
      </trkpt>
      <trkpt lat="52.372588" lon="13.465348">
        <ele>43.179708</ele>
        <time>2026-07-05T11:07:24.000Z</time>
      </trkpt>
      <trkpt lat="52.372526" lon="13.465535">
        <ele>43.145603</ele>
        <time>2026-07-05T11:07:26.000Z</time>
      </trkpt>
      <trkpt lat="52.372465" lon="13.465731">
        <ele>43.110344</ele>
        <time>2026-07-05T11:07:28.000Z</time>
      </trkpt>
      <trkpt lat="52.372408" lon="13.465938">
        <ele>43.073950</ele>
        <time>2026-07-05T11:07:30.000Z</time>
      </trkpt>
      <trkpt lat="52.372354" lon="13.466150">
        <ele>43.060564</ele>
        <time>2026-07-05T11:07:32.000Z</time>
      </trkpt>
      <trkpt lat="52.372321" lon="13.466377">
        <ele>43.049045</ele>
        <time>2026-07-05T11:07:34.000Z</time>
      </trkpt>
      <trkpt lat="52.372296" lon="13.466608">
        <ele>43.037463</ele>
        <time>2026-07-05T11:07:36.000Z</time>
      </trkpt>
      <trkpt lat="52.372274" lon="13.466839">
        <ele>43.025921</ele>
        <time>2026-07-05T11:07:38.000Z</time>
      </trkpt>
      <trkpt lat="52.372230" lon="13.467072">
        <ele>43.013881</ele>
        <time>2026-07-05T11:07:40.000Z</time>
      </trkpt>
      <trkpt lat="52.372178" lon="13.467297">
        <ele>43.002004</ele>
        <time>2026-07-05T11:07:42.000Z</time>
      </trkpt>
      <trkpt lat="52.372127" lon="13.467536">
        <ele>42.989505</ele>
        <time>2026-07-05T11:07:44.000Z</time>
      </trkpt>
      <trkpt lat="52.372082" lon="13.467772">
        <ele>42.977300</ele>
        <time>2026-07-05T11:07:46.000Z</time>
      </trkpt>
      <trkpt lat="52.372027" lon="13.468004">
        <ele>42.965013</ele>
        <time>2026-07-05T11:07:48.000Z</time>
      </trkpt>
      <trkpt lat="52.371974" lon="13.468239">
        <ele>42.952645</ele>
        <time>2026-07-05T11:07:50.000Z</time>
      </trkpt>
      <trkpt lat="52.371919" lon="13.468457">
        <ele>42.941000</ele>
        <time>2026-07-05T11:07:52.000Z</time>
      </trkpt>
      <trkpt lat="52.371863" lon="13.468680">
        <ele>42.929097</ele>
        <time>2026-07-05T11:07:54.000Z</time>
      </trkpt>
      <trkpt lat="52.371808" lon="13.468896">
        <ele>42.919151</ele>
        <time>2026-07-05T11:07:56.000Z</time>
      </trkpt>
      <trkpt lat="52.371745" lon="13.469102">
        <ele>42.910059</ele>
        <time>2026-07-05T11:07:58.000Z</time>
      </trkpt>
      <trkpt lat="52.371699" lon="13.469310">
        <ele>42.901329</ele>
        <time>2026-07-05T11:08:00.000Z</time>
      </trkpt>
      <trkpt lat="52.371598" lon="13.469460">
        <ele>42.892516</ele>
        <time>2026-07-05T11:08:02.000Z</time>
      </trkpt>
      <trkpt lat="52.371461" lon="13.469428">
        <ele>42.883572</ele>
        <time>2026-07-05T11:08:04.000Z</time>
      </trkpt>
      <trkpt lat="52.371350" lon="13.469292">
        <ele>42.874612</ele>
        <time>2026-07-05T11:08:06.000Z</time>
      </trkpt>
      <trkpt lat="52.371257" lon="13.469182">
        <ele>42.867197</ele>
        <time>2026-07-05T11:08:08.000Z</time>
      </trkpt>
      <trkpt lat="52.371170" lon="13.469091">
        <ele>42.860525</ele>
        <time>2026-07-05T11:08:10.000Z</time>
      </trkpt>
      <trkpt lat="52.371070" lon="13.468987">
        <ele>42.852869</ele>
        <time>2026-07-05T11:08:12.000Z</time>
      </trkpt>
      <trkpt lat="52.370967" lon="13.468880">
        <ele>42.844985</ele>
        <time>2026-07-05T11:08:14.000Z</time>
      </trkpt>
      <trkpt lat="52.370856" lon="13.468770">
        <ele>42.836600</ele>
        <time>2026-07-05T11:08:16.000Z</time>
      </trkpt>
      <trkpt lat="52.370747" lon="13.468672">
        <ele>42.828563</ele>
        <time>2026-07-05T11:08:18.000Z</time>
      </trkpt>
      <trkpt lat="52.370632" lon="13.468582">
        <ele>42.820325</ele>
        <time>2026-07-05T11:08:20.000Z</time>
      </trkpt>
      <trkpt lat="52.370514" lon="13.468500">
        <ele>42.812040</ele>
        <time>2026-07-05T11:08:22.000Z</time>
      </trkpt>
      <trkpt lat="52.370394" lon="13.468419">
        <ele>42.830410</ele>
        <time>2026-07-05T11:08:24.000Z</time>
      </trkpt>
      <trkpt lat="52.370277" lon="13.468340">
        <ele>42.860978</ele>
        <time>2026-07-05T11:08:26.000Z</time>
      </trkpt>
      <trkpt lat="52.370155" lon="13.468259">
        <ele>42.892776</ele>
        <time>2026-07-05T11:08:28.000Z</time>
      </trkpt>
      <trkpt lat="52.370034" lon="13.468179">
        <ele>42.924294</ele>
        <time>2026-07-05T11:08:30.000Z</time>
      </trkpt>
      <trkpt lat="52.369915" lon="13.468101">
        <ele>42.955255</ele>
        <time>2026-07-05T11:08:32.000Z</time>
      </trkpt>
      <trkpt lat="52.369793" lon="13.468021">
        <ele>42.986997</ele>
        <time>2026-07-05T11:08:34.000Z</time>
      </trkpt>
      <trkpt lat="52.369673" lon="13.467942">
        <ele>43.018236</ele>
        <time>2026-07-05T11:08:36.000Z</time>
      </trkpt>
      <trkpt lat="52.369552" lon="13.467864">
        <ele>43.049645</ele>
        <time>2026-07-05T11:08:38.000Z</time>
      </trkpt>
      <trkpt lat="52.369433" lon="13.467786">
        <ele>43.080606</ele>
        <time>2026-07-05T11:08:40.000Z</time>
      </trkpt>
      <trkpt lat="52.369315" lon="13.467709">
        <ele>43.111287</ele>
        <time>2026-07-05T11:08:42.000Z</time>
      </trkpt>
      <trkpt lat="52.369193" lon="13.467629">
        <ele>43.143029</ele>
        <time>2026-07-05T11:08:44.000Z</time>
      </trkpt>
      <trkpt lat="52.369074" lon="13.467559">
        <ele>43.173571</ele>
        <time>2026-07-05T11:08:46.000Z</time>
      </trkpt>
      <trkpt lat="52.368949" lon="13.467484">
        <ele>43.205726</ele>
        <time>2026-07-05T11:08:48.000Z</time>
      </trkpt>
      <trkpt lat="52.368820" lon="13.467396">
        <ele>43.239480</ele>
        <time>2026-07-05T11:08:50.000Z</time>
      </trkpt>
      <trkpt lat="52.368698" lon="13.467310">
        <ele>43.273975</ele>
        <time>2026-07-05T11:08:52.000Z</time>
      </trkpt>
      <trkpt lat="52.368585" lon="13.467209">
        <ele>43.307767</ele>
        <time>2026-07-05T11:08:54.000Z</time>
      </trkpt>
      <trkpt lat="52.368463" lon="13.467142">
        <ele>43.341545</ele>
        <time>2026-07-05T11:08:56.000Z</time>
      </trkpt>
      <trkpt lat="52.368344" lon="13.467062">
        <ele>43.375312</ele>
        <time>2026-07-05T11:08:57.999Z</time>
      </trkpt>
      <trkpt lat="52.368223" lon="13.466981">
        <ele>43.409625</ele>
        <time>2026-07-05T11:08:59.999Z</time>
      </trkpt>
      <trkpt lat="52.368102" lon="13.466896">
        <ele>43.444186</ele>
        <time>2026-07-05T11:09:01.999Z</time>
      </trkpt>
      <trkpt lat="52.367978" lon="13.466810">
        <ele>43.479534</ele>
        <time>2026-07-05T11:09:03.999Z</time>
      </trkpt>
      <trkpt lat="52.367855" lon="13.466728">
        <ele>43.514394</ele>
        <time>2026-07-05T11:09:05.999Z</time>
      </trkpt>
      <trkpt lat="52.367733" lon="13.466651">
        <ele>43.548715</ele>
        <time>2026-07-05T11:09:07.999Z</time>
      </trkpt>
      <trkpt lat="52.367621" lon="13.466597">
        <ele>43.579363</ele>
        <time>2026-07-05T11:09:09.999Z</time>
      </trkpt>
      <trkpt lat="52.367512" lon="13.466568">
        <ele>43.608350</ele>
        <time>2026-07-05T11:09:11.999Z</time>
      </trkpt>
      <trkpt lat="52.367407" lon="13.466564">
        <ele>43.635920</ele>
        <time>2026-07-05T11:09:13.998Z</time>
      </trkpt>
      <trkpt lat="52.367311" lon="13.466568">
        <ele>43.661129</ele>
        <time>2026-07-05T11:09:17.998Z</time>
      </trkpt>
      <trkpt lat="52.367198" lon="13.466583">
        <ele>43.690888</ele>
        <time>2026-07-05T11:09:30.000Z</time>
      </trkpt>
      <trkpt lat="52.367062" lon="13.466460">
        <ele>43.704794</ele>
        <time>2026-07-05T11:09:33.000Z</time>
      </trkpt>
      <trkpt lat="52.366963" lon="13.466544">
        <ele>43.684194</ele>
        <time>2026-07-05T11:09:35.000Z</time>
      </trkpt>
      <trkpt lat="52.366860" lon="13.466672">
        <ele>43.660306</ele>
        <time>2026-07-05T11:09:37.000Z</time>
      </trkpt>
      <trkpt lat="52.366755" lon="13.466799">
        <ele>43.636190</ele>
        <time>2026-07-05T11:09:39.000Z</time>
      </trkpt>
      <trkpt lat="52.366664" lon="13.466850">
        <ele>43.618420</ele>
        <time>2026-07-05T11:09:41.000Z</time>
      </trkpt>
      <trkpt lat="52.366607" lon="13.466723">
        <ele>43.600639</ele>
        <time>2026-07-05T11:09:43.000Z</time>
      </trkpt>
      <trkpt lat="52.366614" lon="13.466542">
        <ele>43.580178</ele>
        <time>2026-07-05T11:09:45.000Z</time>
      </trkpt>
      <trkpt lat="52.366616" lon="13.466368">
        <ele>43.560546</ele>
        <time>2026-07-05T11:09:47.000Z</time>
      </trkpt>
      <trkpt lat="52.366583" lon="13.466194">
        <ele>43.539991</ele>
        <time>2026-07-05T11:09:49.000Z</time>
      </trkpt>
      <trkpt lat="52.366535" lon="13.466024">
        <ele>43.518862</ele>
        <time>2026-07-05T11:09:51.000Z</time>
      </trkpt>
      <trkpt lat="52.366529" lon="13.465817">
        <ele>43.495483</ele>
        <time>2026-07-05T11:09:53.000Z</time>
      </trkpt>
      <trkpt lat="52.366486" lon="13.465625">
        <ele>43.472412</ele>
        <time>2026-07-05T11:09:55.000Z</time>
      </trkpt>
      <trkpt lat="52.366434" lon="13.465447">
        <ele>43.450151</ele>
        <time>2026-07-05T11:09:57.000Z</time>
      </trkpt>
      <trkpt lat="52.366406" lon="13.465260">
        <ele>43.428430</ele>
        <time>2026-07-05T11:09:59.000Z</time>
      </trkpt>
      <trkpt lat="52.366367" lon="13.465081">
        <ele>43.406990</ele>
        <time>2026-07-05T11:10:01.000Z</time>
      </trkpt>
      <trkpt lat="52.366326" lon="13.464898">
        <ele>43.384999</ele>
        <time>2026-07-05T11:10:03.000Z</time>
      </trkpt>
      <trkpt lat="52.366283" lon="13.464703">
        <ele>43.374400</ele>
        <time>2026-07-05T11:10:05.000Z</time>
      </trkpt>
      <trkpt lat="52.366242" lon="13.464515">
        <ele>43.364985</ele>
        <time>2026-07-05T11:10:07.000Z</time>
      </trkpt>
      <trkpt lat="52.366203" lon="13.464324">
        <ele>43.355488</ele>
        <time>2026-07-05T11:10:09.000Z</time>
      </trkpt>
      <trkpt lat="52.366162" lon="13.464134">
        <ele>43.345984</ele>
        <time>2026-07-05T11:10:11.000Z</time>
      </trkpt>
      <trkpt lat="52.366097" lon="13.463964">
        <ele>43.336525</ele>
        <time>2026-07-05T11:10:13.000Z</time>
      </trkpt>
      <trkpt lat="52.366017" lon="13.463825">
        <ele>43.327517</ele>
        <time>2026-07-05T11:10:15.000Z</time>
      </trkpt>
      <trkpt lat="52.365909" lon="13.463745">
        <ele>43.318362</ele>
        <time>2026-07-05T11:10:17.000Z</time>
      </trkpt>
      <trkpt lat="52.365791" lon="13.463675">
        <ele>43.308669</ele>
        <time>2026-07-05T11:10:19.000Z</time>
      </trkpt>
      <trkpt lat="52.365687" lon="13.463647">
        <ele>43.300529</ele>
        <time>2026-07-05T11:10:21.000Z</time>
      </trkpt>
      <trkpt lat="52.365572" lon="13.463614">
        <ele>43.291512</ele>
        <time>2026-07-05T11:10:23.000Z</time>
      </trkpt>
      <trkpt lat="52.365450" lon="13.463546">
        <ele>43.281559</ele>
        <time>2026-07-05T11:10:25.000Z</time>
      </trkpt>
      <trkpt lat="52.365350" lon="13.463504">
        <ele>43.273586</ele>
        <time>2026-07-05T11:10:27.000Z</time>
      </trkpt>
      <trkpt lat="52.365238" lon="13.463461">
        <ele>43.264701</ele>
        <time>2026-07-05T11:10:29.000Z</time>
      </trkpt>
      <trkpt lat="52.365122" lon="13.463418">
        <ele>43.255515</ele>
        <time>2026-07-05T11:10:31.000Z</time>
      </trkpt>
      <trkpt lat="52.365015" lon="13.463338">
        <ele>43.246431</ele>
        <time>2026-07-05T11:10:33.000Z</time>
      </trkpt>
      <trkpt lat="52.364894" lon="13.463272">
        <ele>43.298637</ele>
        <time>2026-07-05T11:10:35.000Z</time>
      </trkpt>
      <trkpt lat="52.364776" lon="13.463207">
        <ele>43.362765</ele>
        <time>2026-07-05T11:10:37.000Z</time>
      </trkpt>
      <trkpt lat="52.364660" lon="13.463143">
        <ele>43.425816</ele>
        <time>2026-07-05T11:10:39.000Z</time>
      </trkpt>
      <trkpt lat="52.364545" lon="13.463079">
        <ele>43.488379</ele>
        <time>2026-07-05T11:10:41.000Z</time>
      </trkpt>
      <trkpt lat="52.364421" lon="13.463062">
        <ele>43.552474</ele>
        <time>2026-07-05T11:10:43.000Z</time>
      </trkpt>
      <trkpt lat="52.364329" lon="13.462989">
        <ele>43.605133</ele>
        <time>2026-07-05T11:10:45.000Z</time>
      </trkpt>
      <trkpt lat="52.364245" lon="13.462908">
        <ele>43.655345</ele>
        <time>2026-07-05T11:10:47.000Z</time>
      </trkpt>
      <trkpt lat="52.364130" lon="13.462845">
        <ele>43.717807</ele>
        <time>2026-07-05T11:10:50.000Z</time>
      </trkpt>
      <trkpt lat="52.364007" lon="13.462800">
        <ele>43.782726</ele>
        <time>2026-07-05T11:10:53.000Z</time>
      </trkpt>
      <trkpt lat="52.363921" lon="13.462752">
        <ele>43.829526</ele>
        <time>2026-07-05T11:10:55.000Z</time>
      </trkpt>
      <trkpt lat="52.363823" lon="13.462701">
        <ele>43.882493</ele>
        <time>2026-07-05T11:10:57.000Z</time>
      </trkpt>
      <trkpt lat="52.363711" lon="13.462625">
        <ele>43.944941</ele>
        <time>2026-07-05T11:10:59.000Z</time>
      </trkpt>
      <trkpt lat="52.363582" lon="13.462580">
        <ele>44.012879</ele>
        <time>2026-07-05T11:11:01.000Z</time>
      </trkpt>
      <trkpt lat="52.363438" lon="13.462510">
        <ele>44.090252</ele>
        <time>2026-07-05T11:11:03.000Z</time>
      </trkpt>
      <trkpt lat="52.363292" lon="13.462409">
        <ele>44.170648</ele>
        <time>2026-07-05T11:11:05.000Z</time>
      </trkpt>
      <trkpt lat="52.363156" lon="13.462334">
        <ele>44.121183</ele>
        <time>2026-07-05T11:11:07.000Z</time>
      </trkpt>
      <trkpt lat="52.363025" lon="13.462316">
        <ele>44.075870</ele>
        <time>2026-07-05T11:11:09.000Z</time>
      </trkpt>
      <trkpt lat="52.362900" lon="13.462248">
        <ele>44.030468</ele>
        <time>2026-07-05T11:11:11.000Z</time>
      </trkpt>
      <trkpt lat="52.362795" lon="13.462138">
        <ele>43.987503</ele>
        <time>2026-07-05T11:11:13.000Z</time>
      </trkpt>
      <trkpt lat="52.362698" lon="13.462019">
        <ele>43.945726</ele>
        <time>2026-07-05T11:11:15.000Z</time>
      </trkpt>
      <trkpt lat="52.362600" lon="13.461906">
        <ele>43.904412</ele>
        <time>2026-07-05T11:11:17.000Z</time>
      </trkpt>
      <trkpt lat="52.362515" lon="13.461812">
        <ele>43.869058</ele>
        <time>2026-07-05T11:11:19.000Z</time>
      </trkpt>
      <trkpt lat="52.362434" lon="13.461704">
        <ele>43.833053</ele>
        <time>2026-07-05T11:11:21.000Z</time>
      </trkpt>
      <trkpt lat="52.362354" lon="13.461611">
        <ele>43.799236</ele>
        <time>2026-07-05T11:11:23.000Z</time>
      </trkpt>
      <trkpt lat="52.362271" lon="13.461512">
        <ele>43.763842</ele>
        <time>2026-07-05T11:11:25.000Z</time>
      </trkpt>
      <trkpt lat="52.362184" lon="13.461463">
        <ele>43.732129</ele>
        <time>2026-07-05T11:11:27.000Z</time>
      </trkpt>
      <trkpt lat="52.362076" lon="13.461450">
        <ele>43.694802</ele>
        <time>2026-07-05T11:11:29.000Z</time>
      </trkpt>
      <trkpt lat="52.361983" lon="13.461418">
        <ele>43.662046</ele>
        <time>2026-07-05T11:11:31.000Z</time>
      </trkpt>
      <trkpt lat="52.361896" lon="13.461355">
        <ele>43.629256</ele>
        <time>2026-07-05T11:11:33.000Z</time>
      </trkpt>
      <trkpt lat="52.361802" lon="13.461306">
        <ele>43.595253</ele>
        <time>2026-07-05T11:11:35.000Z</time>
      </trkpt>
      <trkpt lat="52.361715" lon="13.461240">
        <ele>43.562203</ele>
        <time>2026-07-05T11:11:37.000Z</time>
      </trkpt>
      <trkpt lat="52.361603" lon="13.461116">
        <ele>43.472466</ele>
        <time>2026-07-05T11:11:40.000Z</time>
      </trkpt>
      <trkpt lat="52.361514" lon="13.461057">
        <ele>43.399230</ele>
        <time>2026-07-05T11:11:42.000Z</time>
      </trkpt>
      <trkpt lat="52.361426" lon="13.460980">
        <ele>43.323127</ele>
        <time>2026-07-05T11:11:44.000Z</time>
      </trkpt>
      <trkpt lat="52.361339" lon="13.460890">
        <ele>43.244635</ele>
        <time>2026-07-05T11:11:46.000Z</time>
      </trkpt>
      <trkpt lat="52.361250" lon="13.460826">
        <ele>43.170493</ele>
        <time>2026-07-05T11:11:48.000Z</time>
      </trkpt>
      <trkpt lat="52.361160" lon="13.460750">
        <ele>43.093256</ele>
        <time>2026-07-05T11:11:50.000Z</time>
      </trkpt>
      <trkpt lat="52.361073" lon="13.460657">
        <ele>43.014009</ele>
        <time>2026-07-05T11:11:52.000Z</time>
      </trkpt>
      <trkpt lat="52.360939" lon="13.460569">
        <ele>42.903887</ele>
        <time>2026-07-05T11:11:55.000Z</time>
      </trkpt>
      <trkpt lat="52.360851" lon="13.460472">
        <ele>42.822975</ele>
        <time>2026-07-05T11:11:57.000Z</time>
      </trkpt>
      <trkpt lat="52.360765" lon="13.460414">
        <ele>42.752033</ele>
        <time>2026-07-05T11:11:59.000Z</time>
      </trkpt>
      <trkpt lat="52.360670" lon="13.460338">
        <ele>42.671387</ele>
        <time>2026-07-05T11:12:01.000Z</time>
      </trkpt>
      <trkpt lat="52.360571" lon="13.460255">
        <ele>42.586553</ele>
        <time>2026-07-05T11:12:03.000Z</time>
      </trkpt>
      <trkpt lat="52.360489" lon="13.460178">
        <ele>42.514453</ele>
        <time>2026-07-05T11:12:05.000Z</time>
      </trkpt>
      <trkpt lat="52.360407" lon="13.460072">
        <ele>42.434767</ele>
        <time>2026-07-05T11:12:07.000Z</time>
      </trkpt>
      <trkpt lat="52.360316" lon="13.459987">
        <ele>42.354859</ele>
        <time>2026-07-05T11:12:09.000Z</time>
      </trkpt>
      <trkpt lat="52.360229" lon="13.459901">
        <ele>42.277346</ele>
        <time>2026-07-05T11:12:11.000Z</time>
      </trkpt>
      <trkpt lat="52.360128" lon="13.459832">
        <ele>42.193872</ele>
        <time>2026-07-05T11:12:13.000Z</time>
      </trkpt>
      <trkpt lat="52.360034" lon="13.459763">
        <ele>42.172581</ele>
        <time>2026-07-05T11:12:15.000Z</time>
      </trkpt>
      <trkpt lat="52.359936" lon="13.459688">
        <ele>42.163970</ele>
        <time>2026-07-05T11:12:17.000Z</time>
      </trkpt>
      <trkpt lat="52.359847" lon="13.459612">
        <ele>42.155980</ele>
        <time>2026-07-05T11:12:19.000Z</time>
      </trkpt>
      <trkpt lat="52.359753" lon="13.459556">
        <ele>42.148018</ele>
        <time>2026-07-05T11:12:21.000Z</time>
      </trkpt>
      <trkpt lat="52.359661" lon="13.459516">
        <ele>42.140441</ele>
        <time>2026-07-05T11:12:23.000Z</time>
      </trkpt>
      <trkpt lat="52.359561" lon="13.459474">
        <ele>42.132223</ele>
        <time>2026-07-05T11:12:25.000Z</time>
      </trkpt>
      <trkpt lat="52.359470" lon="13.459519">
        <ele>42.124656</ele>
        <time>2026-07-05T11:12:27.000Z</time>
      </trkpt>
      <trkpt lat="52.359383" lon="13.459584">
        <ele>42.117044</ele>
        <time>2026-07-05T11:12:29.000Z</time>
      </trkpt>
      <trkpt lat="52.359294" lon="13.459658">
        <ele>42.109098</ele>
        <time>2026-07-05T11:12:31.000Z</time>
      </trkpt>
      <trkpt lat="52.359211" lon="13.459734">
        <ele>42.101528</ele>
        <time>2026-07-05T11:12:33.000Z</time>
      </trkpt>
      <trkpt lat="52.359102" lon="13.459813">
        <ele>42.092040</ele>
        <time>2026-07-05T11:12:36.000Z</time>
      </trkpt>
      <trkpt lat="52.359006" lon="13.459885">
        <ele>42.083634</ele>
        <time>2026-07-05T11:12:39.000Z</time>
      </trkpt>
      <trkpt lat="52.358917" lon="13.459921">
        <ele>42.076337</ele>
        <time>2026-07-05T11:12:42.000Z</time>
      </trkpt>
      <trkpt lat="52.359021" lon="13.459856">
        <ele>42.067476</ele>
        <time>2026-07-05T11:12:50.000Z</time>
      </trkpt>
      <trkpt lat="52.359128" lon="13.459789">
        <ele>42.058357</ele>
        <time>2026-07-05T11:12:54.000Z</time>
      </trkpt>
      <trkpt lat="52.359070" lon="13.459405">
        <ele>42.039126</ele>
        <time>2026-07-05T11:12:57.000Z</time>
      </trkpt>
      <trkpt lat="52.359059" lon="13.459230">
        <ele>42.035437</ele>
        <time>2026-07-05T11:13:01.000Z</time>
      </trkpt>
      <trkpt lat="52.359040" lon="13.459046">
        <ele>42.034376</ele>
        <time>2026-07-05T11:13:04.000Z</time>
      </trkpt>
      <trkpt lat="52.359002" lon="13.458832">
        <ele>42.033110</ele>
        <time>2026-07-05T11:13:07.000Z</time>
      </trkpt>
      <trkpt lat="52.358975" lon="13.458687">
        <ele>42.032249</ele>
        <time>2026-07-05T11:13:09.000Z</time>
      </trkpt>
      <trkpt lat="52.358946" lon="13.458481">
        <ele>42.031048</ele>
        <time>2026-07-05T11:13:12.000Z</time>
      </trkpt>
      <trkpt lat="52.358915" lon="13.458272">
        <ele>42.029826</ele>
        <time>2026-07-05T11:13:15.000Z</time>
      </trkpt>
      <trkpt lat="52.358890" lon="13.458063">
        <ele>42.028616</ele>
        <time>2026-07-05T11:13:18.000Z</time>
      </trkpt>
      <trkpt lat="52.358887" lon="13.457847">
        <ele>42.027389</ele>
        <time>2026-07-05T11:13:21.000Z</time>
      </trkpt>
      <trkpt lat="52.358884" lon="13.457654">
        <ele>42.026292</ele>
        <time>2026-07-05T11:13:24.000Z</time>
      </trkpt>
      <trkpt lat="52.358879" lon="13.457466">
        <ele>42.025223</ele>
        <time>2026-07-05T11:13:27.000Z</time>
      </trkpt>
      <trkpt lat="52.358793" lon="13.457334">
        <ele>42.024126</ele>
        <time>2026-07-05T11:13:31.000Z</time>
      </trkpt>
      <trkpt lat="52.358693" lon="13.457221">
        <ele>42.022996</ele>
        <time>2026-07-05T11:13:34.000Z</time>
      </trkpt>
      <trkpt lat="52.358603" lon="13.457074">
        <ele>42.021813</ele>
        <time>2026-07-05T11:13:37.000Z</time>
      </trkpt>
      <trkpt lat="52.358494" lon="13.456958">
        <ele>42.020604</ele>
        <time>2026-07-05T11:13:40.000Z</time>
      </trkpt>
      <trkpt lat="52.358399" lon="13.456960">
        <ele>42.019720</ele>
        <time>2026-07-05T11:13:42.000Z</time>
      </trkpt>
      <trkpt lat="52.358315" lon="13.456795">
        <ele>42.010736</ele>
        <time>2026-07-05T11:13:45.000Z</time>
      </trkpt>
      <trkpt lat="52.358287" lon="13.456645">
        <ele>42.001688</ele>
        <time>2026-07-05T11:13:48.000Z</time>
      </trkpt>
      <trkpt lat="52.358239" lon="13.456471">
        <ele>41.990673</ele>
        <time>2026-07-05T11:13:51.000Z</time>
      </trkpt>
      <trkpt lat="52.358142" lon="13.456403">
        <ele>41.980706</ele>
        <time>2026-07-05T11:13:54.000Z</time>
      </trkpt>
      <trkpt lat="52.358046" lon="13.456439">
        <ele>41.971403</ele>
        <time>2026-07-05T11:14:05.000Z</time>
      </trkpt>
      <trkpt lat="52.357971" lon="13.456542">
        <ele>41.962157</ele>
        <time>2026-07-05T11:14:12.000Z</time>
      </trkpt>
      <trkpt lat="52.357899" lon="13.456653">
        <ele>41.952815</ele>
        <time>2026-07-05T11:14:19.000Z</time>
      </trkpt>
      <trkpt lat="52.357834" lon="13.456761">
        <ele>41.944068</ele>
        <time>2026-07-05T11:14:27.000Z</time>
      </trkpt>
      <trkpt lat="52.357747" lon="13.456838">
        <ele>41.934726</ele>
        <time>2026-07-05T11:14:32.000Z</time>
      </trkpt>
      <trkpt lat="52.357651" lon="13.456911">
        <ele>41.924728</ele>
        <time>2026-07-05T11:14:38.000Z</time>
      </trkpt>
      <trkpt lat="52.357566" lon="13.457017">
        <ele>41.914635</ele>
        <time>2026-07-05T11:14:42.000Z</time>
      </trkpt>
      <trkpt lat="52.357613" lon="13.457149">
        <ele>41.905820</ele>
        <time>2026-07-05T11:14:45.000Z</time>
      </trkpt>
      <trkpt lat="52.357685" lon="13.457267">
        <ele>41.896198</ele>
        <time>2026-07-05T11:14:48.000Z</time>
      </trkpt>
      <trkpt lat="52.357747" lon="13.457412">
        <ele>41.885986</ele>
        <time>2026-07-05T11:14:51.000Z</time>
      </trkpt>
      <trkpt lat="52.357779" lon="13.457604">
        <ele>41.874505</ele>
        <time>2026-07-05T11:14:54.000Z</time>
      </trkpt>
      <trkpt lat="52.357742" lon="13.457430">
        <ele>41.863876</ele>
        <time>2026-07-05T11:15:18.000Z</time>
      </trkpt>
      <trkpt lat="52.357651" lon="13.457256">
        <ele>41.850660</ele>
        <time>2026-07-05T11:15:21.000Z</time>
      </trkpt>
      <trkpt lat="52.357587" lon="13.457130">
        <ele>41.889566</ele>
        <time>2026-07-05T11:15:24.000Z</time>
      </trkpt>
      <trkpt lat="52.357545" lon="13.456961">
        <ele>41.940806</ele>
        <time>2026-07-05T11:15:27.000Z</time>
      </trkpt>
      <trkpt lat="52.357518" lon="13.456768">
        <ele>41.996412</ele>
        <time>2026-07-05T11:15:30.000Z</time>
      </trkpt>
      <trkpt lat="52.357522" lon="13.456589">
        <ele>42.046716</ele>
        <time>2026-07-05T11:15:33.000Z</time>
      </trkpt>
      <trkpt lat="52.357525" lon="13.456400">
        <ele>42.099812</ele>
        <time>2026-07-05T11:15:36.000Z</time>
      </trkpt>
      <trkpt lat="52.357523" lon="13.456222">
        <ele>42.149809</ele>
        <time>2026-07-05T11:15:39.000Z</time>
      </trkpt>
      <trkpt lat="52.357470" lon="13.456080">
        <ele>42.196546</ele>
        <time>2026-07-05T11:15:42.000Z</time>
      </trkpt>
      <trkpt lat="52.357403" lon="13.455977">
        <ele>42.238806</ele>
        <time>2026-07-05T11:15:45.000Z</time>
      </trkpt>
      <trkpt lat="52.357344" lon="13.455844">
        <ele>42.284971</ele>
        <time>2026-07-05T11:15:49.000Z</time>
      </trkpt>
      <trkpt lat="52.357330" lon="13.455697">
        <ele>42.326753</ele>
        <time>2026-07-05T11:15:52.000Z</time>
      </trkpt>
      <trkpt lat="52.357321" lon="13.455519">
        <ele>42.376914</ele>
        <time>2026-07-05T11:15:55.000Z</time>
      </trkpt>
      <trkpt lat="52.357233" lon="13.455440">
        <ele>42.423062</ele>
        <time>2026-07-05T11:16:10.000Z</time>
      </trkpt>
      <trkpt lat="52.357191" lon="13.455310">
        <ele>42.464365</ele>
        <time>2026-07-05T11:16:16.000Z</time>
      </trkpt>
      <trkpt lat="52.357130" lon="13.455197">
        <ele>42.506720</ele>
        <time>2026-07-05T11:16:19.000Z</time>
      </trkpt>
      <trkpt lat="52.357035" lon="13.455136">
        <ele>42.553643</ele>
        <time>2026-07-05T11:16:24.000Z</time>
      </trkpt>
      <trkpt lat="52.356977" lon="13.454990">
        <ele>42.602557</ele>
        <time>2026-07-05T11:16:29.000Z</time>
      </trkpt>
      <trkpt lat="52.356892" lon="13.454919">
        <ele>42.646436</ele>
        <time>2026-07-05T11:16:37.000Z</time>
      </trkpt>
      <trkpt lat="52.356789" lon="13.454852">
        <ele>42.691559</ele>
        <time>2026-07-05T11:16:41.000Z</time>
      </trkpt>
      <trkpt lat="52.356788" lon="13.454702">
        <ele>42.721897</ele>
        <time>2026-07-05T11:16:45.000Z</time>
      </trkpt>
      <trkpt lat="52.356698" lon="13.454676">
        <ele>42.752160</ele>
        <time>2026-07-05T11:16:53.000Z</time>
      </trkpt>
      <trkpt lat="52.356590" lon="13.454685">
        <ele>42.787970</ele>
        <time>2026-07-05T11:16:57.000Z</time>
      </trkpt>
      <trkpt lat="52.356501" lon="13.454560">
        <ele>42.826799</ele>
        <time>2026-07-05T11:17:01.000Z</time>
      </trkpt>
      <trkpt lat="52.356460" lon="13.454417">
        <ele>42.858748</ele>
        <time>2026-07-05T11:17:04.000Z</time>
      </trkpt>
      <trkpt lat="52.356367" lon="13.454405">
        <ele>42.889639</ele>
        <time>2026-07-05T11:17:08.000Z</time>
      </trkpt>
      <trkpt lat="52.356276" lon="13.454527">
        <ele>42.928586</ele>
        <time>2026-07-05T11:17:11.000Z</time>
      </trkpt>
      <trkpt lat="52.356197" lon="13.454667">
        <ele>42.967135</ele>
        <time>2026-07-05T11:17:14.000Z</time>
      </trkpt>
      <trkpt lat="52.356106" lon="13.454804">
        <ele>43.008071</ele>
        <time>2026-07-05T11:17:18.000Z</time>
      </trkpt>
      <trkpt lat="52.356183" lon="13.454720">
        <ele>43.038710</ele>
        <time>2026-07-05T11:17:36.000Z</time>
      </trkpt>
      <trkpt lat="52.356245" lon="13.454582">
        <ele>43.073358</ele>
        <time>2026-07-05T11:17:39.000Z</time>
      </trkpt>
      <trkpt lat="52.356325" lon="13.454445">
        <ele>43.111692</ele>
        <time>2026-07-05T11:17:41.000Z</time>
      </trkpt>
      <trkpt lat="52.356409" lon="13.454336">
        <ele>43.147184</ele>
        <time>2026-07-05T11:17:44.000Z</time>
      </trkpt>
      <trkpt lat="52.356326" lon="13.454041">
        <ele>43.212873</ele>
        <time>2026-07-05T11:17:52.000Z</time>
      </trkpt>
      <trkpt lat="52.356390" lon="13.454169">
        <ele>43.246328</ele>
        <time>2026-07-05T11:18:27.000Z</time>
      </trkpt>
      <trkpt lat="52.356385" lon="13.454342">
        <ele>43.268980</ele>
        <time>2026-07-05T11:18:32.000Z</time>
      </trkpt>
      <trkpt lat="52.356326" lon="13.454474">
        <ele>43.257654</ele>
        <time>2026-07-05T11:18:38.000Z</time>
      </trkpt>
      <trkpt lat="52.356579" lon="13.454285">
        <ele>43.226129</ele>
        <time>2026-07-05T11:22:54.000Z</time>
      </trkpt>
      <trkpt lat="52.356498" lon="13.454370">
        <ele>43.215223</ele>
        <time>2026-07-05T11:23:27.000Z</time>
      </trkpt>
      <trkpt lat="52.356406" lon="13.454403">
        <ele>43.204546</ele>
        <time>2026-07-05T11:23:32.000Z</time>
      </trkpt>
      <trkpt lat="52.356316" lon="13.454482">
        <ele>43.192969</ele>
        <time>2026-07-05T11:23:37.000Z</time>
      </trkpt>
      <trkpt lat="52.356226" lon="13.454538">
        <ele>43.182055</ele>
        <time>2026-07-05T11:23:44.000Z</time>
      </trkpt>
      <trkpt lat="52.355999" lon="13.455102">
        <ele>43.135288</ele>
        <time>2026-07-05T11:24:21.000Z</time>
      </trkpt>
      <trkpt lat="52.355901" lon="13.455046">
        <ele>43.123521</ele>
        <time>2026-07-05T11:24:34.000Z</time>
      </trkpt>
      <trkpt lat="52.355807" lon="13.455073">
        <ele>43.112702</ele>
        <time>2026-07-05T11:24:40.000Z</time>
      </trkpt>
      <trkpt lat="52.355713" lon="13.455063">
        <ele>43.102023</ele>
        <time>2026-07-05T11:24:43.000Z</time>
      </trkpt>
      <trkpt lat="52.355622" lon="13.455100">
        <ele>43.091394</ele>
        <time>2026-07-05T11:24:46.000Z</time>
      </trkpt>
      <trkpt lat="52.355506" lon="13.455166">
        <ele>43.077472</ele>
        <time>2026-07-05T11:24:50.000Z</time>
      </trkpt>
      <trkpt lat="52.355417" lon="13.455214">
        <ele>43.078033</ele>
        <time>2026-07-05T11:24:53.000Z</time>
      </trkpt>
      <trkpt lat="52.355322" lon="13.455252">
        <ele>43.156484</ele>
        <time>2026-07-05T11:24:56.000Z</time>
      </trkpt>
      <trkpt lat="52.355219" lon="13.455287">
        <ele>43.240873</ele>
        <time>2026-07-05T11:24:59.000Z</time>
      </trkpt>
      <trkpt lat="52.355106" lon="13.455318">
        <ele>43.332787</ele>
        <time>2026-07-05T11:25:02.000Z</time>
      </trkpt>
      <trkpt lat="52.355002" lon="13.455348">
        <ele>43.417502</ele>
        <time>2026-07-05T11:25:05.000Z</time>
      </trkpt>
      <trkpt lat="52.354891" lon="13.455395">
        <ele>43.509477</ele>
        <time>2026-07-05T11:25:08.000Z</time>
      </trkpt>
      <trkpt lat="52.354779" lon="13.455437">
        <ele>43.601651</ele>
        <time>2026-07-05T11:25:11.000Z</time>
      </trkpt>
      <trkpt lat="52.354669" lon="13.455480">
        <ele>43.692375</ele>
        <time>2026-07-05T11:25:14.000Z</time>
      </trkpt>
      <trkpt lat="52.354556" lon="13.455524">
        <ele>43.785553</ele>
        <time>2026-07-05T11:25:17.000Z</time>
      </trkpt>
      <trkpt lat="52.354447" lon="13.455567">
        <ele>43.875497</ele>
        <time>2026-07-05T11:25:20.000Z</time>
      </trkpt>
      <trkpt lat="52.354331" lon="13.455621">
        <ele>43.972242</ele>
        <time>2026-07-05T11:25:23.000Z</time>
      </trkpt>
      <trkpt lat="52.354211" lon="13.455644">
        <ele>44.069165</ele>
        <time>2026-07-05T11:25:26.000Z</time>
      </trkpt>
      <trkpt lat="52.354087" lon="13.455670">
        <ele>44.169451</ele>
        <time>2026-07-05T11:25:29.000Z</time>
      </trkpt>
      <trkpt lat="52.353960" lon="13.455672">
        <ele>44.271337</ele>
        <time>2026-07-05T11:25:32.000Z</time>
      </trkpt>
      <trkpt lat="52.353831" lon="13.455705">
        <ele>44.376078</ele>
        <time>2026-07-05T11:25:35.000Z</time>
      </trkpt>
      <trkpt lat="52.353713" lon="13.455741">
        <ele>44.472369</ele>
        <time>2026-07-05T11:25:38.000Z</time>
      </trkpt>
      <trkpt lat="52.353603" lon="13.455768">
        <ele>44.574143</ele>
        <time>2026-07-05T11:25:41.000Z</time>
      </trkpt>
      <trkpt lat="52.353497" lon="13.455815">
        <ele>44.684138</ele>
        <time>2026-07-05T11:25:44.000Z</time>
      </trkpt>
      <trkpt lat="52.353407" lon="13.455894">
        <ele>44.786421</ele>
        <time>2026-07-05T11:25:47.000Z</time>
      </trkpt>
      <trkpt lat="52.353328" lon="13.456000">
        <ele>44.888726</ele>
        <time>2026-07-05T11:25:50.000Z</time>
      </trkpt>
      <trkpt lat="52.353242" lon="13.456106">
        <ele>44.996545</ele>
        <time>2026-07-05T11:25:53.000Z</time>
      </trkpt>
      <trkpt lat="52.353158" lon="13.456218">
        <ele>45.105051</ele>
        <time>2026-07-05T11:25:56.000Z</time>
      </trkpt>
      <trkpt lat="52.353061" lon="13.456324">
        <ele>45.221861</ele>
        <time>2026-07-05T11:25:59.000Z</time>
      </trkpt>
      <trkpt lat="52.352956" lon="13.456415">
        <ele>45.340856</ele>
        <time>2026-07-05T11:26:02.000Z</time>
      </trkpt>
      <trkpt lat="52.352847" lon="13.456475">
        <ele>45.456037</ele>
        <time>2026-07-05T11:26:05.000Z</time>
      </trkpt>
      <trkpt lat="52.352726" lon="13.456524">
        <ele>45.580884</ele>
        <time>2026-07-05T11:26:08.000Z</time>
      </trkpt>
      <trkpt lat="52.352604" lon="13.456542">
        <ele>45.703575</ele>
        <time>2026-07-05T11:26:11.000Z</time>
      </trkpt>
      <trkpt lat="52.352489" lon="13.456561">
        <ele>45.819345</ele>
        <time>2026-07-05T11:26:14.000Z</time>
      </trkpt>
      <trkpt lat="52.352367" lon="13.456590">
        <ele>45.942822</ele>
        <time>2026-07-05T11:26:17.000Z</time>
      </trkpt>
      <trkpt lat="52.352245" lon="13.456612">
        <ele>46.065757</ele>
        <time>2026-07-05T11:26:20.000Z</time>
      </trkpt>
      <trkpt lat="52.352115" lon="13.456657">
        <ele>46.198845</ele>
        <time>2026-07-05T11:26:23.000Z</time>
      </trkpt>
      <trkpt lat="52.351994" lon="13.456707">
        <ele>46.320394</ele>
        <time>2026-07-05T11:26:26.000Z</time>
      </trkpt>
      <trkpt lat="52.351931" lon="13.456823">
        <ele>46.386077</ele>
        <time>2026-07-05T11:26:29.000Z</time>
      </trkpt>
      <trkpt lat="52.351910" lon="13.457005">
        <ele>46.464453</ele>
        <time>2026-07-05T11:26:33.000Z</time>
      </trkpt>
      <trkpt lat="52.351955" lon="13.457161">
        <ele>46.537456</ele>
        <time>2026-07-05T11:26:36.000Z</time>
      </trkpt>
      <trkpt lat="52.351849" lon="13.457124">
        <ele>46.612540</ele>
        <time>2026-07-05T11:26:42.000Z</time>
      </trkpt>
      <trkpt lat="52.351782" lon="13.457001">
        <ele>46.682279</ele>
        <time>2026-07-05T11:26:48.000Z</time>
      </trkpt>
      <trkpt lat="52.351693" lon="13.457053">
        <ele>46.747744</ele>
        <time>2026-07-05T11:26:52.000Z</time>
      </trkpt>
      <trkpt lat="52.351648" lon="13.457248">
        <ele>46.835952</ele>
        <time>2026-07-05T11:26:55.000Z</time>
      </trkpt>
      <trkpt lat="52.351589" lon="13.457436">
        <ele>46.925391</ele>
        <time>2026-07-05T11:26:58.000Z</time>
      </trkpt>
      <trkpt lat="52.351564" lon="13.457592">
        <ele>46.993638</ele>
        <time>2026-07-05T11:27:00.000Z</time>
      </trkpt>
      <trkpt lat="52.351516" lon="13.457734">
        <ele>47.062314</ele>
        <time>2026-07-05T11:27:02.000Z</time>
      </trkpt>
      <trkpt lat="52.351480" lon="13.457882">
        <ele>47.129724</ele>
        <time>2026-07-05T11:27:04.000Z</time>
      </trkpt>
      <trkpt lat="52.351449" lon="13.458043">
        <ele>47.201157</ele>
        <time>2026-07-05T11:27:06.000Z</time>
      </trkpt>
      <trkpt lat="52.351395" lon="13.458193">
        <ele>47.274835</ele>
        <time>2026-07-05T11:27:08.000Z</time>
      </trkpt>
      <trkpt lat="52.351357" lon="13.458351">
        <ele>47.346690</ele>
        <time>2026-07-05T11:27:10.000Z</time>
      </trkpt>
      <trkpt lat="52.351341" lon="13.458502">
        <ele>47.411541</ele>
        <time>2026-07-05T11:27:15.000Z</time>
      </trkpt>
      <trkpt lat="52.351264" lon="13.458635">
        <ele>47.489085</ele>
        <time>2026-07-05T11:27:21.000Z</time>
      </trkpt>
      <trkpt lat="52.351227" lon="13.458828">
        <ele>47.557171</ele>
        <time>2026-07-05T11:27:24.000Z</time>
      </trkpt>
      <trkpt lat="52.351167" lon="13.458991">
        <ele>47.549381</ele>
        <time>2026-07-05T11:27:27.000Z</time>
      </trkpt>
      <trkpt lat="52.351119" lon="13.459175">
        <ele>47.541191</ele>
        <time>2026-07-05T11:27:30.000Z</time>
      </trkpt>
      <trkpt lat="52.351082" lon="13.459332">
        <ele>47.534303</ele>
        <time>2026-07-05T11:27:33.000Z</time>
      </trkpt>
      <trkpt lat="52.351030" lon="13.459484">
        <ele>47.527172</ele>
        <time>2026-07-05T11:27:36.000Z</time>
      </trkpt>
      <trkpt lat="52.350963" lon="13.459607">
        <ele>47.520425</ele>
        <time>2026-07-05T11:27:40.000Z</time>
      </trkpt>
      <trkpt lat="52.350863" lon="13.459617">
        <ele>47.513712</ele>
        <time>2026-07-05T11:27:44.000Z</time>
      </trkpt>
      <trkpt lat="52.350787" lon="13.459484">
        <ele>47.506256</ele>
        <time>2026-07-05T11:27:47.000Z</time>
      </trkpt>
      <trkpt lat="52.350684" lon="13.459348">
        <ele>47.497389</ele>
        <time>2026-07-05T11:27:50.000Z</time>
      </trkpt>
      <trkpt lat="52.350654" lon="13.459173">
        <ele>47.489949</ele>
        <time>2026-07-05T11:27:52.000Z</time>
      </trkpt>
      <trkpt lat="52.350603" lon="13.459015">
        <ele>47.482633</ele>
        <time>2026-07-05T11:27:54.000Z</time>
      </trkpt>
      <trkpt lat="52.350560" lon="13.458831">
        <ele>47.474569</ele>
        <time>2026-07-05T11:27:56.000Z</time>
      </trkpt>
      <trkpt lat="52.350510" lon="13.458646">
        <ele>47.466288</ele>
        <time>2026-07-05T11:27:58.000Z</time>
      </trkpt>
      <trkpt lat="52.350462" lon="13.458455">
        <ele>47.457834</ele>
        <time>2026-07-05T11:28:00.000Z</time>
      </trkpt>
      <trkpt lat="52.350414" lon="13.458265">
        <ele>47.449417</ele>
        <time>2026-07-05T11:28:02.000Z</time>
      </trkpt>
      <trkpt lat="52.350368" lon="13.458070">
        <ele>47.440861</ele>
        <time>2026-07-05T11:28:04.000Z</time>
      </trkpt>
      <trkpt lat="52.350316" lon="13.457881">
        <ele>47.286474</ele>
        <time>2026-07-05T11:28:06.000Z</time>
      </trkpt>
      <trkpt lat="52.350269" lon="13.457684">
        <ele>47.060249</ele>
        <time>2026-07-05T11:28:08.000Z</time>
      </trkpt>
      <trkpt lat="52.350318" lon="13.457418">
        <ele>46.763064</ele>
        <time>2026-07-05T11:28:10.000Z</time>
      </trkpt>
      <trkpt lat="52.350267" lon="13.457215">
        <ele>46.528276</ele>
        <time>2026-07-05T11:28:12.000Z</time>
      </trkpt>
      <trkpt lat="52.350215" lon="13.457007">
        <ele>46.287875</ele>
        <time>2026-07-05T11:28:14.000Z</time>
      </trkpt>
      <trkpt lat="52.350160" lon="13.456787">
        <ele>46.033604</ele>
        <time>2026-07-05T11:28:16.000Z</time>
      </trkpt>
      <trkpt lat="52.350106" lon="13.456569">
        <ele>45.781974</ele>
        <time>2026-07-05T11:28:18.000Z</time>
      </trkpt>
      <trkpt lat="52.350051" lon="13.456351">
        <ele>45.529681</ele>
        <time>2026-07-05T11:28:20.000Z</time>
      </trkpt>
      <trkpt lat="52.349995" lon="13.456127">
        <ele>45.270787</ele>
        <time>2026-07-05T11:28:22.000Z</time>
      </trkpt>
      <trkpt lat="52.349937" lon="13.455896">
        <ele>45.003635</ele>
        <time>2026-07-05T11:28:24.000Z</time>
      </trkpt>
      <trkpt lat="52.349880" lon="13.455664">
        <ele>44.736151</ele>
        <time>2026-07-05T11:28:26.000Z</time>
      </trkpt>
      <trkpt lat="52.349821" lon="13.455426">
        <ele>44.461405</ele>
        <time>2026-07-05T11:28:28.000Z</time>
      </trkpt>
      <trkpt lat="52.349762" lon="13.455188">
        <ele>44.220313</ele>
        <time>2026-07-05T11:28:30.000Z</time>
      </trkpt>
      <trkpt lat="52.349704" lon="13.454944">
        <ele>44.032797</ele>
        <time>2026-07-05T11:28:32.000Z</time>
      </trkpt>
      <trkpt lat="52.349646" lon="13.454702">
        <ele>43.846614</ele>
        <time>2026-07-05T11:28:34.000Z</time>
      </trkpt>
      <trkpt lat="52.349589" lon="13.454466">
        <ele>43.664860</ele>
        <time>2026-07-05T11:28:36.000Z</time>
      </trkpt>
      <trkpt lat="52.349531" lon="13.454231">
        <ele>43.483335</ele>
        <time>2026-07-05T11:28:38.000Z</time>
      </trkpt>
      <trkpt lat="52.349472" lon="13.453997">
        <ele>43.302029</ele>
        <time>2026-07-05T11:28:40.000Z</time>
      </trkpt>
      <trkpt lat="52.349408" lon="13.453763">
        <ele>43.118407</ele>
        <time>2026-07-05T11:28:42.000Z</time>
      </trkpt>
      <trkpt lat="52.349341" lon="13.453528">
        <ele>42.932670</ele>
        <time>2026-07-05T11:28:44.000Z</time>
      </trkpt>
      <trkpt lat="52.349273" lon="13.453300">
        <ele>42.750952</ele>
        <time>2026-07-05T11:28:46.000Z</time>
      </trkpt>
      <trkpt lat="52.349205" lon="13.453074">
        <ele>42.570520</ele>
        <time>2026-07-05T11:28:48.000Z</time>
      </trkpt>
      <trkpt lat="52.349138" lon="13.452854">
        <ele>42.394459</ele>
        <time>2026-07-05T11:28:50.000Z</time>
      </trkpt>
      <trkpt lat="52.349071" lon="13.452635">
        <ele>42.219039</ele>
        <time>2026-07-05T11:28:52.000Z</time>
      </trkpt>
      <trkpt lat="52.349006" lon="13.452422">
        <ele>42.215317</ele>
        <time>2026-07-05T11:28:54.000Z</time>
      </trkpt>
      <trkpt lat="52.348941" lon="13.452215">
        <ele>42.260665</ele>
        <time>2026-07-05T11:28:56.000Z</time>
      </trkpt>
      <trkpt lat="52.348878" lon="13.452016">
        <ele>42.304335</ele>
        <time>2026-07-05T11:28:58.000Z</time>
      </trkpt>
      <trkpt lat="52.348817" lon="13.451822">
        <ele>42.346846</ele>
        <time>2026-07-05T11:29:00.000Z</time>
      </trkpt>
      <trkpt lat="52.348756" lon="13.451631">
        <ele>42.388839</ele>
        <time>2026-07-05T11:29:02.000Z</time>
      </trkpt>
      <trkpt lat="52.348698" lon="13.451442">
        <ele>42.430049</ele>
        <time>2026-07-05T11:29:04.000Z</time>
      </trkpt>
      <trkpt lat="52.348640" lon="13.451253">
        <ele>42.471258</ele>
        <time>2026-07-05T11:29:06.000Z</time>
      </trkpt>
      <trkpt lat="52.348582" lon="13.451068">
        <ele>42.511773</ele>
        <time>2026-07-05T11:29:08.000Z</time>
      </trkpt>
      <trkpt lat="52.348522" lon="13.450885">
        <ele>42.552239</ele>
        <time>2026-07-05T11:29:10.000Z</time>
      </trkpt>
      <trkpt lat="52.348461" lon="13.450703">
        <ele>42.592687</ele>
        <time>2026-07-05T11:29:12.000Z</time>
      </trkpt>
      <trkpt lat="52.348399" lon="13.450527">
        <ele>42.632271</ele>
        <time>2026-07-05T11:29:14.000Z</time>
      </trkpt>
      <trkpt lat="52.348338" lon="13.450358">
        <ele>42.670517</ele>
        <time>2026-07-05T11:29:16.000Z</time>
      </trkpt>
      <trkpt lat="52.348276" lon="13.450188">
        <ele>42.709094</ele>
        <time>2026-07-05T11:29:18.000Z</time>
      </trkpt>
      <trkpt lat="52.348214" lon="13.450025">
        <ele>42.746506</ele>
        <time>2026-07-05T11:29:20.000Z</time>
      </trkpt>
      <trkpt lat="52.348154" lon="13.449870">
        <ele>42.799217</ele>
        <time>2026-07-05T11:29:22.000Z</time>
      </trkpt>
      <trkpt lat="52.348095" lon="13.449718">
        <ele>42.854875</ele>
        <time>2026-07-05T11:29:24.000Z</time>
      </trkpt>
      <trkpt lat="52.348033" lon="13.449562">
        <ele>42.912394</ele>
        <time>2026-07-05T11:29:26.000Z</time>
      </trkpt>
      <trkpt lat="52.347970" lon="13.449410">
        <ele>42.969163</ele>
        <time>2026-07-05T11:29:28.000Z</time>
      </trkpt>
      <trkpt lat="52.347906" lon="13.449255">
        <ele>43.026984</ele>
        <time>2026-07-05T11:29:30.000Z</time>
      </trkpt>
      <trkpt lat="52.347756" lon="13.449187">
        <ele>43.105730</ele>
        <time>2026-07-05T11:29:32.000Z</time>
      </trkpt>
      <trkpt lat="52.347696" lon="13.449023">
        <ele>43.164811</ele>
        <time>2026-07-05T11:29:34.000Z</time>
      </trkpt>
      <trkpt lat="52.347636" lon="13.448860">
        <ele>43.223626</ele>
        <time>2026-07-05T11:29:36.000Z</time>
      </trkpt>
      <trkpt lat="52.347578" lon="13.448709">
        <ele>43.278753</ele>
        <time>2026-07-05T11:29:38.000Z</time>
      </trkpt>
      <trkpt lat="52.347527" lon="13.448556">
        <ele>43.332621</ele>
        <time>2026-07-05T11:29:40.000Z</time>
      </trkpt>
      <trkpt lat="52.347473" lon="13.448403">
        <ele>43.387233</ele>
        <time>2026-07-05T11:29:42.000Z</time>
      </trkpt>
      <trkpt lat="52.347377" lon="13.448365">
        <ele>43.437202</ele>
        <time>2026-07-05T11:29:44.000Z</time>
      </trkpt>
      <trkpt lat="52.347269" lon="13.448355">
        <ele>43.491930</ele>
        <time>2026-07-05T11:29:46.000Z</time>
      </trkpt>
      <trkpt lat="52.347203" lon="13.448191">
        <ele>43.552627</ele>
        <time>2026-07-05T11:29:48.000Z</time>
      </trkpt>
      <trkpt lat="52.347136" lon="13.448017">
        <ele>43.616196</ele>
        <time>2026-07-05T11:29:50.000Z</time>
      </trkpt>
      <trkpt lat="52.347114" lon="13.447817">
        <ele>43.662615</ele>
        <time>2026-07-05T11:29:52.000Z</time>
      </trkpt>
      <trkpt lat="52.347054" lon="13.447635">
        <ele>43.659711</ele>
        <time>2026-07-05T11:29:54.000Z</time>
      </trkpt>
      <trkpt lat="52.346967" lon="13.447487">
        <ele>43.656826</ele>
        <time>2026-07-05T11:29:56.000Z</time>
      </trkpt>
      <trkpt lat="52.346854" lon="13.447408">
        <ele>43.654001</ele>
        <time>2026-07-05T11:29:58.000Z</time>
      </trkpt>
      <trkpt lat="52.346736" lon="13.447406">
        <ele>43.651288</ele>
        <time>2026-07-05T11:30:00.000Z</time>
      </trkpt>
      <trkpt lat="52.346618" lon="13.447424">
        <ele>43.648564</ele>
        <time>2026-07-05T11:30:02.000Z</time>
      </trkpt>
      <trkpt lat="52.346524" lon="13.447554">
        <ele>43.645735</ele>
        <time>2026-07-05T11:30:04.000Z</time>
      </trkpt>
      <trkpt lat="52.346437" lon="13.447688">
        <ele>43.642989</ele>
        <time>2026-07-05T11:30:06.000Z</time>
      </trkpt>
      <trkpt lat="52.346356" lon="13.447842">
        <ele>43.640135</ele>
        <time>2026-07-05T11:30:08.000Z</time>
      </trkpt>
      <trkpt lat="52.346286" lon="13.448018">
        <ele>43.637185</ele>
        <time>2026-07-05T11:30:10.000Z</time>
      </trkpt>
      <trkpt lat="52.346213" lon="13.448204">
        <ele>43.634081</ele>
        <time>2026-07-05T11:30:12.000Z</time>
      </trkpt>
      <trkpt lat="52.346140" lon="13.448395">
        <ele>43.630916</ele>
        <time>2026-07-05T11:30:14.000Z</time>
      </trkpt>
      <trkpt lat="52.346063" lon="13.448585">
        <ele>43.627714</ele>
        <time>2026-07-05T11:30:16.000Z</time>
      </trkpt>
      <trkpt lat="52.345986" lon="13.448779">
        <ele>43.624465</ele>
        <time>2026-07-05T11:30:18.000Z</time>
      </trkpt>
      <trkpt lat="52.345908" lon="13.448978">
        <ele>43.602379</ele>
        <time>2026-07-05T11:30:20.000Z</time>
      </trkpt>
      <trkpt lat="52.345829" lon="13.449174">
        <ele>43.524790</ele>
        <time>2026-07-05T11:30:22.000Z</time>
      </trkpt>
      <trkpt lat="52.345751" lon="13.449375">
        <ele>43.446108</ele>
        <time>2026-07-05T11:30:24.000Z</time>
      </trkpt>
      <trkpt lat="52.345669" lon="13.449567">
        <ele>43.368701</ele>
        <time>2026-07-05T11:30:26.000Z</time>
      </trkpt>
      <trkpt lat="52.345580" lon="13.449759">
        <ele>43.289063</ele>
        <time>2026-07-05T11:30:28.000Z</time>
      </trkpt>
      <trkpt lat="52.345492" lon="13.449950">
        <ele>43.210016</ele>
        <time>2026-07-05T11:30:30.000Z</time>
      </trkpt>
      <trkpt lat="52.345403" lon="13.450139">
        <ele>43.131166</ele>
        <time>2026-07-05T11:30:32.000Z</time>
      </trkpt>
      <trkpt lat="52.345313" lon="13.450328">
        <ele>43.051984</ele>
        <time>2026-07-05T11:30:34.000Z</time>
      </trkpt>
      <trkpt lat="52.345223" lon="13.450523">
        <ele>42.971229</ele>
        <time>2026-07-05T11:30:36.000Z</time>
      </trkpt>
      <trkpt lat="52.345130" lon="13.450720">
        <ele>42.888964</ele>
        <time>2026-07-05T11:30:38.000Z</time>
      </trkpt>
      <trkpt lat="52.345044" lon="13.450926">
        <ele>42.806521</ele>
        <time>2026-07-05T11:30:40.000Z</time>
      </trkpt>
      <trkpt lat="52.344948" lon="13.451128">
        <ele>42.721955</ele>
        <time>2026-07-05T11:30:42.000Z</time>
      </trkpt>
      <trkpt lat="52.344851" lon="13.451333">
        <ele>42.689224</ele>
        <time>2026-07-05T11:30:44.000Z</time>
      </trkpt>
      <trkpt lat="52.344755" lon="13.451539">
        <ele>42.956435</ele>
        <time>2026-07-05T11:30:46.000Z</time>
      </trkpt>
      <trkpt lat="52.344656" lon="13.451743">
        <ele>43.225131</ele>
        <time>2026-07-05T11:30:48.000Z</time>
      </trkpt>
      <trkpt lat="52.344562" lon="13.451946">
        <ele>43.487837</ele>
        <time>2026-07-05T11:30:50.000Z</time>
      </trkpt>
      <trkpt lat="52.344467" lon="13.452140">
        <ele>43.744260</ele>
        <time>2026-07-05T11:30:52.000Z</time>
      </trkpt>
      <trkpt lat="52.344375" lon="13.452333">
        <ele>43.996732</ele>
        <time>2026-07-05T11:30:54.000Z</time>
      </trkpt>
      <trkpt lat="52.344286" lon="13.452523">
        <ele>44.243659</ele>
        <time>2026-07-05T11:30:56.000Z</time>
      </trkpt>
      <trkpt lat="52.344198" lon="13.452712">
        <ele>44.488742</ele>
        <time>2026-07-05T11:30:58.000Z</time>
      </trkpt>
      <trkpt lat="52.344110" lon="13.452895">
        <ele>44.728932</ele>
        <time>2026-07-05T11:31:00.000Z</time>
      </trkpt>
      <trkpt lat="52.344023" lon="13.453078">
        <ele>44.968083</ele>
        <time>2026-07-05T11:31:02.000Z</time>
      </trkpt>
      <trkpt lat="52.343937" lon="13.453263">
        <ele>45.207838</ele>
        <time>2026-07-05T11:31:04.000Z</time>
      </trkpt>
      <trkpt lat="52.343851" lon="13.453449">
        <ele>45.448416</ele>
        <time>2026-07-05T11:31:06.000Z</time>
      </trkpt>
      <trkpt lat="52.343763" lon="13.453635">
        <ele>45.694527</ele>
        <time>2026-07-05T11:31:08.000Z</time>
      </trkpt>
      <trkpt lat="52.343676" lon="13.453820">
        <ele>46.088431</ele>
        <time>2026-07-05T11:31:10.000Z</time>
      </trkpt>
      <trkpt lat="52.343588" lon="13.454007">
        <ele>46.486694</ele>
        <time>2026-07-05T11:31:12.000Z</time>
      </trkpt>
      <trkpt lat="52.343500" lon="13.454195">
        <ele>46.886296</ele>
        <time>2026-07-05T11:31:14.000Z</time>
      </trkpt>
      <trkpt lat="52.343412" lon="13.454381">
        <ele>47.283225</ele>
        <time>2026-07-05T11:31:16.000Z</time>
      </trkpt>
      <trkpt lat="52.343323" lon="13.454559">
        <ele>47.671314</ele>
        <time>2026-07-05T11:31:18.000Z</time>
      </trkpt>
      <trkpt lat="52.343224" lon="13.454715">
        <ele>48.050833</ele>
        <time>2026-07-05T11:31:20.000Z</time>
      </trkpt>
      <trkpt lat="52.343111" lon="13.454832">
        <ele>48.420107</ele>
        <time>2026-07-05T11:31:22.000Z</time>
      </trkpt>
      <trkpt lat="52.342994" lon="13.454920">
        <ele>48.775713</ele>
        <time>2026-07-05T11:31:24.000Z</time>
      </trkpt>
      <trkpt lat="52.342878" lon="13.454990">
        <ele>49.117155</ele>
        <time>2026-07-05T11:31:26.000Z</time>
      </trkpt>
      <trkpt lat="52.342765" lon="13.455060">
        <ele>49.450836</ele>
        <time>2026-07-05T11:31:28.000Z</time>
      </trkpt>
      <trkpt lat="52.342654" lon="13.455133">
        <ele>49.781210</ele>
        <time>2026-07-05T11:31:30.000Z</time>
      </trkpt>
      <trkpt lat="52.342545" lon="13.455204">
        <ele>50.105203</ele>
        <time>2026-07-05T11:31:32.000Z</time>
      </trkpt>
      <trkpt lat="52.342439" lon="13.455287">
        <ele>50.429723</ele>
        <time>2026-07-05T11:31:34.000Z</time>
      </trkpt>
      <trkpt lat="52.342346" lon="13.455408">
        <ele>50.734808</ele>
        <time>2026-07-05T11:31:36.000Z</time>
      </trkpt>
      <trkpt lat="52.342266" lon="13.455548">
        <ele>50.987235</ele>
        <time>2026-07-05T11:31:38.000Z</time>
      </trkpt>
      <trkpt lat="52.342201" lon="13.455702">
        <ele>51.233715</ele>
        <time>2026-07-05T11:31:40.000Z</time>
      </trkpt>
      <trkpt lat="52.342144" lon="13.455863">
        <ele>51.478749</ele>
        <time>2026-07-05T11:31:42.000Z</time>
      </trkpt>
      <trkpt lat="52.342091" lon="13.456026">
        <ele>51.721898</ele>
        <time>2026-07-05T11:31:44.000Z</time>
      </trkpt>
      <trkpt lat="52.342040" lon="13.456190">
        <ele>51.964225</ele>
        <time>2026-07-05T11:31:46.000Z</time>
      </trkpt>
      <trkpt lat="52.341985" lon="13.456355">
        <ele>52.211737</ele>
        <time>2026-07-05T11:31:48.000Z</time>
      </trkpt>
      <trkpt lat="52.341933" lon="13.456520">
        <ele>52.456219</ele>
        <time>2026-07-05T11:31:50.000Z</time>
      </trkpt>
      <trkpt lat="52.341882" lon="13.456685">
        <ele>52.699721</ele>
        <time>2026-07-05T11:31:52.000Z</time>
      </trkpt>
      <trkpt lat="52.341831" lon="13.456853">
        <ele>52.946754</ele>
        <time>2026-07-05T11:31:54.000Z</time>
      </trkpt>
      <trkpt lat="52.341774" lon="13.457026">
        <ele>53.205584</ele>
        <time>2026-07-05T11:31:56.000Z</time>
      </trkpt>
      <trkpt lat="52.341716" lon="13.457209">
        <ele>53.477062</ele>
        <time>2026-07-05T11:31:58.000Z</time>
      </trkpt>
      <trkpt lat="52.341652" lon="13.457403">
        <ele>53.767393</ele>
        <time>2026-07-05T11:32:00.000Z</time>
      </trkpt>
      <trkpt lat="52.341588" lon="13.457610">
        <ele>54.072896</ele>
        <time>2026-07-05T11:32:02.000Z</time>
      </trkpt>
      <trkpt lat="52.341517" lon="13.457824">
        <ele>54.393572</ele>
        <time>2026-07-05T11:32:04.000Z</time>
      </trkpt>
      <trkpt lat="52.341441" lon="13.458049">
        <ele>54.626044</ele>
        <time>2026-07-05T11:32:06.000Z</time>
      </trkpt>
      <trkpt lat="52.341367" lon="13.458281">
        <ele>54.789999</ele>
        <time>2026-07-05T11:32:08.000Z</time>
      </trkpt>
      <trkpt lat="52.341289" lon="13.458514">
        <ele>54.956440</ele>
        <time>2026-07-05T11:32:10.000Z</time>
      </trkpt>
      <trkpt lat="52.341208" lon="13.458757">
        <ele>55.129855</ele>
        <time>2026-07-05T11:32:12.000Z</time>
      </trkpt>
      <trkpt lat="52.341129" lon="13.459004">
        <ele>55.304513</ele>
        <time>2026-07-05T11:32:14.000Z</time>
      </trkpt>
      <trkpt lat="52.341051" lon="13.459243">
        <ele>55.474261</ele>
        <time>2026-07-05T11:32:16.000Z</time>
      </trkpt>
      <trkpt lat="52.340974" lon="13.459471">
        <ele>55.637465</ele>
        <time>2026-07-05T11:32:18.000Z</time>
      </trkpt>
      <trkpt lat="52.340905" lon="13.459682">
        <ele>55.787394</ele>
        <time>2026-07-05T11:32:20.000Z</time>
      </trkpt>
      <trkpt lat="52.340836" lon="13.459878">
        <ele>55.929108</ele>
        <time>2026-07-05T11:32:22.000Z</time>
      </trkpt>
      <trkpt lat="52.340774" lon="13.460072">
        <ele>56.066266</ele>
        <time>2026-07-05T11:32:24.000Z</time>
      </trkpt>
      <trkpt lat="52.340717" lon="13.460267">
        <ele>56.201690</ele>
        <time>2026-07-05T11:32:26.000Z</time>
      </trkpt>
      <trkpt lat="52.340673" lon="13.460469">
        <ele>56.336039</ele>
        <time>2026-07-05T11:32:28.000Z</time>
      </trkpt>
      <trkpt lat="52.340654" lon="13.460676">
        <ele>56.093437</ele>
        <time>2026-07-05T11:32:30.000Z</time>
      </trkpt>
      <trkpt lat="52.340660" lon="13.460879">
        <ele>55.709620</ele>
        <time>2026-07-05T11:32:32.000Z</time>
      </trkpt>
      <trkpt lat="52.340688" lon="13.461076">
        <ele>55.327648</ele>
        <time>2026-07-05T11:32:34.000Z</time>
      </trkpt>
      <trkpt lat="52.340726" lon="13.461272">
        <ele>54.939309</ele>
        <time>2026-07-05T11:32:36.000Z</time>
      </trkpt>
      <trkpt lat="52.340783" lon="13.461466">
        <ele>54.532774</ele>
        <time>2026-07-05T11:32:38.000Z</time>
      </trkpt>
      <trkpt lat="52.340828" lon="13.461675">
        <ele>54.114283</ele>
        <time>2026-07-05T11:32:40.000Z</time>
      </trkpt>
      <trkpt lat="52.340885" lon="13.461895">
        <ele>53.662997</ele>
        <time>2026-07-05T11:32:42.000Z</time>
      </trkpt>
      <trkpt lat="52.340937" lon="13.462131">
        <ele>53.189212</ele>
        <time>2026-07-05T11:32:44.000Z</time>
      </trkpt>
      <trkpt lat="52.340997" lon="13.462386">
        <ele>52.673165</ele>
        <time>2026-07-05T11:32:46.000Z</time>
      </trkpt>
      <trkpt lat="52.341062" lon="13.462661">
        <ele>52.116318</ele>
        <time>2026-07-05T11:32:48.000Z</time>
      </trkpt>
      <trkpt lat="52.341098" lon="13.462806">
        <ele>51.820739</ele>
        <time>2026-07-05T11:32:49.000Z</time>
      </trkpt>
      <trkpt lat="52.341134" lon="13.462960">
        <ele>51.509349</ele>
        <time>2026-07-05T11:32:50.000Z</time>
      </trkpt>
      <trkpt lat="52.341175" lon="13.463117">
        <ele>51.186906</ele>
        <time>2026-07-05T11:32:51.000Z</time>
      </trkpt>
      <trkpt lat="52.341215" lon="13.463280">
        <ele>50.855179</ele>
        <time>2026-07-05T11:32:52.000Z</time>
      </trkpt>
      <trkpt lat="52.341253" lon="13.463450">
        <ele>50.508451</ele>
        <time>2026-07-05T11:32:53.000Z</time>
      </trkpt>
      <trkpt lat="52.341292" lon="13.463619">
        <ele>50.161769</ele>
        <time>2026-07-05T11:32:54.000Z</time>
      </trkpt>
      <trkpt lat="52.341331" lon="13.463789">
        <ele>49.813291</ele>
        <time>2026-07-05T11:32:55.000Z</time>
      </trkpt>
      <trkpt lat="52.341376" lon="13.463958">
        <ele>49.459510</ele>
        <time>2026-07-05T11:32:56.000Z</time>
      </trkpt>
      <trkpt lat="52.341415" lon="13.464130">
        <ele>49.107437</ele>
        <time>2026-07-05T11:32:57.000Z</time>
      </trkpt>
      <trkpt lat="52.341456" lon="13.464305">
        <ele>48.747760</ele>
        <time>2026-07-05T11:32:58.000Z</time>
      </trkpt>
      <trkpt lat="52.341496" lon="13.464477">
        <ele>48.394582</ele>
        <time>2026-07-05T11:32:59.000Z</time>
      </trkpt>
      <trkpt lat="52.341537" lon="13.464647">
        <ele>48.043848</ele>
        <time>2026-07-05T11:33:00.000Z</time>
      </trkpt>
      <trkpt lat="52.341578" lon="13.464813">
        <ele>47.700242</ele>
        <time>2026-07-05T11:33:01.000Z</time>
      </trkpt>
      <trkpt lat="52.341617" lon="13.464976">
        <ele>47.364308</ele>
        <time>2026-07-05T11:33:02.000Z</time>
      </trkpt>
      <trkpt lat="52.341655" lon="13.465142">
        <ele>47.024123</ele>
        <time>2026-07-05T11:33:03.000Z</time>
      </trkpt>
      <trkpt lat="52.341696" lon="13.465305">
        <ele>46.685848</ele>
        <time>2026-07-05T11:33:04.000Z</time>
      </trkpt>
      <trkpt lat="52.341736" lon="13.465467">
        <ele>46.350538</ele>
        <time>2026-07-05T11:33:05.000Z</time>
      </trkpt>
      <trkpt lat="52.341776" lon="13.465630">
        <ele>46.013447</ele>
        <time>2026-07-05T11:33:06.000Z</time>
      </trkpt>
      <trkpt lat="52.341813" lon="13.465790">
        <ele>45.685145</ele>
        <time>2026-07-05T11:33:07.000Z</time>
      </trkpt>
      <trkpt lat="52.341849" lon="13.465948">
        <ele>45.361541</ele>
        <time>2026-07-05T11:33:08.000Z</time>
      </trkpt>
      <trkpt lat="52.341887" lon="13.466103">
        <ele>45.173324</ele>
        <time>2026-07-05T11:33:09.000Z</time>
      </trkpt>
      <trkpt lat="52.341925" lon="13.466257">
        <ele>45.195303</ele>
        <time>2026-07-05T11:33:10.000Z</time>
      </trkpt>
      <trkpt lat="52.341959" lon="13.466413">
        <ele>45.217222</ele>
        <time>2026-07-05T11:33:11.000Z</time>
      </trkpt>
      <trkpt lat="52.341996" lon="13.466569">
        <ele>45.239367</ele>
        <time>2026-07-05T11:33:12.000Z</time>
      </trkpt>
      <trkpt lat="52.342033" lon="13.466725">
        <ele>45.261512</ele>
        <time>2026-07-05T11:33:13.000Z</time>
      </trkpt>
      <trkpt lat="52.342071" lon="13.466880">
        <ele>45.283613</ele>
        <time>2026-07-05T11:33:14.000Z</time>
      </trkpt>
      <trkpt lat="52.342109" lon="13.467030">
        <ele>45.305102</ele>
        <time>2026-07-05T11:33:15.000Z</time>
      </trkpt>
      <trkpt lat="52.342146" lon="13.467179">
        <ele>45.326386</ele>
        <time>2026-07-05T11:33:16.000Z</time>
      </trkpt>
      <trkpt lat="52.342182" lon="13.467324">
        <ele>45.347098</ele>
        <time>2026-07-05T11:33:17.000Z</time>
      </trkpt>
      <trkpt lat="52.342216" lon="13.467471">
        <ele>45.367899</ele>
        <time>2026-07-05T11:33:18.000Z</time>
      </trkpt>
      <trkpt lat="52.342250" lon="13.467613">
        <ele>45.388081</ele>
        <time>2026-07-05T11:33:19.000Z</time>
      </trkpt>
      <trkpt lat="52.342283" lon="13.467755">
        <ele>45.408186</ele>
        <time>2026-07-05T11:33:20.000Z</time>
      </trkpt>
      <trkpt lat="52.342318" lon="13.467892">
        <ele>45.427837</ele>
        <time>2026-07-05T11:33:21.000Z</time>
      </trkpt>
      <trkpt lat="52.342352" lon="13.468030">
        <ele>45.447528</ele>
        <time>2026-07-05T11:33:22.000Z</time>
      </trkpt>
      <trkpt lat="52.342416" lon="13.468303">
        <ele>45.486223</ele>
        <time>2026-07-05T11:33:24.000Z</time>
      </trkpt>
      <trkpt lat="52.342479" lon="13.468574">
        <ele>45.524593</ele>
        <time>2026-07-05T11:33:26.000Z</time>
      </trkpt>
      <trkpt lat="52.342542" lon="13.468840">
        <ele>45.529087</ele>
        <time>2026-07-05T11:33:28.000Z</time>
      </trkpt>
      <trkpt lat="52.342603" lon="13.469102">
        <ele>45.411218</ele>
        <time>2026-07-05T11:33:30.000Z</time>
      </trkpt>
      <trkpt lat="52.342664" lon="13.469364">
        <ele>45.293350</ele>
        <time>2026-07-05T11:33:32.000Z</time>
      </trkpt>
      <trkpt lat="52.342727" lon="13.469626">
        <ele>45.174985</ele>
        <time>2026-07-05T11:33:34.000Z</time>
      </trkpt>
      <trkpt lat="52.342789" lon="13.469890">
        <ele>45.056086</ele>
        <time>2026-07-05T11:33:36.000Z</time>
      </trkpt>
      <trkpt lat="52.342852" lon="13.470158">
        <ele>44.935370</ele>
        <time>2026-07-05T11:33:38.000Z</time>
      </trkpt>
      <trkpt lat="52.342912" lon="13.470432">
        <ele>44.813009</ele>
        <time>2026-07-05T11:33:40.000Z</time>
      </trkpt>
      <trkpt lat="52.342979" lon="13.470704">
        <ele>44.689720</ele>
        <time>2026-07-05T11:33:42.000Z</time>
      </trkpt>
      <trkpt lat="52.343013" lon="13.470841">
        <ele>44.627557</ele>
        <time>2026-07-05T11:33:43.000Z</time>
      </trkpt>
      <trkpt lat="52.343045" lon="13.470979">
        <ele>44.565506</ele>
        <time>2026-07-05T11:33:44.000Z</time>
      </trkpt>
      <trkpt lat="52.343112" lon="13.471253">
        <ele>44.441438</ele>
        <time>2026-07-05T11:33:46.000Z</time>
      </trkpt>
      <trkpt lat="52.343147" lon="13.471389">
        <ele>44.379400</ele>
        <time>2026-07-05T11:33:47.000Z</time>
      </trkpt>
      <trkpt lat="52.343180" lon="13.471527">
        <ele>44.317102</ele>
        <time>2026-07-05T11:33:48.000Z</time>
      </trkpt>
      <trkpt lat="52.343211" lon="13.471665">
        <ele>44.249937</ele>
        <time>2026-07-05T11:33:49.000Z</time>
      </trkpt>
      <trkpt lat="52.343244" lon="13.471803">
        <ele>44.182210</ele>
        <time>2026-07-05T11:33:50.000Z</time>
      </trkpt>
      <trkpt lat="52.343276" lon="13.471940">
        <ele>44.115178</ele>
        <time>2026-07-05T11:33:51.000Z</time>
      </trkpt>
      <trkpt lat="52.343308" lon="13.472080">
        <ele>44.046864</ele>
        <time>2026-07-05T11:33:52.000Z</time>
      </trkpt>
      <trkpt lat="52.343342" lon="13.472219">
        <ele>43.978437</ele>
        <time>2026-07-05T11:33:53.000Z</time>
      </trkpt>
      <trkpt lat="52.343376" lon="13.472359">
        <ele>43.909584</ele>
        <time>2026-07-05T11:33:54.000Z</time>
      </trkpt>
      <trkpt lat="52.343408" lon="13.472502">
        <ele>43.839985</ele>
        <time>2026-07-05T11:33:55.000Z</time>
      </trkpt>
      <trkpt lat="52.343442" lon="13.472646">
        <ele>43.769431</ele>
        <time>2026-07-05T11:33:56.000Z</time>
      </trkpt>
      <trkpt lat="52.343477" lon="13.472791">
        <ele>43.698179</ele>
        <time>2026-07-05T11:33:57.000Z</time>
      </trkpt>
      <trkpt lat="52.343512" lon="13.472934">
        <ele>43.627776</ele>
        <time>2026-07-05T11:33:58.000Z</time>
      </trkpt>
      <trkpt lat="52.343546" lon="13.473079">
        <ele>43.556796</ele>
        <time>2026-07-05T11:33:59.000Z</time>
      </trkpt>
      <trkpt lat="52.343577" lon="13.473226">
        <ele>43.485725</ele>
        <time>2026-07-05T11:34:00.000Z</time>
      </trkpt>
      <trkpt lat="52.343612" lon="13.473368">
        <ele>43.415747</ele>
        <time>2026-07-05T11:34:01.000Z</time>
      </trkpt>
      <trkpt lat="52.343646" lon="13.473514">
        <ele>43.344339</ele>
        <time>2026-07-05T11:34:02.000Z</time>
      </trkpt>
      <trkpt lat="52.343678" lon="13.473657">
        <ele>43.274740</ele>
        <time>2026-07-05T11:34:03.000Z</time>
      </trkpt>
      <trkpt lat="52.343711" lon="13.473799">
        <ele>43.205308</ele>
        <time>2026-07-05T11:34:04.000Z</time>
      </trkpt>
      <trkpt lat="52.343744" lon="13.473942">
        <ele>43.135448</ele>
        <time>2026-07-05T11:34:05.000Z</time>
      </trkpt>
      <trkpt lat="52.343780" lon="13.474084">
        <ele>43.065187</ele>
        <time>2026-07-05T11:34:06.000Z</time>
      </trkpt>
      <trkpt lat="52.343816" lon="13.474226">
        <ele>42.994925</ele>
        <time>2026-07-05T11:34:07.000Z</time>
      </trkpt>
      <trkpt lat="52.343849" lon="13.474367">
        <ele>42.958862</ele>
        <time>2026-07-05T11:34:08.000Z</time>
      </trkpt>
      <trkpt lat="52.343883" lon="13.474509">
        <ele>42.939838</ele>
        <time>2026-07-05T11:34:09.000Z</time>
      </trkpt>
      <trkpt lat="52.343917" lon="13.474649">
        <ele>42.921045</ele>
        <time>2026-07-05T11:34:10.000Z</time>
      </trkpt>
      <trkpt lat="52.343951" lon="13.474789">
        <ele>42.902252</ele>
        <time>2026-07-05T11:34:11.000Z</time>
      </trkpt>
      <trkpt lat="52.343985" lon="13.474928">
        <ele>42.883575</ele>
        <time>2026-07-05T11:34:12.000Z</time>
      </trkpt>
      <trkpt lat="52.344018" lon="13.475067">
        <ele>42.864973</ele>
        <time>2026-07-05T11:34:13.000Z</time>
      </trkpt>
      <trkpt lat="52.344052" lon="13.475208">
        <ele>42.846065</ele>
        <time>2026-07-05T11:34:14.000Z</time>
      </trkpt>
      <trkpt lat="52.344084" lon="13.475348">
        <ele>42.827419</ele>
        <time>2026-07-05T11:34:15.000Z</time>
      </trkpt>
      <trkpt lat="52.344118" lon="13.475485">
        <ele>42.808974</ele>
        <time>2026-07-05T11:34:16.000Z</time>
      </trkpt>
      <trkpt lat="52.344152" lon="13.475625">
        <ele>42.790181</ele>
        <time>2026-07-05T11:34:17.000Z</time>
      </trkpt>
      <trkpt lat="52.344185" lon="13.475765">
        <ele>42.771463</ele>
        <time>2026-07-05T11:34:18.000Z</time>
      </trkpt>
      <trkpt lat="52.344217" lon="13.475908">
        <ele>42.752466</ele>
        <time>2026-07-05T11:34:19.000Z</time>
      </trkpt>
      <trkpt lat="52.344251" lon="13.476050">
        <ele>42.733442</ele>
        <time>2026-07-05T11:34:20.000Z</time>
      </trkpt>
      <trkpt lat="52.344284" lon="13.476193">
        <ele>42.714374</ele>
        <time>2026-07-05T11:34:21.000Z</time>
      </trkpt>
      <trkpt lat="52.344318" lon="13.476335">
        <ele>42.695349</ele>
        <time>2026-07-05T11:34:22.000Z</time>
      </trkpt>
      <trkpt lat="52.344352" lon="13.476475">
        <ele>42.676557</ele>
        <time>2026-07-05T11:34:23.000Z</time>
      </trkpt>
      <trkpt lat="52.344418" lon="13.476748">
        <ele>42.639934</ele>
        <time>2026-07-05T11:34:25.000Z</time>
      </trkpt>
      <trkpt lat="52.344480" lon="13.477020">
        <ele>42.604765</ele>
        <time>2026-07-05T11:34:27.000Z</time>
      </trkpt>
      <trkpt lat="52.344540" lon="13.477290">
        <ele>42.713826</ele>
        <time>2026-07-05T11:34:29.000Z</time>
      </trkpt>
      <trkpt lat="52.344611" lon="13.477552">
        <ele>42.822626</ele>
        <time>2026-07-05T11:34:31.000Z</time>
      </trkpt>
      <trkpt lat="52.344672" lon="13.477814">
        <ele>42.929058</ele>
        <time>2026-07-05T11:34:33.000Z</time>
      </trkpt>
      <trkpt lat="52.344733" lon="13.478071">
        <ele>43.033719</ele>
        <time>2026-07-05T11:34:35.000Z</time>
      </trkpt>
      <trkpt lat="52.344794" lon="13.478324">
        <ele>43.136966</ele>
        <time>2026-07-05T11:34:37.000Z</time>
      </trkpt>
      <trkpt lat="52.344857" lon="13.478572">
        <ele>43.238920</ele>
        <time>2026-07-05T11:34:39.000Z</time>
      </trkpt>
      <trkpt lat="52.344915" lon="13.478822">
        <ele>43.340431</ele>
        <time>2026-07-05T11:34:41.000Z</time>
      </trkpt>
      <trkpt lat="52.344972" lon="13.479071">
        <ele>43.441367</ele>
        <time>2026-07-05T11:34:43.000Z</time>
      </trkpt>
      <trkpt lat="52.345031" lon="13.479313">
        <ele>43.540274</ele>
        <time>2026-07-05T11:34:45.000Z</time>
      </trkpt>
      <trkpt lat="52.345086" lon="13.479553">
        <ele>43.637575</ele>
        <time>2026-07-05T11:34:47.000Z</time>
      </trkpt>
      <trkpt lat="52.345140" lon="13.479786">
        <ele>43.740085</ele>
        <time>2026-07-05T11:34:49.000Z</time>
      </trkpt>
      <trkpt lat="52.345193" lon="13.480017">
        <ele>43.903784</ele>
        <time>2026-07-05T11:34:51.000Z</time>
      </trkpt>
      <trkpt lat="52.345251" lon="13.480243">
        <ele>44.066407</ele>
        <time>2026-07-05T11:34:53.000Z</time>
      </trkpt>
      <trkpt lat="52.345304" lon="13.480475">
        <ele>44.230727</ele>
        <time>2026-07-05T11:34:55.000Z</time>
      </trkpt>
      <trkpt lat="52.345359" lon="13.480705">
        <ele>44.394584</ele>
        <time>2026-07-05T11:34:57.000Z</time>
      </trkpt>
      <trkpt lat="52.345412" lon="13.480930">
        <ele>44.554562</ele>
        <time>2026-07-05T11:34:59.000Z</time>
      </trkpt>
      <trkpt lat="52.345466" lon="13.481154">
        <ele>44.714317</ele>
        <time>2026-07-05T11:35:01.000Z</time>
      </trkpt>
      <trkpt lat="52.345520" lon="13.481378">
        <ele>44.874072</ele>
        <time>2026-07-05T11:35:03.000Z</time>
      </trkpt>
      <trkpt lat="52.345568" lon="13.481596">
        <ele>45.027801</ele>
        <time>2026-07-05T11:35:05.000Z</time>
      </trkpt>
      <trkpt lat="52.345617" lon="13.481812">
        <ele>45.180657</ele>
        <time>2026-07-05T11:35:07.000Z</time>
      </trkpt>
      <trkpt lat="52.345663" lon="13.482024">
        <ele>45.329906</ele>
        <time>2026-07-05T11:35:09.000Z</time>
      </trkpt>
      <trkpt lat="52.345702" lon="13.482237">
        <ele>45.477421</ele>
        <time>2026-07-05T11:35:11.000Z</time>
      </trkpt>
      <trkpt lat="52.345761" lon="13.482439">
        <ele>45.625957</ele>
        <time>2026-07-05T11:35:13.000Z</time>
      </trkpt>
      <trkpt lat="52.345820" lon="13.482635">
        <ele>45.672803</ele>
        <time>2026-07-05T11:35:15.000Z</time>
      </trkpt>
      <trkpt lat="52.345863" lon="13.482840">
        <ele>45.669786</ele>
        <time>2026-07-05T11:35:17.000Z</time>
      </trkpt>
      <trkpt lat="52.345911" lon="13.483045">
        <ele>45.666729</ele>
        <time>2026-07-05T11:35:19.000Z</time>
      </trkpt>
      <trkpt lat="52.345960" lon="13.483249">
        <ele>45.663677</ele>
        <time>2026-07-05T11:35:21.000Z</time>
      </trkpt>
      <trkpt lat="52.346010" lon="13.483455">
        <ele>45.660591</ele>
        <time>2026-07-05T11:35:23.000Z</time>
      </trkpt>
      <trkpt lat="52.346060" lon="13.483666">
        <ele>45.657440</ele>
        <time>2026-07-05T11:35:25.000Z</time>
      </trkpt>
      <trkpt lat="52.346107" lon="13.483886">
        <ele>45.654195</ele>
        <time>2026-07-05T11:35:27.000Z</time>
      </trkpt>
      <trkpt lat="52.346163" lon="13.484106">
        <ele>45.650877</ele>
        <time>2026-07-05T11:35:29.000Z</time>
      </trkpt>
      <trkpt lat="52.346226" lon="13.484324">
        <ele>45.647519</ele>
        <time>2026-07-05T11:35:31.000Z</time>
      </trkpt>
      <trkpt lat="52.346291" lon="13.484545">
        <ele>45.644104</ele>
        <time>2026-07-05T11:35:33.000Z</time>
      </trkpt>
      <trkpt lat="52.346333" lon="13.484788">
        <ele>45.640588</ele>
        <time>2026-07-05T11:35:35.000Z</time>
      </trkpt>
      <trkpt lat="52.346387" lon="13.485022">
        <ele>45.637105</ele>
        <time>2026-07-05T11:35:37.000Z</time>
      </trkpt>
      <trkpt lat="52.346444" lon="13.485249">
        <ele>45.631649</ele>
        <time>2026-07-05T11:35:39.000Z</time>
      </trkpt>
      <trkpt lat="52.346504" lon="13.485465">
        <ele>45.579835</ele>
        <time>2026-07-05T11:35:41.000Z</time>
      </trkpt>
      <trkpt lat="52.346554" lon="13.485693">
        <ele>45.526938</ele>
        <time>2026-07-05T11:35:43.000Z</time>
      </trkpt>
      <trkpt lat="52.346617" lon="13.485920">
        <ele>45.472493</ele>
        <time>2026-07-05T11:35:45.000Z</time>
      </trkpt>
      <trkpt lat="52.346676" lon="13.486158">
        <ele>45.416407</ele>
        <time>2026-07-05T11:35:47.000Z</time>
      </trkpt>
      <trkpt lat="52.346732" lon="13.486398">
        <ele>45.360307</ele>
        <time>2026-07-05T11:35:49.000Z</time>
      </trkpt>
      <trkpt lat="52.346793" lon="13.486636">
        <ele>45.303948</ele>
        <time>2026-07-05T11:35:51.000Z</time>
      </trkpt>
      <trkpt lat="52.346847" lon="13.486882">
        <ele>45.246868</ele>
        <time>2026-07-05T11:35:53.000Z</time>
      </trkpt>
      <trkpt lat="52.346907" lon="13.487126">
        <ele>45.189433</ele>
        <time>2026-07-05T11:35:55.000Z</time>
      </trkpt>
      <trkpt lat="52.346965" lon="13.487372">
        <ele>45.131854</ele>
        <time>2026-07-05T11:35:57.000Z</time>
      </trkpt>
      <trkpt lat="52.347024" lon="13.487618">
        <ele>45.074145</ele>
        <time>2026-07-05T11:35:59.000Z</time>
      </trkpt>
      <trkpt lat="52.347086" lon="13.487864">
        <ele>45.016036</ele>
        <time>2026-07-05T11:36:01.000Z</time>
      </trkpt>
      <trkpt lat="52.347144" lon="13.488109">
        <ele>44.967428</ele>
        <time>2026-07-05T11:36:03.000Z</time>
      </trkpt>
      <trkpt lat="52.347200" lon="13.488349">
        <ele>44.926588</ele>
        <time>2026-07-05T11:36:05.000Z</time>
      </trkpt>
      <trkpt lat="52.347255" lon="13.488589">
        <ele>44.885840</ele>
        <time>2026-07-05T11:36:07.000Z</time>
      </trkpt>
      <trkpt lat="52.347312" lon="13.488824">
        <ele>44.845646</ele>
        <time>2026-07-05T11:36:09.000Z</time>
      </trkpt>
      <trkpt lat="52.347367" lon="13.489061">
        <ele>44.805344</ele>
        <time>2026-07-05T11:36:11.000Z</time>
      </trkpt>
      <trkpt lat="52.347419" lon="13.489299">
        <ele>44.765163</ele>
        <time>2026-07-05T11:36:13.000Z</time>
      </trkpt>
      <trkpt lat="52.347479" lon="13.489532">
        <ele>44.724967</ele>
        <time>2026-07-05T11:36:15.000Z</time>
      </trkpt>
      <trkpt lat="52.347535" lon="13.489771">
        <ele>44.684275</ele>
        <time>2026-07-05T11:36:17.000Z</time>
      </trkpt>
      <trkpt lat="52.347591" lon="13.490010">
        <ele>44.643584</ele>
        <time>2026-07-05T11:36:19.000Z</time>
      </trkpt>
      <trkpt lat="52.347650" lon="13.490245">
        <ele>44.603195</ele>
        <time>2026-07-05T11:36:21.000Z</time>
      </trkpt>
      <trkpt lat="52.347706" lon="13.490484">
        <ele>44.562503</ele>
        <time>2026-07-05T11:36:23.000Z</time>
      </trkpt>
      <trkpt lat="52.347764" lon="13.490721">
        <ele>44.522626</ele>
        <time>2026-07-05T11:36:25.000Z</time>
      </trkpt>
      <trkpt lat="52.347819" lon="13.490958">
        <ele>44.513364</ele>
        <time>2026-07-05T11:36:27.000Z</time>
      </trkpt>
      <trkpt lat="52.347876" lon="13.491189">
        <ele>44.504262</ele>
        <time>2026-07-05T11:36:29.000Z</time>
      </trkpt>
      <trkpt lat="52.347929" lon="13.491424">
        <ele>44.495111</ele>
        <time>2026-07-05T11:36:31.000Z</time>
      </trkpt>
      <trkpt lat="52.347979" lon="13.491664">
        <ele>44.485847</ele>
        <time>2026-07-05T11:36:33.000Z</time>
      </trkpt>
      <trkpt lat="52.348033" lon="13.491903">
        <ele>44.476538</ele>
        <time>2026-07-05T11:36:35.000Z</time>
      </trkpt>
      <trkpt lat="52.348094" lon="13.492146">
        <ele>44.466940</ele>
        <time>2026-07-05T11:36:37.000Z</time>
      </trkpt>
      <trkpt lat="52.348153" lon="13.492388">
        <ele>44.457421</ele>
        <time>2026-07-05T11:36:39.000Z</time>
      </trkpt>
      <trkpt lat="52.348210" lon="13.492636">
        <ele>44.447741</ele>
        <time>2026-07-05T11:36:41.000Z</time>
      </trkpt>
      <trkpt lat="52.348270" lon="13.492881">
        <ele>44.438098</ele>
        <time>2026-07-05T11:36:43.000Z</time>
      </trkpt>
      <trkpt lat="52.348328" lon="13.493127">
        <ele>44.428465</ele>
        <time>2026-07-05T11:36:45.000Z</time>
      </trkpt>
      <trkpt lat="52.348387" lon="13.493373">
        <ele>44.418810</ele>
        <time>2026-07-05T11:36:47.000Z</time>
      </trkpt>
      <trkpt lat="52.348448" lon="13.493617">
        <ele>44.374030</ele>
        <time>2026-07-05T11:36:49.000Z</time>
      </trkpt>
      <trkpt lat="52.348438" lon="13.493870">
        <ele>44.311322</ele>
        <time>2026-07-05T11:36:51.000Z</time>
      </trkpt>
      <trkpt lat="52.348401" lon="13.494058">
        <ele>44.262468</ele>
        <time>2026-07-05T11:36:53.000Z</time>
      </trkpt>
      <trkpt lat="52.348374" lon="13.494279">
        <ele>44.206723</ele>
        <time>2026-07-05T11:36:55.000Z</time>
      </trkpt>
      <trkpt lat="52.348709" lon="13.494742">
        <ele>44.029201</ele>
        <time>2026-07-05T11:36:58.000Z</time>
      </trkpt>
      <trkpt lat="52.348766" lon="13.494992">
        <ele>43.963199</ele>
        <time>2026-07-05T11:37:00.000Z</time>
      </trkpt>
      <trkpt lat="52.348827" lon="13.495242">
        <ele>43.896614</ele>
        <time>2026-07-05T11:37:02.000Z</time>
      </trkpt>
      <trkpt lat="52.348883" lon="13.495491">
        <ele>43.830985</ele>
        <time>2026-07-05T11:37:04.000Z</time>
      </trkpt>
      <trkpt lat="52.348940" lon="13.495739">
        <ele>43.765447</ele>
        <time>2026-07-05T11:37:06.000Z</time>
      </trkpt>
      <trkpt lat="52.348997" lon="13.495983">
        <ele>43.700834</ele>
        <time>2026-07-05T11:37:08.000Z</time>
      </trkpt>
      <trkpt lat="52.349053" lon="13.496225">
        <ele>43.746172</ele>
        <time>2026-07-05T11:37:10.000Z</time>
      </trkpt>
      <trkpt lat="52.349111" lon="13.496461">
        <ele>43.820418</ele>
        <time>2026-07-05T11:37:12.000Z</time>
      </trkpt>
      <trkpt lat="52.349165" lon="13.496695">
        <ele>43.893426</ele>
        <time>2026-07-05T11:37:14.000Z</time>
      </trkpt>
      <trkpt lat="52.349219" lon="13.496926">
        <ele>43.965615</ele>
        <time>2026-07-05T11:37:16.000Z</time>
      </trkpt>
      <trkpt lat="52.349271" lon="13.497157">
        <ele>44.037468</ele>
        <time>2026-07-05T11:37:18.000Z</time>
      </trkpt>
      <trkpt lat="52.349326" lon="13.497387">
        <ele>44.109557</ele>
        <time>2026-07-05T11:37:20.000Z</time>
      </trkpt>
      <trkpt lat="52.349380" lon="13.497615">
        <ele>44.180929</ele>
        <time>2026-07-05T11:37:22.000Z</time>
      </trkpt>
      <trkpt lat="52.349432" lon="13.497847">
        <ele>44.253055</ele>
        <time>2026-07-05T11:37:24.000Z</time>
      </trkpt>
      <trkpt lat="52.349486" lon="13.498078">
        <ele>44.325244</ele>
        <time>2026-07-05T11:37:26.000Z</time>
      </trkpt>
      <trkpt lat="52.349539" lon="13.498313">
        <ele>44.398357</ele>
        <time>2026-07-05T11:37:28.000Z</time>
      </trkpt>
      <trkpt lat="52.349594" lon="13.498543">
        <ele>44.470446</ele>
        <time>2026-07-05T11:37:30.000Z</time>
      </trkpt>
      <trkpt lat="52.349651" lon="13.498772">
        <ele>44.542618</ele>
        <time>2026-07-05T11:37:32.000Z</time>
      </trkpt>
      <trkpt lat="52.349703" lon="13.499003">
        <ele>44.456932</ele>
        <time>2026-07-05T11:37:34.000Z</time>
      </trkpt>
      <trkpt lat="52.349761" lon="13.499231">
        <ele>44.362236</ele>
        <time>2026-07-05T11:37:36.000Z</time>
      </trkpt>
      <trkpt lat="52.349813" lon="13.499464">
        <ele>44.267125</ele>
        <time>2026-07-05T11:37:38.000Z</time>
      </trkpt>
      <trkpt lat="52.349869" lon="13.499697">
        <ele>44.171124</ele>
        <time>2026-07-05T11:37:40.000Z</time>
      </trkpt>
      <trkpt lat="52.349925" lon="13.499934">
        <ele>44.073694</ele>
        <time>2026-07-05T11:37:42.000Z</time>
      </trkpt>
      <trkpt lat="52.349983" lon="13.500173">
        <ele>43.975092</ele>
        <time>2026-07-05T11:37:44.000Z</time>
      </trkpt>
      <trkpt lat="52.350040" lon="13.500416">
        <ele>43.875290</ele>
        <time>2026-07-05T11:37:46.000Z</time>
      </trkpt>
      <trkpt lat="52.350098" lon="13.500660">
        <ele>43.774904</ele>
        <time>2026-07-05T11:37:48.000Z</time>
      </trkpt>
      <trkpt lat="52.350154" lon="13.500905">
        <ele>43.674607</ele>
        <time>2026-07-05T11:37:50.000Z</time>
      </trkpt>
      <trkpt lat="52.350214" lon="13.501151">
        <ele>43.573048</ele>
        <time>2026-07-05T11:37:52.000Z</time>
      </trkpt>
      <trkpt lat="52.350273" lon="13.501398">
        <ele>43.471362</ele>
        <time>2026-07-05T11:37:54.000Z</time>
      </trkpt>
      <trkpt lat="52.350331" lon="13.501646">
        <ele>43.428248</ele>
        <time>2026-07-05T11:37:56.000Z</time>
      </trkpt>
      <trkpt lat="52.350392" lon="13.501892">
        <ele>43.451310</ele>
        <time>2026-07-05T11:37:58.000Z</time>
      </trkpt>
      <trkpt lat="52.350454" lon="13.502140">
        <ele>43.474585</ele>
        <time>2026-07-05T11:38:00.000Z</time>
      </trkpt>
      <trkpt lat="52.350515" lon="13.502388">
        <ele>43.497808</ele>
        <time>2026-07-05T11:38:02.000Z</time>
      </trkpt>
      <trkpt lat="52.350570" lon="13.502641">
        <ele>43.521134</ele>
        <time>2026-07-05T11:38:04.000Z</time>
      </trkpt>
      <trkpt lat="52.350627" lon="13.502892">
        <ele>43.544393</ele>
        <time>2026-07-05T11:38:06.000Z</time>
      </trkpt>
      <trkpt lat="52.350685" lon="13.503138">
        <ele>43.567297</ele>
        <time>2026-07-05T11:38:08.000Z</time>
      </trkpt>
      <trkpt lat="52.350743" lon="13.503381">
        <ele>43.589959</ele>
        <time>2026-07-05T11:38:10.000Z</time>
      </trkpt>
      <trkpt lat="52.350801" lon="13.503625">
        <ele>43.612701</ele>
        <time>2026-07-05T11:38:12.000Z</time>
      </trkpt>
      <trkpt lat="52.350860" lon="13.503868">
        <ele>43.635414</ele>
        <time>2026-07-05T11:38:14.000Z</time>
      </trkpt>
      <trkpt lat="52.350917" lon="13.504109">
        <ele>43.657862</ele>
        <time>2026-07-05T11:38:16.000Z</time>
      </trkpt>
      <trkpt lat="52.350975" lon="13.504351">
        <ele>43.702333</ele>
        <time>2026-07-05T11:38:18.000Z</time>
      </trkpt>
      <trkpt lat="52.351033" lon="13.504592">
        <ele>43.792603</ele>
        <time>2026-07-05T11:38:20.000Z</time>
      </trkpt>
      <trkpt lat="52.351087" lon="13.504831">
        <ele>43.881408</ele>
        <time>2026-07-05T11:38:21.999Z</time>
      </trkpt>
      <trkpt lat="52.351144" lon="13.505068">
        <ele>43.970173</ele>
        <time>2026-07-05T11:38:23.999Z</time>
      </trkpt>
      <trkpt lat="52.351201" lon="13.505300">
        <ele>44.057318</ele>
        <time>2026-07-05T11:38:25.999Z</time>
      </trkpt>
      <trkpt lat="52.351256" lon="13.505533">
        <ele>44.144369</ele>
        <time>2026-07-05T11:38:27.999Z</time>
      </trkpt>
      <trkpt lat="52.351308" lon="13.505766">
        <ele>44.230817</ele>
        <time>2026-07-05T11:38:29.999Z</time>
      </trkpt>
      <trkpt lat="52.351362" lon="13.505996">
        <ele>44.316687</ele>
        <time>2026-07-05T11:38:32.000Z</time>
      </trkpt>
      <trkpt lat="52.351418" lon="13.506229">
        <ele>44.403945</ele>
        <time>2026-07-05T11:38:34.000Z</time>
      </trkpt>
      <trkpt lat="52.351475" lon="13.506461">
        <ele>44.491089</ele>
        <time>2026-07-05T11:38:36.000Z</time>
      </trkpt>
      <trkpt lat="52.351531" lon="13.506694">
        <ele>44.578347</ele>
        <time>2026-07-05T11:38:38.000Z</time>
      </trkpt>
      <trkpt lat="52.351585" lon="13.506928">
        <ele>44.665519</ele>
        <time>2026-07-05T11:38:40.000Z</time>
      </trkpt>
      <trkpt lat="52.351641" lon="13.507162">
        <ele>44.713989</ele>
        <time>2026-07-05T11:38:42.000Z</time>
      </trkpt>
      <trkpt lat="52.351699" lon="13.507397">
        <ele>44.738041</ele>
        <time>2026-07-05T11:38:44.000Z</time>
      </trkpt>
      <trkpt lat="52.351754" lon="13.507631">
        <ele>44.761833</ele>
        <time>2026-07-05T11:38:46.000Z</time>
      </trkpt>
      <trkpt lat="52.351811" lon="13.507868">
        <ele>44.786003</ele>
        <time>2026-07-05T11:38:48.000Z</time>
      </trkpt>
      <trkpt lat="52.351868" lon="13.508103">
        <ele>44.809997</ele>
        <time>2026-07-05T11:38:50.000Z</time>
      </trkpt>
      <trkpt lat="52.351926" lon="13.508335">
        <ele>44.833784</ele>
        <time>2026-07-05T11:38:52.000Z</time>
      </trkpt>
      <trkpt lat="52.351980" lon="13.508572">
        <ele>44.857788</ele>
        <time>2026-07-05T11:38:54.000Z</time>
      </trkpt>
      <trkpt lat="52.352038" lon="13.508808">
        <ele>44.881927</ele>
        <time>2026-07-05T11:38:56.000Z</time>
      </trkpt>
      <trkpt lat="52.352093" lon="13.509046">
        <ele>44.906073</ele>
        <time>2026-07-05T11:38:58.000Z</time>
      </trkpt>
      <trkpt lat="52.352145" lon="13.509288">
        <ele>44.930417</ele>
        <time>2026-07-05T11:39:00.000Z</time>
      </trkpt>
      <trkpt lat="52.352202" lon="13.509529">
        <ele>44.954940</ele>
        <time>2026-07-05T11:39:02.000Z</time>
      </trkpt>
      <trkpt lat="52.352260" lon="13.509771">
        <ele>44.980060</ele>
        <time>2026-07-05T11:39:04.000Z</time>
      </trkpt>
      <trkpt lat="52.352318" lon="13.510012">
        <ele>45.018069</ele>
        <time>2026-07-05T11:39:06.000Z</time>
      </trkpt>
      <trkpt lat="52.352375" lon="13.510255">
        <ele>45.056263</ele>
        <time>2026-07-05T11:39:08.000Z</time>
      </trkpt>
      <trkpt lat="52.352434" lon="13.510498">
        <ele>45.094633</ele>
        <time>2026-07-05T11:39:10.000Z</time>
      </trkpt>
      <trkpt lat="52.352492" lon="13.510744">
        <ele>45.133325</ele>
        <time>2026-07-05T11:39:12.000Z</time>
      </trkpt>
      <trkpt lat="52.352550" lon="13.510984">
        <ele>45.171196</ele>
        <time>2026-07-05T11:39:14.000Z</time>
      </trkpt>
      <trkpt lat="52.352606" lon="13.511226">
        <ele>45.209168</ele>
        <time>2026-07-05T11:39:16.000Z</time>
      </trkpt>
      <trkpt lat="52.352663" lon="13.511462">
        <ele>45.246406</ele>
        <time>2026-07-05T11:39:18.000Z</time>
      </trkpt>
      <trkpt lat="52.352718" lon="13.511696">
        <ele>45.283195</ele>
        <time>2026-07-05T11:39:20.000Z</time>
      </trkpt>
      <trkpt lat="52.352773" lon="13.511926">
        <ele>45.319438</ele>
        <time>2026-07-05T11:39:22.000Z</time>
      </trkpt>
      <trkpt lat="52.352828" lon="13.512158">
        <ele>45.355953</ele>
        <time>2026-07-05T11:39:24.000Z</time>
      </trkpt>
      <trkpt lat="52.352883" lon="13.512388">
        <ele>45.392196</ele>
        <time>2026-07-05T11:39:26.000Z</time>
      </trkpt>
      <trkpt lat="52.352935" lon="13.512616">
        <ele>45.425072</ele>
        <time>2026-07-05T11:39:28.000Z</time>
      </trkpt>
      <trkpt lat="52.352989" lon="13.512843">
        <ele>45.454872</ele>
        <time>2026-07-05T11:39:30.000Z</time>
      </trkpt>
      <trkpt lat="52.353043" lon="13.513069">
        <ele>45.484558</ele>
        <time>2026-07-05T11:39:32.000Z</time>
      </trkpt>
      <trkpt lat="52.353094" lon="13.513293">
        <ele>45.513802</ele>
        <time>2026-07-05T11:39:34.000Z</time>
      </trkpt>
      <trkpt lat="52.353149" lon="13.513515">
        <ele>45.543107</ele>
        <time>2026-07-05T11:39:36.000Z</time>
      </trkpt>
      <trkpt lat="52.353201" lon="13.513739">
        <ele>45.572421</ele>
        <time>2026-07-05T11:39:38.000Z</time>
      </trkpt>
      <trkpt lat="52.353253" lon="13.513961">
        <ele>45.601506</ele>
        <time>2026-07-05T11:39:40.000Z</time>
      </trkpt>
      <trkpt lat="52.353308" lon="13.514185">
        <ele>45.631038</ele>
        <time>2026-07-05T11:39:42.000Z</time>
      </trkpt>
      <trkpt lat="52.353365" lon="13.514414">
        <ele>45.661287</ele>
        <time>2026-07-05T11:39:44.000Z</time>
      </trkpt>
      <trkpt lat="52.353504" lon="13.514461">
        <ele>45.689713</ele>
        <time>2026-07-05T11:39:45.000Z</time>
      </trkpt>
      <trkpt lat="52.353560" lon="13.514697">
        <ele>45.720684</ele>
        <time>2026-07-05T11:39:47.000Z</time>
      </trkpt>
      <trkpt lat="52.353617" lon="13.514937">
        <ele>45.752184</ele>
        <time>2026-07-05T11:39:49.000Z</time>
      </trkpt>
      <trkpt lat="52.353675" lon="13.515179">
        <ele>45.755723</ele>
        <time>2026-07-05T11:39:51.000Z</time>
      </trkpt>
      <trkpt lat="52.353733" lon="13.515423">
        <ele>45.717546</ele>
        <time>2026-07-05T11:39:53.000Z</time>
      </trkpt>
      <trkpt lat="52.353791" lon="13.515666">
        <ele>45.679506</ele>
        <time>2026-07-05T11:39:55.000Z</time>
      </trkpt>
      <trkpt lat="52.353848" lon="13.515905">
        <ele>45.642095</ele>
        <time>2026-07-05T11:39:57.000Z</time>
      </trkpt>
      <trkpt lat="52.353906" lon="13.516148">
        <ele>45.604054</ele>
        <time>2026-07-05T11:39:59.000Z</time>
      </trkpt>
      <trkpt lat="52.353964" lon="13.516391">
        <ele>45.566014</ele>
        <time>2026-07-05T11:40:01.000Z</time>
      </trkpt>
      <trkpt lat="52.354023" lon="13.516635">
        <ele>45.527750</ele>
        <time>2026-07-05T11:40:03.000Z</time>
      </trkpt>
      <trkpt lat="52.354082" lon="13.516882">
        <ele>45.489079</ele>
        <time>2026-07-05T11:40:05.000Z</time>
      </trkpt>
      <trkpt lat="52.354141" lon="13.517131">
        <ele>45.450137</ele>
        <time>2026-07-05T11:40:07.000Z</time>
      </trkpt>
      <trkpt lat="52.354200" lon="13.517381">
        <ele>45.411059</ele>
        <time>2026-07-05T11:40:09.000Z</time>
      </trkpt>
      <trkpt lat="52.354260" lon="13.517633">
        <ele>45.371622</ele>
        <time>2026-07-05T11:40:11.000Z</time>
      </trkpt>
      <trkpt lat="52.354320" lon="13.517884">
        <ele>45.308604</ele>
        <time>2026-07-05T11:40:13.000Z</time>
      </trkpt>
      <trkpt lat="52.354380" lon="13.518136">
        <ele>45.169568</ele>
        <time>2026-07-05T11:40:15.000Z</time>
      </trkpt>
      <trkpt lat="52.354440" lon="13.518389">
        <ele>45.030053</ele>
        <time>2026-07-05T11:40:17.000Z</time>
      </trkpt>
      <trkpt lat="52.354500" lon="13.518642">
        <ele>44.890539</ele>
        <time>2026-07-05T11:40:19.000Z</time>
      </trkpt>
      <trkpt lat="52.354560" lon="13.518897">
        <ele>44.750066</ele>
        <time>2026-07-05T11:40:21.000Z</time>
      </trkpt>
      <trkpt lat="52.354620" lon="13.519151">
        <ele>44.610072</ele>
        <time>2026-07-05T11:40:23.000Z</time>
      </trkpt>
      <trkpt lat="52.354682" lon="13.519409">
        <ele>44.467552</ele>
        <time>2026-07-05T11:40:25.000Z</time>
      </trkpt>
      <trkpt lat="52.354743" lon="13.519669">
        <ele>44.324378</ele>
        <time>2026-07-05T11:40:27.000Z</time>
      </trkpt>
      <trkpt lat="52.354807" lon="13.519935">
        <ele>44.177415</ele>
        <time>2026-07-05T11:40:29.000Z</time>
      </trkpt>
      <trkpt lat="52.354871" lon="13.520206">
        <ele>44.028057</ele>
        <time>2026-07-05T11:40:31.000Z</time>
      </trkpt>
      <trkpt lat="52.354937" lon="13.520480">
        <ele>43.876651</ele>
        <time>2026-07-05T11:40:33.000Z</time>
      </trkpt>
      <trkpt lat="52.355002" lon="13.520756">
        <ele>43.719029</ele>
        <time>2026-07-05T11:40:35.000Z</time>
      </trkpt>
      <trkpt lat="52.355036" lon="13.520896">
        <ele>43.637412</ele>
        <time>2026-07-05T11:40:36.000Z</time>
      </trkpt>
      <trkpt lat="52.355069" lon="13.521034">
        <ele>43.557128</ele>
        <time>2026-07-05T11:40:37.000Z</time>
      </trkpt>
      <trkpt lat="52.355101" lon="13.521172">
        <ele>43.477163</ele>
        <time>2026-07-05T11:40:38.000Z</time>
      </trkpt>
      <trkpt lat="52.355134" lon="13.521309">
        <ele>43.397384</ele>
        <time>2026-07-05T11:40:39.000Z</time>
      </trkpt>
      <trkpt lat="52.355167" lon="13.521448">
        <ele>43.316595</ele>
        <time>2026-07-05T11:40:40.000Z</time>
      </trkpt>
      <trkpt lat="52.355200" lon="13.521587">
        <ele>43.235807</ele>
        <time>2026-07-05T11:40:41.000Z</time>
      </trkpt>
      <trkpt lat="52.355233" lon="13.521725">
        <ele>43.155523</ele>
        <time>2026-07-05T11:40:42.000Z</time>
      </trkpt>
      <trkpt lat="52.355299" lon="13.522000">
        <ele>42.995461</ele>
        <time>2026-07-05T11:40:44.000Z</time>
      </trkpt>
      <trkpt lat="52.355332" lon="13.522139">
        <ele>42.914673</ele>
        <time>2026-07-05T11:40:45.000Z</time>
      </trkpt>
      <trkpt lat="52.355365" lon="13.522278">
        <ele>42.833885</ele>
        <time>2026-07-05T11:40:46.000Z</time>
      </trkpt>
      <trkpt lat="52.355398" lon="13.522417">
        <ele>42.753097</ele>
        <time>2026-07-05T11:40:47.000Z</time>
      </trkpt>
      <trkpt lat="52.355432" lon="13.522558">
        <ele>42.670976</ele>
        <time>2026-07-05T11:40:48.000Z</time>
      </trkpt>
      <trkpt lat="52.355465" lon="13.522696">
        <ele>42.590693</ele>
        <time>2026-07-05T11:40:49.000Z</time>
      </trkpt>
      <trkpt lat="52.355498" lon="13.522837">
        <ele>42.508894</ele>
        <time>2026-07-05T11:40:50.000Z</time>
      </trkpt>
      <trkpt lat="52.355531" lon="13.522978">
        <ele>42.427096</ele>
        <time>2026-07-05T11:40:51.000Z</time>
      </trkpt>
      <trkpt lat="52.355564" lon="13.523117">
        <ele>42.346308</ele>
        <time>2026-07-05T11:40:52.000Z</time>
      </trkpt>
      <trkpt lat="52.355597" lon="13.523257">
        <ele>42.265015</ele>
        <time>2026-07-05T11:40:53.000Z</time>
      </trkpt>
      <trkpt lat="52.355631" lon="13.523398">
        <ele>42.307316</ele>
        <time>2026-07-05T11:40:54.000Z</time>
      </trkpt>
      <trkpt lat="52.355664" lon="13.523539">
        <ele>42.430341</ele>
        <time>2026-07-05T11:40:55.000Z</time>
      </trkpt>
      <trkpt lat="52.355698" lon="13.523682">
        <ele>42.555366</ele>
        <time>2026-07-05T11:40:56.000Z</time>
      </trkpt>
      <trkpt lat="52.355731" lon="13.523826">
        <ele>42.680676</ele>
        <time>2026-07-05T11:40:57.000Z</time>
      </trkpt>
      <trkpt lat="52.355765" lon="13.523968">
        <ele>42.804942</ele>
        <time>2026-07-05T11:40:58.000Z</time>
      </trkpt>
      <trkpt lat="52.355798" lon="13.524111">
        <ele>42.929489</ele>
        <time>2026-07-05T11:40:59.000Z</time>
      </trkpt>
      <trkpt lat="52.355831" lon="13.524252">
        <ele>43.052513</ele>
        <time>2026-07-05T11:41:00.000Z</time>
      </trkpt>
      <trkpt lat="52.355865" lon="13.524393">
        <ele>43.176021</ele>
        <time>2026-07-05T11:41:01.000Z</time>
      </trkpt>
      <trkpt lat="52.355898" lon="13.524534">
        <ele>43.299045</ele>
        <time>2026-07-05T11:41:02.000Z</time>
      </trkpt>
      <trkpt lat="52.355961" lon="13.524804">
        <ele>43.534532</ele>
        <time>2026-07-05T11:41:04.000Z</time>
      </trkpt>
      <trkpt lat="52.356023" lon="13.525066">
        <ele>43.763456</ele>
        <time>2026-07-05T11:41:06.000Z</time>
      </trkpt>
      <trkpt lat="52.356081" lon="13.525313">
        <ele>43.979057</ele>
        <time>2026-07-05T11:41:08.000Z</time>
      </trkpt>
      <trkpt lat="52.356136" lon="13.525548">
        <ele>44.184096</ele>
        <time>2026-07-05T11:41:10.000Z</time>
      </trkpt>
      <trkpt lat="52.356188" lon="13.525770">
        <ele>44.377813</ele>
        <time>2026-07-05T11:41:12.000Z</time>
      </trkpt>
      <trkpt lat="52.356238" lon="13.525980">
        <ele>44.561449</ele>
        <time>2026-07-05T11:41:14.000Z</time>
      </trkpt>
      <trkpt lat="52.356285" lon="13.526178">
        <ele>44.754109</ele>
        <time>2026-07-05T11:41:16.000Z</time>
      </trkpt>
      <trkpt lat="52.356329" lon="13.526367">
        <ele>44.950372</ele>
        <time>2026-07-05T11:41:18.000Z</time>
      </trkpt>
      <trkpt lat="52.356373" lon="13.526552">
        <ele>45.143013</ele>
        <time>2026-07-05T11:41:20.000Z</time>
      </trkpt>
      <trkpt lat="52.356416" lon="13.526739">
        <ele>45.336898</ele>
        <time>2026-07-05T11:41:22.000Z</time>
      </trkpt>
      <trkpt lat="52.356462" lon="13.526930">
        <ele>45.536119</ele>
        <time>2026-07-05T11:41:24.000Z</time>
      </trkpt>
      <trkpt lat="52.356508" lon="13.527128">
        <ele>45.741673</ele>
        <time>2026-07-05T11:41:26.000Z</time>
      </trkpt>
      <trkpt lat="52.356556" lon="13.527328">
        <ele>45.950184</ele>
        <time>2026-07-05T11:41:28.000Z</time>
      </trkpt>
      <trkpt lat="52.356604" lon="13.527533">
        <ele>46.163216</ele>
        <time>2026-07-05T11:41:30.000Z</time>
      </trkpt>
      <trkpt lat="52.356653" lon="13.527740">
        <ele>46.378631</ele>
        <time>2026-07-05T11:41:32.000Z</time>
      </trkpt>
      <trkpt lat="52.356703" lon="13.527951">
        <ele>46.598239</ele>
        <time>2026-07-05T11:41:34.000Z</time>
      </trkpt>
      <trkpt lat="52.356753" lon="13.528162">
        <ele>46.817846</ele>
        <time>2026-07-05T11:41:36.000Z</time>
      </trkpt>
      <trkpt lat="52.356803" lon="13.528373">
        <ele>47.037454</ele>
        <time>2026-07-05T11:41:38.000Z</time>
      </trkpt>
      <trkpt lat="52.356854" lon="13.528592">
        <ele>47.264876</ele>
        <time>2026-07-05T11:41:40.000Z</time>
      </trkpt>
      <trkpt lat="52.356908" lon="13.528818">
        <ele>47.485207</ele>
        <time>2026-07-05T11:41:42.000Z</time>
      </trkpt>
      <trkpt lat="52.356963" lon="13.529053">
        <ele>47.387309</ele>
        <time>2026-07-05T11:41:44.000Z</time>
      </trkpt>
      <trkpt lat="52.357020" lon="13.529292">
        <ele>47.287501</ele>
        <time>2026-07-05T11:41:46.000Z</time>
      </trkpt>
      <trkpt lat="52.357077" lon="13.529533">
        <ele>47.186967</ele>
        <time>2026-07-05T11:41:48.000Z</time>
      </trkpt>
      <trkpt lat="52.357135" lon="13.529780">
        <ele>47.084027</ele>
        <time>2026-07-05T11:41:50.000Z</time>
      </trkpt>
      <trkpt lat="52.357194" lon="13.530028">
        <ele>46.980495</ele>
        <time>2026-07-05T11:41:52.000Z</time>
      </trkpt>
      <trkpt lat="52.357253" lon="13.530280">
        <ele>46.875511</ele>
        <time>2026-07-05T11:41:54.000Z</time>
      </trkpt>
      <trkpt lat="52.357314" lon="13.530536">
        <ele>46.768617</ele>
        <time>2026-07-05T11:41:56.000Z</time>
      </trkpt>
      <trkpt lat="52.357375" lon="13.530795">
        <ele>46.660634</ele>
        <time>2026-07-05T11:41:58.000Z</time>
      </trkpt>
      <trkpt lat="52.357437" lon="13.531057">
        <ele>46.551334</ele>
        <time>2026-07-05T11:42:00.000Z</time>
      </trkpt>
      <trkpt lat="52.357498" lon="13.531319">
        <ele>46.442262</ele>
        <time>2026-07-05T11:42:02.000Z</time>
      </trkpt>
      <trkpt lat="52.357559" lon="13.531582">
        <ele>46.316290</ele>
        <time>2026-07-05T11:42:04.000Z</time>
      </trkpt>
      <trkpt lat="52.357621" lon="13.531849">
        <ele>46.039599</ele>
        <time>2026-07-05T11:42:06.000Z</time>
      </trkpt>
      <trkpt lat="52.357654" lon="13.531986">
        <ele>45.896946</ele>
        <time>2026-07-05T11:42:07.000Z</time>
      </trkpt>
      <trkpt lat="52.357687" lon="13.532126">
        <ele>45.751586</ele>
        <time>2026-07-05T11:42:08.000Z</time>
      </trkpt>
      <trkpt lat="52.357721" lon="13.532268">
        <ele>45.603846</ele>
        <time>2026-07-05T11:42:09.000Z</time>
      </trkpt>
      <trkpt lat="52.357754" lon="13.532409">
        <ele>45.457582</ele>
        <time>2026-07-05T11:42:10.000Z</time>
      </trkpt>
      <trkpt lat="52.357788" lon="13.532551">
        <ele>45.309842</ele>
        <time>2026-07-05T11:42:11.000Z</time>
      </trkpt>
      <trkpt lat="52.357823" lon="13.532697">
        <ele>45.157916</ele>
        <time>2026-07-05T11:42:12.000Z</time>
      </trkpt>
      <trkpt lat="52.357858" lon="13.532841">
        <ele>45.007792</ele>
        <time>2026-07-05T11:42:13.000Z</time>
      </trkpt>
      <trkpt lat="52.357893" lon="13.532989">
        <ele>44.854061</ele>
        <time>2026-07-05T11:42:14.000Z</time>
      </trkpt>
      <trkpt lat="52.357929" lon="13.533135">
        <ele>44.701548</ele>
        <time>2026-07-05T11:42:15.000Z</time>
      </trkpt>
      <trkpt lat="52.357964" lon="13.533281">
        <ele>44.549623</ele>
        <time>2026-07-05T11:42:16.000Z</time>
      </trkpt>
      <trkpt lat="52.357999" lon="13.533428">
        <ele>44.396795</ele>
        <time>2026-07-05T11:42:17.000Z</time>
      </trkpt>
      <trkpt lat="52.358035" lon="13.533576">
        <ele>44.242485</ele>
        <time>2026-07-05T11:42:18.000Z</time>
      </trkpt>
      <trkpt lat="52.358070" lon="13.533719">
        <ele>44.093260</ele>
        <time>2026-07-05T11:42:19.000Z</time>
      </trkpt>
      <trkpt lat="52.358103" lon="13.533857">
        <ele>43.949707</ele>
        <time>2026-07-05T11:42:20.000Z</time>
      </trkpt>
      <trkpt lat="52.358763" lon="13.537394">
        <ele>43.744899</ele>
        <time>2026-07-05T11:42:46.000Z</time>
      </trkpt>
      <trkpt lat="52.358901" lon="13.537297">
        <ele>43.853123</ele>
        <time>2026-07-05T11:42:48.000Z</time>
      </trkpt>
      <trkpt lat="52.359030" lon="13.537218">
        <ele>43.952375</ele>
        <time>2026-07-05T11:42:50.000Z</time>
      </trkpt>
      <trkpt lat="52.359152" lon="13.537136">
        <ele>44.047412</ele>
        <time>2026-07-05T11:42:52.000Z</time>
      </trkpt>
      <trkpt lat="52.359272" lon="13.537071">
        <ele>44.138498</ele>
        <time>2026-07-05T11:42:54.000Z</time>
      </trkpt>
      <trkpt lat="52.359386" lon="13.536995">
        <ele>44.227199</ele>
        <time>2026-07-05T11:42:56.000Z</time>
      </trkpt>
      <trkpt lat="52.359501" lon="13.536933">
        <ele>44.314450</ele>
        <time>2026-07-05T11:42:58.000Z</time>
      </trkpt>
      <trkpt lat="52.359612" lon="13.536859">
        <ele>44.400817</ele>
        <time>2026-07-05T11:43:00.000Z</time>
      </trkpt>
      <trkpt lat="52.359716" lon="13.536791">
        <ele>44.481517</ele>
        <time>2026-07-05T11:43:02.000Z</time>
      </trkpt>
      <trkpt lat="52.359816" lon="13.536728">
        <ele>44.558731</ele>
        <time>2026-07-05T11:43:04.000Z</time>
      </trkpt>
      <trkpt lat="52.359910" lon="13.536667">
        <ele>44.631597</ele>
        <time>2026-07-05T11:43:06.000Z</time>
      </trkpt>
      <trkpt lat="52.360003" lon="13.536604">
        <ele>44.704126</ele>
        <time>2026-07-05T11:43:08.000Z</time>
      </trkpt>
      <trkpt lat="52.360095" lon="13.536547">
        <ele>44.775012</ele>
        <time>2026-07-05T11:43:10.000Z</time>
      </trkpt>
      <trkpt lat="52.360184" lon="13.536483">
        <ele>44.845061</ele>
        <time>2026-07-05T11:43:12.000Z</time>
      </trkpt>
      <trkpt lat="52.360275" lon="13.536432">
        <ele>44.914374</ele>
        <time>2026-07-05T11:43:14.000Z</time>
      </trkpt>
      <trkpt lat="52.360365" lon="13.536373">
        <ele>45.035168</ele>
        <time>2026-07-05T11:43:16.000Z</time>
      </trkpt>
      <trkpt lat="52.360456" lon="13.536315">
        <ele>45.159546</ele>
        <time>2026-07-05T11:43:18.000Z</time>
      </trkpt>
      <trkpt lat="52.360547" lon="13.536261">
        <ele>45.282830</ele>
        <time>2026-07-05T11:43:20.000Z</time>
      </trkpt>
      <trkpt lat="52.360637" lon="13.536201">
        <ele>45.406601</ele>
        <time>2026-07-05T11:43:22.000Z</time>
      </trkpt>
      <trkpt lat="52.360726" lon="13.536144">
        <ele>45.528323</ele>
        <time>2026-07-05T11:43:24.000Z</time>
      </trkpt>
      <trkpt lat="52.360817" lon="13.536086">
        <ele>45.652701</ele>
        <time>2026-07-05T11:43:26.000Z</time>
      </trkpt>
      <trkpt lat="52.360909" lon="13.536024">
        <ele>45.779419</ele>
        <time>2026-07-05T11:43:28.000Z</time>
      </trkpt>
      <trkpt lat="52.361007" lon="13.535963">
        <ele>45.912956</ele>
        <time>2026-07-05T11:43:30.000Z</time>
      </trkpt>
      <trkpt lat="52.361104" lon="13.535896">
        <ele>46.047048</ele>
        <time>2026-07-05T11:43:32.000Z</time>
      </trkpt>
      <trkpt lat="52.361201" lon="13.535837">
        <ele>46.178846</ele>
        <time>2026-07-05T11:43:34.000Z</time>
      </trkpt>
      <trkpt lat="52.361302" lon="13.535779">
        <ele>46.315172</ele>
        <time>2026-07-05T11:43:36.000Z</time>
      </trkpt>
      <trkpt lat="52.361397" lon="13.535702">
        <ele>46.450186</ele>
        <time>2026-07-05T11:43:38.000Z</time>
      </trkpt>
      <trkpt lat="52.361498" lon="13.535652">
        <ele>46.584581</ele>
        <time>2026-07-05T11:43:40.000Z</time>
      </trkpt>
      <trkpt lat="52.361516" lon="13.535491">
        <ele>46.711893</ele>
        <time>2026-07-05T11:43:41.000Z</time>
      </trkpt>
      <trkpt lat="52.361641" lon="13.535563">
        <ele>46.880669</ele>
        <time>2026-07-05T11:43:43.000Z</time>
      </trkpt>
      <trkpt lat="52.361733" lon="13.535506">
        <ele>47.005958</ele>
        <time>2026-07-05T11:43:45.000Z</time>
      </trkpt>
      <trkpt lat="52.361820" lon="13.535445">
        <ele>47.126501</ele>
        <time>2026-07-05T11:43:47.000Z</time>
      </trkpt>
      <trkpt lat="52.361946" lon="13.535374">
        <ele>47.428772</ele>
        <time>2026-07-05T11:43:50.000Z</time>
      </trkpt>
      <trkpt lat="52.362065" lon="13.535299">
        <ele>47.837494</ele>
        <time>2026-07-05T11:43:53.000Z</time>
      </trkpt>
      <trkpt lat="52.362180" lon="13.535234">
        <ele>48.227458</ele>
        <time>2026-07-05T11:43:56.000Z</time>
      </trkpt>
      <trkpt lat="52.362288" lon="13.535152">
        <ele>48.609045</ele>
        <time>2026-07-05T11:43:59.000Z</time>
      </trkpt>
      <trkpt lat="52.362398" lon="13.535091">
        <ele>48.981311</ele>
        <time>2026-07-05T11:44:02.000Z</time>
      </trkpt>
      <trkpt lat="52.362518" lon="13.535012">
        <ele>49.395882</ele>
        <time>2026-07-05T11:44:05.000Z</time>
      </trkpt>
      <trkpt lat="52.362627" lon="13.534954">
        <ele>49.763256</ele>
        <time>2026-07-05T11:44:08.000Z</time>
      </trkpt>
      <trkpt lat="52.362725" lon="13.534889">
        <ele>50.102176</ele>
        <time>2026-07-05T11:44:11.000Z</time>
      </trkpt>
      <trkpt lat="52.362822" lon="13.534826">
        <ele>50.436664</ele>
        <time>2026-07-05T11:44:14.000Z</time>
      </trkpt>
      <trkpt lat="52.362909" lon="13.534764">
        <ele>50.740799</ele>
        <time>2026-07-05T11:44:17.000Z</time>
      </trkpt>
      <trkpt lat="52.362993" lon="13.534707">
        <ele>51.032256</ele>
        <time>2026-07-05T11:44:20.000Z</time>
      </trkpt>
      <trkpt lat="52.363080" lon="13.534647">
        <ele>51.334849</ele>
        <time>2026-07-05T11:44:23.000Z</time>
      </trkpt>
      <trkpt lat="52.363181" lon="13.534605">
        <ele>51.668872</ele>
        <time>2026-07-05T11:44:26.000Z</time>
      </trkpt>
      <trkpt lat="52.363272" lon="13.534538">
        <ele>51.988692</ele>
        <time>2026-07-05T11:44:29.000Z</time>
      </trkpt>
      <trkpt lat="52.363361" lon="13.534488">
        <ele>52.290295</ele>
        <time>2026-07-05T11:44:32.000Z</time>
      </trkpt>
      <trkpt lat="52.363452" lon="13.534429">
        <ele>52.604019</ele>
        <time>2026-07-05T11:44:35.000Z</time>
      </trkpt>
      <trkpt lat="52.363541" lon="13.534383">
        <ele>52.903173</ele>
        <time>2026-07-05T11:44:38.000Z</time>
      </trkpt>
      <trkpt lat="52.363631" lon="13.534331">
        <ele>52.963742</ele>
        <time>2026-07-05T11:44:41.000Z</time>
      </trkpt>
      <trkpt lat="52.363725" lon="13.534270">
        <ele>52.949251</ele>
        <time>2026-07-05T11:44:44.000Z</time>
      </trkpt>
      <trkpt lat="52.363822" lon="13.534201">
        <ele>52.934093</ele>
        <time>2026-07-05T11:44:47.000Z</time>
      </trkpt>
      <trkpt lat="52.363887" lon="13.534031">
        <ele>52.916539</ele>
        <time>2026-07-05T11:44:50.000Z</time>
      </trkpt>
      <trkpt lat="52.363893" lon="13.533821">
        <ele>52.898140</ele>
        <time>2026-07-05T11:44:53.000Z</time>
      </trkpt>
      <trkpt lat="52.363889" lon="13.533620">
        <ele>52.880539</ele>
        <time>2026-07-05T11:44:56.000Z</time>
      </trkpt>
      <trkpt lat="52.363913" lon="13.533436">
        <ele>52.864072</ele>
        <time>2026-07-05T11:44:59.000Z</time>
      </trkpt>
      <trkpt lat="52.364018" lon="13.533331">
        <ele>52.846440</ele>
        <time>2026-07-05T11:45:02.000Z</time>
      </trkpt>
      <trkpt lat="52.364107" lon="13.533386">
        <ele>52.832806</ele>
        <time>2026-07-05T11:45:04.000Z</time>
      </trkpt>
      <trkpt lat="52.364192" lon="13.533451">
        <ele>52.819361</ele>
        <time>2026-07-05T11:45:06.000Z</time>
      </trkpt>
      <trkpt lat="52.364287" lon="13.533486">
        <ele>52.805405</ele>
        <time>2026-07-05T11:45:08.000Z</time>
      </trkpt>
      <trkpt lat="52.364384" lon="13.533520">
        <ele>52.791187</ele>
        <time>2026-07-05T11:45:10.000Z</time>
      </trkpt>
      <trkpt lat="52.364484" lon="13.533557">
        <ele>52.776494</ele>
        <time>2026-07-05T11:45:12.000Z</time>
      </trkpt>
      <trkpt lat="52.364590" lon="13.533576">
        <ele>52.761211</ele>
        <time>2026-07-05T11:45:14.000Z</time>
      </trkpt>
      <trkpt lat="52.364704" lon="13.533621">
        <ele>52.744404</ele>
        <time>2026-07-05T11:45:16.000Z</time>
      </trkpt>
      <trkpt lat="52.364823" lon="13.533660">
        <ele>52.727010</ele>
        <time>2026-07-05T11:45:18.000Z</time>
      </trkpt>
      <trkpt lat="52.364945" lon="13.533704">
        <ele>52.540335</ele>
        <time>2026-07-05T11:45:20.000Z</time>
      </trkpt>
      <trkpt lat="52.365066" lon="13.533758">
        <ele>52.109625</ele>
        <time>2026-07-05T11:45:22.000Z</time>
      </trkpt>
      <trkpt lat="52.365186" lon="13.533807">
        <ele>51.684885</ele>
        <time>2026-07-05T11:45:24.000Z</time>
      </trkpt>
      <trkpt lat="52.365306" lon="13.533866">
        <ele>51.254591</ele>
        <time>2026-07-05T11:45:26.000Z</time>
      </trkpt>
      <trkpt lat="52.365428" lon="13.533927">
        <ele>50.816507</ele>
        <time>2026-07-05T11:45:28.000Z</time>
      </trkpt>
      <trkpt lat="52.365551" lon="13.533983">
        <ele>50.378062</ele>
        <time>2026-07-05T11:45:30.000Z</time>
      </trkpt>
      <trkpt lat="52.365664" lon="13.534103">
        <ele>49.915531</ele>
        <time>2026-07-05T11:45:32.000Z</time>
      </trkpt>
      <trkpt lat="52.365792" lon="13.534164">
        <ele>49.457700</ele>
        <time>2026-07-05T11:45:34.000Z</time>
      </trkpt>
      <trkpt lat="52.365924" lon="13.534228">
        <ele>48.984916</ele>
        <time>2026-07-05T11:45:36.000Z</time>
      </trkpt>
      <trkpt lat="52.366065" lon="13.534298">
        <ele>48.478912</ele>
        <time>2026-07-05T11:45:38.000Z</time>
      </trkpt>
      <trkpt lat="52.366224" lon="13.534350">
        <ele>47.922068</ele>
        <time>2026-07-05T11:45:40.000Z</time>
      </trkpt>
      <trkpt lat="52.366375" lon="13.534449">
        <ele>47.363469</ele>
        <time>2026-07-05T11:45:42.000Z</time>
      </trkpt>
      <trkpt lat="52.366532" lon="13.534535">
        <ele>46.794915</ele>
        <time>2026-07-05T11:45:44.000Z</time>
      </trkpt>
      <trkpt lat="52.366691" lon="13.534629">
        <ele>46.471273</ele>
        <time>2026-07-05T11:45:46.000Z</time>
      </trkpt>
      <trkpt lat="52.366847" lon="13.534710">
        <ele>46.353623</ele>
        <time>2026-07-05T11:45:48.000Z</time>
      </trkpt>
      <trkpt lat="52.366996" lon="13.534778">
        <ele>46.242426</ele>
        <time>2026-07-05T11:45:50.000Z</time>
      </trkpt>
      <trkpt lat="52.367140" lon="13.534859">
        <ele>46.132969</ele>
        <time>2026-07-05T11:45:52.000Z</time>
      </trkpt>
      <trkpt lat="52.367284" lon="13.534932">
        <ele>46.024602</ele>
        <time>2026-07-05T11:45:54.000Z</time>
      </trkpt>
      <trkpt lat="52.367418" lon="13.535027">
        <ele>45.919631</ele>
        <time>2026-07-05T11:45:56.000Z</time>
      </trkpt>
      <trkpt lat="52.367547" lon="13.535113">
        <ele>45.819505</ele>
        <time>2026-07-05T11:45:58.000Z</time>
      </trkpt>
      <trkpt lat="52.367651" lon="13.535265">
        <ele>45.719297</ele>
        <time>2026-07-05T11:46:00.000Z</time>
      </trkpt>
      <trkpt lat="52.367749" lon="13.535425">
        <ele>45.619818</ele>
        <time>2026-07-05T11:46:02.000Z</time>
      </trkpt>
      <trkpt lat="52.367862" lon="13.535546">
        <ele>45.522761</ele>
        <time>2026-07-05T11:46:04.000Z</time>
      </trkpt>
      <trkpt lat="52.367941" lon="13.535738">
        <ele>45.421133</ele>
        <time>2026-07-05T11:46:06.000Z</time>
      </trkpt>
      <trkpt lat="52.368042" lon="13.535892">
        <ele>45.321928</ele>
        <time>2026-07-05T11:46:08.000Z</time>
      </trkpt>
      <trkpt lat="52.368097" lon="13.536131">
        <ele>45.284390</ele>
        <time>2026-07-05T11:46:10.000Z</time>
      </trkpt>
      <trkpt lat="52.368154" lon="13.536365">
        <ele>45.400164</ele>
        <time>2026-07-05T11:46:12.000Z</time>
      </trkpt>
      <trkpt lat="52.368214" lon="13.536605">
        <ele>45.519340</ele>
        <time>2026-07-05T11:46:14.000Z</time>
      </trkpt>
      <trkpt lat="52.368262" lon="13.536845">
        <ele>45.635395</ele>
        <time>2026-07-05T11:46:16.000Z</time>
      </trkpt>
      <trkpt lat="52.368314" lon="13.537075">
        <ele>45.748101</ele>
        <time>2026-07-05T11:46:18.000Z</time>
      </trkpt>
      <trkpt lat="52.368369" lon="13.537295">
        <ele>45.857345</ele>
        <time>2026-07-05T11:46:20.000Z</time>
      </trkpt>
      <trkpt lat="52.368412" lon="13.537516">
        <ele>45.963935</ele>
        <time>2026-07-05T11:46:22.000Z</time>
      </trkpt>
      <trkpt lat="52.368465" lon="13.537729">
        <ele>46.069632</ele>
        <time>2026-07-05T11:46:24.000Z</time>
      </trkpt>
      <trkpt lat="52.368510" lon="13.537937">
        <ele>46.171038</ele>
        <time>2026-07-05T11:46:26.000Z</time>
      </trkpt>
      <trkpt lat="52.368558" lon="13.538140">
        <ele>46.271074</ele>
        <time>2026-07-05T11:46:28.000Z</time>
      </trkpt>
      <trkpt lat="52.368603" lon="13.538347">
        <ele>46.372047</ele>
        <time>2026-07-05T11:46:30.000Z</time>
      </trkpt>
      <trkpt lat="52.368649" lon="13.538558">
        <ele>46.475004</ele>
        <time>2026-07-05T11:46:32.000Z</time>
      </trkpt>
      <trkpt lat="52.368700" lon="13.538773">
        <ele>46.580998</ele>
        <time>2026-07-05T11:46:34.000Z</time>
      </trkpt>
      <trkpt lat="52.368749" lon="13.538989">
        <ele>46.665756</ele>
        <time>2026-07-05T11:46:36.000Z</time>
      </trkpt>
      <trkpt lat="52.368796" lon="13.539206">
        <ele>46.745848</ele>
        <time>2026-07-05T11:46:38.000Z</time>
      </trkpt>
      <trkpt lat="52.368850" lon="13.539425">
        <ele>46.828004</ele>
        <time>2026-07-05T11:46:40.000Z</time>
      </trkpt>
      <trkpt lat="52.368901" lon="13.539647">
        <ele>46.910512</ele>
        <time>2026-07-05T11:46:42.000Z</time>
      </trkpt>
      <trkpt lat="52.368954" lon="13.539873">
        <ele>46.994725</ele>
        <time>2026-07-05T11:46:44.000Z</time>
      </trkpt>
      <trkpt lat="52.369003" lon="13.540101">
        <ele>47.078804</ele>
        <time>2026-07-05T11:46:46.000Z</time>
      </trkpt>
      <trkpt lat="52.369053" lon="13.540327">
        <ele>47.162419</ele>
        <time>2026-07-05T11:46:48.000Z</time>
      </trkpt>
      <trkpt lat="52.369093" lon="13.540550">
        <ele>47.243267</ele>
        <time>2026-07-05T11:46:50.000Z</time>
      </trkpt>
      <trkpt lat="52.369139" lon="13.540769">
        <ele>47.323827</ele>
        <time>2026-07-05T11:46:52.000Z</time>
      </trkpt>
      <trkpt lat="52.369097" lon="13.541005">
        <ele>47.409335</ele>
        <time>2026-07-05T11:46:54.000Z</time>
      </trkpt>
      <trkpt lat="52.369190" lon="13.541182">
        <ele>47.490563</ele>
        <time>2026-07-05T11:46:56.000Z</time>
      </trkpt>
      <trkpt lat="52.369311" lon="13.541236">
        <ele>47.562010</ele>
        <time>2026-07-05T11:46:58.000Z</time>
      </trkpt>
      <trkpt lat="52.369312" lon="13.541448">
        <ele>47.632556</ele>
        <time>2026-07-05T11:46:59.000Z</time>
      </trkpt>
      <trkpt lat="52.369358" lon="13.541665">
        <ele>47.689455</ele>
        <time>2026-07-05T11:47:01.000Z</time>
      </trkpt>
      <trkpt lat="52.369404" lon="13.541876">
        <ele>47.744952</ele>
        <time>2026-07-05T11:47:03.000Z</time>
      </trkpt>
      <trkpt lat="52.369447" lon="13.542085">
        <ele>47.799582</ele>
        <time>2026-07-05T11:47:05.000Z</time>
      </trkpt>
      <trkpt lat="52.369485" lon="13.542296">
        <ele>47.854073</ele>
        <time>2026-07-05T11:47:07.000Z</time>
      </trkpt>
      <trkpt lat="52.369520" lon="13.542508">
        <ele>47.908472</ele>
        <time>2026-07-05T11:47:09.000Z</time>
      </trkpt>
      <trkpt lat="52.369550" lon="13.542725">
        <ele>47.963583</ele>
        <time>2026-07-05T11:47:11.000Z</time>
      </trkpt>
      <trkpt lat="52.369580" lon="13.542945">
        <ele>48.019420</ele>
        <time>2026-07-05T11:47:13.000Z</time>
      </trkpt>
      <trkpt lat="52.369604" lon="13.543173">
        <ele>48.076729</ele>
        <time>2026-07-05T11:47:15.000Z</time>
      </trkpt>
      <trkpt lat="52.369625" lon="13.543407">
        <ele>48.135314</ele>
        <time>2026-07-05T11:47:17.000Z</time>
      </trkpt>
      <trkpt lat="52.369637" lon="13.543638">
        <ele>48.192739</ele>
        <time>2026-07-05T11:47:19.000Z</time>
      </trkpt>
      <trkpt lat="52.369653" lon="13.543856">
        <ele>48.247127</ele>
        <time>2026-07-05T11:47:21.000Z</time>
      </trkpt>
      <trkpt lat="52.369570" lon="13.544057">
        <ele>48.307232</ele>
        <time>2026-07-05T11:47:23.000Z</time>
      </trkpt>
      <trkpt lat="52.369618" lon="13.544271">
        <ele>48.413050</ele>
        <time>2026-07-05T11:47:25.000Z</time>
      </trkpt>
      <trkpt lat="52.369692" lon="13.544463">
        <ele>48.765522</ele>
        <time>2026-07-05T11:47:27.000Z</time>
      </trkpt>
      <trkpt lat="52.369743" lon="13.544687">
        <ele>49.136643</ele>
        <time>2026-07-05T11:47:29.000Z</time>
      </trkpt>
      <trkpt lat="52.369719" lon="13.544836">
        <ele>49.375860</ele>
        <time>2026-07-05T11:47:30.000Z</time>
      </trkpt>
      <trkpt lat="52.369733" lon="13.545087">
        <ele>49.767127</ele>
        <time>2026-07-05T11:47:32.000Z</time>
      </trkpt>
      <trkpt lat="52.369729" lon="13.545333">
        <ele>50.149145</ele>
        <time>2026-07-05T11:47:34.000Z</time>
      </trkpt>
      <trkpt lat="52.369702" lon="13.545568">
        <ele>50.520355</ele>
        <time>2026-07-05T11:47:36.000Z</time>
      </trkpt>
      <trkpt lat="52.369649" lon="13.545774">
        <ele>50.867376</ele>
        <time>2026-07-05T11:47:38.000Z</time>
      </trkpt>
      <trkpt lat="52.369589" lon="13.545956">
        <ele>51.188462</ele>
        <time>2026-07-05T11:47:40.000Z</time>
      </trkpt>
      <trkpt lat="52.369531" lon="13.546118">
        <ele>51.479994</ele>
        <time>2026-07-05T11:47:42.000Z</time>
      </trkpt>
      <trkpt lat="52.369470" lon="13.546260">
        <ele>51.749524</ele>
        <time>2026-07-05T11:47:44.000Z</time>
      </trkpt>
      <trkpt lat="52.369420" lon="13.546397">
        <ele>51.997299</ele>
        <time>2026-07-05T11:47:46.000Z</time>
      </trkpt>
      <trkpt lat="52.369369" lon="13.546524">
        <ele>52.233271</ele>
        <time>2026-07-05T11:47:48.000Z</time>
      </trkpt>
      <trkpt lat="52.369322" lon="13.546656">
        <ele>52.470484</ele>
        <time>2026-07-05T11:47:50.000Z</time>
      </trkpt>
      <trkpt lat="52.369271" lon="13.546789">
        <ele>52.714293</ele>
        <time>2026-07-05T11:47:52.000Z</time>
      </trkpt>
      <trkpt lat="52.369223" lon="13.546926">
        <ele>52.906189</ele>
        <time>2026-07-05T11:47:54.000Z</time>
      </trkpt>
      <trkpt lat="52.369186" lon="13.547077">
        <ele>52.739009</ele>
        <time>2026-07-05T11:47:56.000Z</time>
      </trkpt>
      <trkpt lat="52.369159" lon="13.547241">
        <ele>52.564481</ele>
        <time>2026-07-05T11:47:58.000Z</time>
      </trkpt>
      <trkpt lat="52.369140" lon="13.547414">
        <ele>52.383871</ele>
        <time>2026-07-05T11:48:00.000Z</time>
      </trkpt>
      <trkpt lat="52.369133" lon="13.547596">
        <ele>52.196495</ele>
        <time>2026-07-05T11:48:02.000Z</time>
      </trkpt>
      <trkpt lat="52.369136" lon="13.547788">
        <ele>51.999150</ele>
        <time>2026-07-05T11:48:04.000Z</time>
      </trkpt>
      <trkpt lat="52.369145" lon="13.547988">
        <ele>51.793093</ele>
        <time>2026-07-05T11:48:06.000Z</time>
      </trkpt>
      <trkpt lat="52.369152" lon="13.548200">
        <ele>51.574945</ele>
        <time>2026-07-05T11:48:08.000Z</time>
      </trkpt>
      <trkpt lat="52.369159" lon="13.548426">
        <ele>51.342431</ele>
        <time>2026-07-05T11:48:10.000Z</time>
      </trkpt>
      <trkpt lat="52.369167" lon="13.548666">
        <ele>51.095464</ele>
        <time>2026-07-05T11:48:12.000Z</time>
      </trkpt>
      <trkpt lat="52.369176" lon="13.548918">
        <ele>50.836092</ele>
        <time>2026-07-05T11:48:14.000Z</time>
      </trkpt>
      <trkpt lat="52.369185" lon="13.549192">
        <ele>50.554150</ele>
        <time>2026-07-05T11:48:16.000Z</time>
      </trkpt>
      <trkpt lat="52.369195" lon="13.549455">
        <ele>50.283394</ele>
        <time>2026-07-05T11:48:18.000Z</time>
      </trkpt>
      <trkpt lat="52.369210" lon="13.549666">
        <ele>50.065127</ele>
        <time>2026-07-05T11:48:20.000Z</time>
      </trkpt>
      <trkpt lat="52.369230" lon="13.549814">
        <ele>49.909377</ele>
        <time>2026-07-05T11:48:22.000Z</time>
      </trkpt>
      <trkpt lat="52.369226" lon="13.550043">
        <ele>49.766847</ele>
        <time>2026-07-05T11:48:25.000Z</time>
      </trkpt>
      <trkpt lat="52.369715" lon="13.550083">
        <ele>49.280581</ele>
        <time>2026-07-05T11:48:29.000Z</time>
      </trkpt>
      <trkpt lat="52.369815" lon="13.550058">
        <ele>49.180113</ele>
        <time>2026-07-05T11:48:31.000Z</time>
      </trkpt>
      <trkpt lat="52.369946" lon="13.550082">
        <ele>49.049196</ele>
        <time>2026-07-05T11:48:34.000Z</time>
      </trkpt>
      <trkpt lat="52.370042" lon="13.550109">
        <ele>48.952456</ele>
        <time>2026-07-05T11:48:37.000Z</time>
      </trkpt>
      <trkpt lat="52.370114" lon="13.550226">
        <ele>48.851724</ele>
        <time>2026-07-05T11:48:48.000Z</time>
      </trkpt>
      <trkpt lat="52.370219" lon="13.550135">
        <ele>48.733741</ele>
        <time>2026-07-05T11:48:51.000Z</time>
      </trkpt>
      <trkpt lat="52.370337" lon="13.550064">
        <ele>48.608888</ele>
        <time>2026-07-05T11:48:54.000Z</time>
      </trkpt>
      <trkpt lat="52.370451" lon="13.550006">
        <ele>48.490330</ele>
        <time>2026-07-05T11:48:57.000Z</time>
      </trkpt>
      <trkpt lat="52.370627" lon="13.549956">
        <ele>48.312922</ele>
        <time>2026-07-05T11:49:22.000Z</time>
      </trkpt>
      <trkpt lat="52.370736" lon="13.549914">
        <ele>48.201710</ele>
        <time>2026-07-05T11:49:25.000Z</time>
      </trkpt>
      <trkpt lat="52.370868" lon="13.549880">
        <ele>48.194360</ele>
        <time>2026-07-05T11:49:28.000Z</time>
      </trkpt>
      <trkpt lat="52.370960" lon="13.549871">
        <ele>48.356622</ele>
        <time>2026-07-05T11:49:30.000Z</time>
      </trkpt>
      <trkpt lat="52.371053" lon="13.549852">
        <ele>48.521625</ele>
        <time>2026-07-05T11:49:32.000Z</time>
      </trkpt>
      <trkpt lat="52.371149" lon="13.549850">
        <ele>48.690654</ele>
        <time>2026-07-05T11:49:34.000Z</time>
      </trkpt>
      <trkpt lat="52.371249" lon="13.549854">
        <ele>48.866765</ele>
        <time>2026-07-05T11:49:36.000Z</time>
      </trkpt>
      <trkpt lat="52.371347" lon="13.549861">
        <ele>49.039466</ele>
        <time>2026-07-05T11:49:38.000Z</time>
      </trkpt>
      <trkpt lat="52.371444" lon="13.549875">
        <ele>49.210903</ele>
        <time>2026-07-05T11:49:40.000Z</time>
      </trkpt>
      <trkpt lat="52.371543" lon="13.549894">
        <ele>49.386393</ele>
        <time>2026-07-05T11:49:42.000Z</time>
      </trkpt>
      <trkpt lat="52.371641" lon="13.549915">
        <ele>49.560400</ele>
        <time>2026-07-05T11:49:44.000Z</time>
      </trkpt>
      <trkpt lat="52.371738" lon="13.549949">
        <ele>49.735043</ele>
        <time>2026-07-05T11:49:46.000Z</time>
      </trkpt>
      <trkpt lat="52.371837" lon="13.549988">
        <ele>49.914311</ele>
        <time>2026-07-05T11:49:48.000Z</time>
      </trkpt>
      <trkpt lat="52.371936" lon="13.550034">
        <ele>50.095486</ele>
        <time>2026-07-05T11:49:50.000Z</time>
      </trkpt>
      <trkpt lat="52.372032" lon="13.550087">
        <ele>50.273845</ele>
        <time>2026-07-05T11:49:52.000Z</time>
      </trkpt>
      <trkpt lat="52.372121" lon="13.550139">
        <ele>50.440207</ele>
        <time>2026-07-05T11:49:54.000Z</time>
      </trkpt>
      <trkpt lat="52.372213" lon="13.550193">
        <ele>50.612266</ele>
        <time>2026-07-05T11:49:56.000Z</time>
      </trkpt>
      <trkpt lat="52.372301" lon="13.550255">
        <ele>50.780922</ele>
        <time>2026-07-05T11:49:58.000Z</time>
      </trkpt>
      <trkpt lat="52.372389" lon="13.550316">
        <ele>50.949157</ele>
        <time>2026-07-05T11:50:00.000Z</time>
      </trkpt>
      <trkpt lat="52.372479" lon="13.550376">
        <ele>51.120231</ele>
        <time>2026-07-05T11:50:02.000Z</time>
      </trkpt>
      <trkpt lat="52.372568" lon="13.550434">
        <ele>51.286563</ele>
        <time>2026-07-05T11:50:04.000Z</time>
      </trkpt>
      <trkpt lat="52.372659" lon="13.550495">
        <ele>51.409774</ele>
        <time>2026-07-05T11:50:06.000Z</time>
      </trkpt>
      <trkpt lat="52.372750" lon="13.550556">
        <ele>51.532985</ele>
        <time>2026-07-05T11:50:08.000Z</time>
      </trkpt>
      <trkpt lat="52.372843" lon="13.550606">
        <ele>51.655639</ele>
        <time>2026-07-05T11:50:10.000Z</time>
      </trkpt>
      <trkpt lat="52.372936" lon="13.550653">
        <ele>51.777598</ele>
        <time>2026-07-05T11:50:12.000Z</time>
      </trkpt>
      <trkpt lat="52.373040" lon="13.550628">
        <ele>51.909315</ele>
        <time>2026-07-05T11:50:14.000Z</time>
      </trkpt>
      <trkpt lat="52.373135" lon="13.550668">
        <ele>52.032229</ele>
        <time>2026-07-05T11:50:16.000Z</time>
      </trkpt>
      <trkpt lat="52.373230" lon="13.550700">
        <ele>52.153764</ele>
        <time>2026-07-05T11:50:18.000Z</time>
      </trkpt>
      <trkpt lat="52.373328" lon="13.550730">
        <ele>52.278693</ele>
        <time>2026-07-05T11:50:20.000Z</time>
      </trkpt>
      <trkpt lat="52.373424" lon="13.550753">
        <ele>52.400270</ele>
        <time>2026-07-05T11:50:22.000Z</time>
      </trkpt>
      <trkpt lat="52.373523" lon="13.550799">
        <ele>52.529220</ele>
        <time>2026-07-05T11:50:24.000Z</time>
      </trkpt>
      <trkpt lat="52.373627" lon="13.550811">
        <ele>52.659865</ele>
        <time>2026-07-05T11:50:26.000Z</time>
      </trkpt>
      <trkpt lat="52.373732" lon="13.550815">
        <ele>52.791475</ele>
        <time>2026-07-05T11:50:28.000Z</time>
      </trkpt>
      <trkpt lat="52.373838" lon="13.550810">
        <ele>52.924357</ele>
        <time>2026-07-05T11:50:30.000Z</time>
      </trkpt>
      <trkpt lat="52.373943" lon="13.550797">
        <ele>53.056307</ele>
        <time>2026-07-05T11:50:32.000Z</time>
      </trkpt>
      <trkpt lat="52.374048" lon="13.550776">
        <ele>53.188859</ele>
        <time>2026-07-05T11:50:34.000Z</time>
      </trkpt>
      <trkpt lat="52.374154" lon="13.550754">
        <ele>53.322748</ele>
        <time>2026-07-05T11:50:36.000Z</time>
      </trkpt>
      <trkpt lat="52.374255" lon="13.550722">
        <ele>53.451656</ele>
        <time>2026-07-05T11:50:38.000Z</time>
      </trkpt>
      <trkpt lat="52.374351" lon="13.550662">
        <ele>53.511145</ele>
        <time>2026-07-05T11:50:40.000Z</time>
      </trkpt>
      <trkpt lat="52.374453" lon="13.550641">
        <ele>53.444643</ele>
        <time>2026-07-05T11:50:42.000Z</time>
      </trkpt>
      <trkpt lat="52.374554" lon="13.550593">
        <ele>53.376611</ele>
        <time>2026-07-05T11:50:44.000Z</time>
      </trkpt>
      <trkpt lat="52.374653" lon="13.550537">
        <ele>53.308857</ele>
        <time>2026-07-05T11:50:46.000Z</time>
      </trkpt>
      <trkpt lat="52.374749" lon="13.550472">
        <ele>53.241658</ele>
        <time>2026-07-05T11:50:48.000Z</time>
      </trkpt>
      <trkpt lat="52.374845" lon="13.550400">
        <ele>53.173356</ele>
        <time>2026-07-05T11:50:50.000Z</time>
      </trkpt>
      <trkpt lat="52.374939" lon="13.550329">
        <ele>53.106394</ele>
        <time>2026-07-05T11:50:52.000Z</time>
      </trkpt>
      <trkpt lat="52.375034" lon="13.550260">
        <ele>53.039168</ele>
        <time>2026-07-05T11:50:54.000Z</time>
      </trkpt>
      <trkpt lat="52.375128" lon="13.550185">
        <ele>52.971529</ele>
        <time>2026-07-05T11:50:56.000Z</time>
      </trkpt>
      <trkpt lat="52.375221" lon="13.550110">
        <ele>52.904472</ele>
        <time>2026-07-05T11:50:58.000Z</time>
      </trkpt>
      <trkpt lat="52.375314" lon="13.550035">
        <ele>52.837414</ele>
        <time>2026-07-05T11:51:00.000Z</time>
      </trkpt>
      <trkpt lat="52.375408" lon="13.549961">
        <ele>52.769947</ele>
        <time>2026-07-05T11:51:02.000Z</time>
      </trkpt>
      <trkpt lat="52.375500" lon="13.549881">
        <ele>52.702567</ele>
        <time>2026-07-05T11:51:04.000Z</time>
      </trkpt>
      <trkpt lat="52.375594" lon="13.549806">
        <ele>52.634928</ele>
        <time>2026-07-05T11:51:06.000Z</time>
      </trkpt>
      <trkpt lat="52.375689" lon="13.549736">
        <ele>52.567541</ele>
        <time>2026-07-05T11:51:08.000Z</time>
      </trkpt>
      <trkpt lat="52.375785" lon="13.549662">
        <ele>52.498907</ele>
        <time>2026-07-05T11:51:10.000Z</time>
      </trkpt>
      <trkpt lat="52.375879" lon="13.549583">
        <ele>52.430562</ele>
        <time>2026-07-05T11:51:12.000Z</time>
      </trkpt>
      <trkpt lat="52.375977" lon="13.549506">
        <ele>52.370974</ele>
        <time>2026-07-05T11:51:14.000Z</time>
      </trkpt>
      <trkpt lat="52.376075" lon="13.549427">
        <ele>52.369590</ele>
        <time>2026-07-05T11:51:16.000Z</time>
      </trkpt>
      <trkpt lat="52.376170" lon="13.549346">
        <ele>52.368233</ele>
        <time>2026-07-05T11:51:18.000Z</time>
      </trkpt>
      <trkpt lat="52.376267" lon="13.549269">
        <ele>52.366867</ele>
        <time>2026-07-05T11:51:20.000Z</time>
      </trkpt>
      <trkpt lat="52.376366" lon="13.549194">
        <ele>52.365485</ele>
        <time>2026-07-05T11:51:22.000Z</time>
      </trkpt>
      <trkpt lat="52.376460" lon="13.549111">
        <ele>52.364132</ele>
        <time>2026-07-05T11:51:24.000Z</time>
      </trkpt>
      <trkpt lat="52.376552" lon="13.549032">
        <ele>52.362816</ele>
        <time>2026-07-05T11:51:26.000Z</time>
      </trkpt>
      <trkpt lat="52.376643" lon="13.548943">
        <ele>52.361473</ele>
        <time>2026-07-05T11:51:28.000Z</time>
      </trkpt>
      <trkpt lat="52.376729" lon="13.548847">
        <ele>52.360154</ele>
        <time>2026-07-05T11:51:30.000Z</time>
      </trkpt>
      <trkpt lat="52.376812" lon="13.548741">
        <ele>52.358820</ele>
        <time>2026-07-05T11:51:32.000Z</time>
      </trkpt>
      <trkpt lat="52.376898" lon="13.548635">
        <ele>52.357457</ele>
        <time>2026-07-05T11:51:34.000Z</time>
      </trkpt>
      <trkpt lat="52.376973" lon="13.548519">
        <ele>52.356150</ele>
        <time>2026-07-05T11:51:36.000Z</time>
      </trkpt>
      <trkpt lat="52.377044" lon="13.548401">
        <ele>52.354868</ele>
        <time>2026-07-05T11:51:38.000Z</time>
      </trkpt>
      <trkpt lat="52.377113" lon="13.548285">
        <ele>52.353615</ele>
        <time>2026-07-05T11:51:40.000Z</time>
      </trkpt>
      <trkpt lat="52.377172" lon="13.548160">
        <ele>52.352393</ele>
        <time>2026-07-05T11:51:42.000Z</time>
      </trkpt>
      <trkpt lat="52.377233" lon="13.548037">
        <ele>52.351167</ele>
        <time>2026-07-05T11:51:44.000Z</time>
      </trkpt>
      <trkpt lat="52.377291" lon="13.547911">
        <ele>52.349946</ele>
        <time>2026-07-05T11:51:46.000Z</time>
      </trkpt>
      <trkpt lat="52.377343" lon="13.547769">
        <ele>52.348665</ele>
        <time>2026-07-05T11:51:48.000Z</time>
      </trkpt>
      <trkpt lat="52.377397" lon="13.547618">
        <ele>52.375854</ele>
        <time>2026-07-05T11:51:50.000Z</time>
      </trkpt>
      <trkpt lat="52.377442" lon="13.547466">
        <ele>52.408913</ele>
        <time>2026-07-05T11:51:52.000Z</time>
      </trkpt>
      <trkpt lat="52.377483" lon="13.547310">
        <ele>52.442150</ele>
        <time>2026-07-05T11:51:54.000Z</time>
      </trkpt>
      <trkpt lat="52.377525" lon="13.547157">
        <ele>52.474978</ele>
        <time>2026-07-05T11:51:56.000Z</time>
      </trkpt>
      <trkpt lat="52.377558" lon="13.546995">
        <ele>52.508398</ele>
        <time>2026-07-05T11:51:58.000Z</time>
      </trkpt>
      <trkpt lat="52.377587" lon="13.546832">
        <ele>52.541623</ele>
        <time>2026-07-05T11:52:00.000Z</time>
      </trkpt>
      <trkpt lat="52.377612" lon="13.546667">
        <ele>52.574891</ele>
        <time>2026-07-05T11:52:02.000Z</time>
      </trkpt>
      <trkpt lat="52.377629" lon="13.546501">
        <ele>52.607830</ele>
        <time>2026-07-05T11:52:04.000Z</time>
      </trkpt>
      <trkpt lat="52.377645" lon="13.546332">
        <ele>52.641297</ele>
        <time>2026-07-05T11:52:06.000Z</time>
      </trkpt>
      <trkpt lat="52.377654" lon="13.546156">
        <ele>52.675859</ele>
        <time>2026-07-05T11:52:08.000Z</time>
      </trkpt>
      <trkpt lat="52.377656" lon="13.545984">
        <ele>52.709524</ele>
        <time>2026-07-05T11:52:10.000Z</time>
      </trkpt>
      <trkpt lat="52.377664" lon="13.545807">
        <ele>52.744256</ele>
        <time>2026-07-05T11:52:12.000Z</time>
      </trkpt>
      <trkpt lat="52.377664" lon="13.545628">
        <ele>52.779284</ele>
        <time>2026-07-05T11:52:14.000Z</time>
      </trkpt>
      <trkpt lat="52.377665" lon="13.545444">
        <ele>52.815292</ele>
        <time>2026-07-05T11:52:16.000Z</time>
      </trkpt>
      <trkpt lat="52.377676" lon="13.545258">
        <ele>52.851861</ele>
        <time>2026-07-05T11:52:18.000Z</time>
      </trkpt>
      <trkpt lat="52.377689" lon="13.545078">
        <ele>52.887331</ele>
        <time>2026-07-05T11:52:20.000Z</time>
      </trkpt>
      <trkpt lat="52.377711" lon="13.544908">
        <ele>52.921337</ele>
        <time>2026-07-05T11:52:22.000Z</time>
      </trkpt>
      <trkpt lat="52.377738" lon="13.544741">
        <ele>52.950138</ele>
        <time>2026-07-05T11:52:24.000Z</time>
      </trkpt>
      <trkpt lat="52.377768" lon="13.544583">
        <ele>52.977144</ele>
        <time>2026-07-05T11:52:26.000Z</time>
      </trkpt>
      <trkpt lat="52.377806" lon="13.544434">
        <ele>53.003500</ele>
        <time>2026-07-05T11:52:28.000Z</time>
      </trkpt>
      <trkpt lat="52.377853" lon="13.544296">
        <ele>53.029292</ele>
        <time>2026-07-05T11:52:30.000Z</time>
      </trkpt>
      <trkpt lat="52.377900" lon="13.544163">
        <ele>53.054374</ele>
        <time>2026-07-05T11:52:32.000Z</time>
      </trkpt>
      <trkpt lat="52.377951" lon="13.544038">
        <ele>53.078913</ele>
        <time>2026-07-05T11:52:34.000Z</time>
      </trkpt>
      <trkpt lat="52.378007" lon="13.543920">
        <ele>53.103308</ele>
        <time>2026-07-05T11:52:36.000Z</time>
      </trkpt>
      <trkpt lat="52.378075" lon="13.543809">
        <ele>53.128974</ele>
        <time>2026-07-05T11:52:38.000Z</time>
      </trkpt>
      <trkpt lat="52.378141" lon="13.543695">
        <ele>53.154617</ele>
        <time>2026-07-05T11:52:40.000Z</time>
      </trkpt>
      <trkpt lat="52.378216" lon="13.543585">
        <ele>53.181533</ele>
        <time>2026-07-05T11:52:42.000Z</time>
      </trkpt>
      <trkpt lat="52.378295" lon="13.543483">
        <ele>53.208426</ele>
        <time>2026-07-05T11:52:44.000Z</time>
      </trkpt>
      <trkpt lat="52.378379" lon="13.543393">
        <ele>53.235262</ele>
        <time>2026-07-05T11:52:46.000Z</time>
      </trkpt>
      <trkpt lat="52.378455" lon="13.543307">
        <ele>53.259959</ele>
        <time>2026-07-05T11:52:48.000Z</time>
      </trkpt>
      <trkpt lat="52.378536" lon="13.543228">
        <ele>53.285163</ele>
        <time>2026-07-05T11:52:50.000Z</time>
      </trkpt>
      <trkpt lat="52.378621" lon="13.543148">
        <ele>53.311373</ele>
        <time>2026-07-05T11:52:52.000Z</time>
      </trkpt>
      <trkpt lat="52.378708" lon="13.543057">
        <ele>53.338971</ele>
        <time>2026-07-05T11:52:54.000Z</time>
      </trkpt>
      <trkpt lat="52.378800" lon="13.542966">
        <ele>53.367705</ele>
        <time>2026-07-05T11:52:56.000Z</time>
      </trkpt>
      <trkpt lat="52.378896" lon="13.542864">
        <ele>53.398298</ele>
        <time>2026-07-05T11:52:58.000Z</time>
      </trkpt>
      <trkpt lat="52.378998" lon="13.542770">
        <ele>53.112268</ele>
        <time>2026-07-05T11:53:00.000Z</time>
      </trkpt>
      <trkpt lat="52.379108" lon="13.542674">
        <ele>52.699702</ele>
        <time>2026-07-05T11:53:02.000Z</time>
      </trkpt>
      <trkpt lat="52.379232" lon="13.542616">
        <ele>52.272837</ele>
        <time>2026-07-05T11:53:04.000Z</time>
      </trkpt>
      <trkpt lat="52.379357" lon="13.542564">
        <ele>51.845934</ele>
        <time>2026-07-05T11:53:06.000Z</time>
      </trkpt>
      <trkpt lat="52.379488" lon="13.542607">
        <ele>51.403683</ele>
        <time>2026-07-05T11:53:08.000Z</time>
      </trkpt>
      <trkpt lat="52.379623" lon="13.542637">
        <ele>50.952717</ele>
        <time>2026-07-05T11:53:10.000Z</time>
      </trkpt>
      <trkpt lat="52.379751" lon="13.542731">
        <ele>50.488390</ele>
        <time>2026-07-05T11:53:12.000Z</time>
      </trkpt>
      <trkpt lat="52.379865" lon="13.542872">
        <ele>50.015557</ele>
        <time>2026-07-05T11:53:14.000Z</time>
      </trkpt>
      <trkpt lat="52.379963" lon="13.543057">
        <ele>49.520615</ele>
        <time>2026-07-05T11:53:16.000Z</time>
      </trkpt>
      <trkpt lat="52.380038" lon="13.543281">
        <ele>49.004384</ele>
        <time>2026-07-05T11:53:18.000Z</time>
      </trkpt>
      <trkpt lat="52.380081" lon="13.543534">
        <ele>48.473728</ele>
        <time>2026-07-05T11:53:20.000Z</time>
      </trkpt>
      <trkpt lat="52.380088" lon="13.543808">
        <ele>47.919600</ele>
        <time>2026-07-05T11:53:22.000Z</time>
      </trkpt>
      <trkpt lat="52.380053" lon="13.544087">
        <ele>47.416238</ele>
        <time>2026-07-05T11:53:24.000Z</time>
      </trkpt>
      <trkpt lat="52.380019" lon="13.544224">
        <ele>47.317108</ele>
        <time>2026-07-05T11:53:25.000Z</time>
      </trkpt>
      <trkpt lat="52.379971" lon="13.544355">
        <ele>47.214694</ele>
        <time>2026-07-05T11:53:26.000Z</time>
      </trkpt>
      <trkpt lat="52.379915" lon="13.544475">
        <ele>47.113446</ele>
        <time>2026-07-05T11:53:27.000Z</time>
      </trkpt>
      <trkpt lat="52.379849" lon="13.544585">
        <ele>47.010058</ele>
        <time>2026-07-05T11:53:28.000Z</time>
      </trkpt>
      <trkpt lat="52.379774" lon="13.544681">
        <ele>46.905543</ele>
        <time>2026-07-05T11:53:29.000Z</time>
      </trkpt>
      <trkpt lat="52.379689" lon="13.544756">
        <ele>46.799528</ele>
        <time>2026-07-05T11:53:30.000Z</time>
      </trkpt>
      <trkpt lat="52.379603" lon="13.544820">
        <ele>46.695805</ele>
        <time>2026-07-05T11:53:31.000Z</time>
      </trkpt>
      <trkpt lat="52.379450" lon="13.544891">
        <ele>46.521187</ele>
        <time>2026-07-05T11:53:33.000Z</time>
      </trkpt>
      <trkpt lat="52.379341" lon="13.544975">
        <ele>46.388913</ele>
        <time>2026-07-05T11:53:35.000Z</time>
      </trkpt>
      <trkpt lat="52.379208" lon="13.544714">
        <ele>46.161016</ele>
        <time>2026-07-05T11:53:38.000Z</time>
      </trkpt>
      <trkpt lat="52.379161" lon="13.544534">
        <ele>46.029786</ele>
        <time>2026-07-05T11:53:40.000Z</time>
      </trkpt>
      <trkpt lat="52.379122" lon="13.544344">
        <ele>45.895419</ele>
        <time>2026-07-05T11:53:42.000Z</time>
      </trkpt>
      <trkpt lat="52.379084" lon="13.544156">
        <ele>45.762672</ele>
        <time>2026-07-05T11:53:44.000Z</time>
      </trkpt>
      <trkpt lat="52.379042" lon="13.543967">
        <ele>45.627850</ele>
        <time>2026-07-05T11:53:46.000Z</time>
      </trkpt>
      <trkpt lat="52.379006" lon="13.543781">
        <ele>45.497055</ele>
        <time>2026-07-05T11:53:48.000Z</time>
      </trkpt>
      <trkpt lat="52.378966" lon="13.543601">
        <ele>45.465020</ele>
        <time>2026-07-05T11:53:50.000Z</time>
      </trkpt>
      <trkpt lat="52.378928" lon="13.543413">
        <ele>45.450351</ele>
        <time>2026-07-05T11:53:52.000Z</time>
      </trkpt>
      <trkpt lat="52.378900" lon="13.543226">
        <ele>45.436089</ele>
        <time>2026-07-05T11:53:54.000Z</time>
      </trkpt>
      <trkpt lat="52.378859" lon="13.543038">
        <ele>45.421302</ele>
        <time>2026-07-05T11:53:56.000Z</time>
      </trkpt>
      <trkpt lat="52.378821" lon="13.542851">
        <ele>45.406703</ele>
        <time>2026-07-05T11:53:58.000Z</time>
      </trkpt>
      <trkpt lat="52.378777" lon="13.542668">
        <ele>45.392134</ele>
        <time>2026-07-05T11:54:00.000Z</time>
      </trkpt>
      <trkpt lat="52.378748" lon="13.542478">
        <ele>45.377627</ele>
        <time>2026-07-05T11:54:02.000Z</time>
      </trkpt>
      <trkpt lat="52.378707" lon="13.542277">
        <ele>45.361929</ele>
        <time>2026-07-05T11:54:04.000Z</time>
      </trkpt>
      <trkpt lat="52.378656" lon="13.542092">
        <ele>45.346893</ele>
        <time>2026-07-05T11:54:06.000Z</time>
      </trkpt>
      <trkpt lat="52.378625" lon="13.541903">
        <ele>45.332397</ele>
        <time>2026-07-05T11:54:08.000Z</time>
      </trkpt>
      <trkpt lat="52.378585" lon="13.541710">
        <ele>45.317300</ele>
        <time>2026-07-05T11:54:10.000Z</time>
      </trkpt>
      <trkpt lat="52.378542" lon="13.541520">
        <ele>45.302290</ele>
        <time>2026-07-05T11:54:12.000Z</time>
      </trkpt>
      <trkpt lat="52.378532" lon="13.541328">
        <ele>45.288016</ele>
        <time>2026-07-05T11:54:14.000Z</time>
      </trkpt>
      <trkpt lat="52.378779" lon="13.541069">
        <ele>45.281156</ele>
        <time>2026-07-05T11:54:19.000Z</time>
      </trkpt>
      <trkpt lat="52.378877" lon="13.540980">
        <ele>45.329458</ele>
        <time>2026-07-05T11:54:21.000Z</time>
      </trkpt>
      <trkpt lat="52.378975" lon="13.540880">
        <ele>45.379228</ele>
        <time>2026-07-05T11:54:23.000Z</time>
      </trkpt>
      <trkpt lat="52.379070" lon="13.540783">
        <ele>45.427483</ele>
        <time>2026-07-05T11:54:25.000Z</time>
      </trkpt>
      <trkpt lat="52.379167" lon="13.540690">
        <ele>45.475931</ele>
        <time>2026-07-05T11:54:27.000Z</time>
      </trkpt>
      <trkpt lat="52.379261" lon="13.540596">
        <ele>45.523404</ele>
        <time>2026-07-05T11:54:29.000Z</time>
      </trkpt>
      <trkpt lat="52.379351" lon="13.540496">
        <ele>45.570283</ele>
        <time>2026-07-05T11:54:31.000Z</time>
      </trkpt>
      <trkpt lat="52.379443" lon="13.540406">
        <ele>45.616474</ele>
        <time>2026-07-05T11:54:33.000Z</time>
      </trkpt>
      <trkpt lat="52.379538" lon="13.540305">
        <ele>45.665293</ele>
        <time>2026-07-05T11:54:35.000Z</time>
      </trkpt>
      <trkpt lat="52.379636" lon="13.540217">
        <ele>45.713468</ele>
        <time>2026-07-05T11:54:37.000Z</time>
      </trkpt>
      <trkpt lat="52.379728" lon="13.540122">
        <ele>45.760347</ele>
        <time>2026-07-05T11:54:39.000Z</time>
      </trkpt>
      <trkpt lat="52.379823" lon="13.540034">
        <ele>45.807392</ele>
        <time>2026-07-05T11:54:41.000Z</time>
      </trkpt>
      <trkpt lat="52.379918" lon="13.539951">
        <ele>45.853803</ele>
        <time>2026-07-05T11:54:43.000Z</time>
      </trkpt>
      <trkpt lat="52.380016" lon="13.539900">
        <ele>45.898128</ele>
        <time>2026-07-05T11:54:45.000Z</time>
      </trkpt>
      <trkpt lat="52.380116" lon="13.539860">
        <ele>45.942502</ele>
        <time>2026-07-05T11:54:47.000Z</time>
      </trkpt>
      <trkpt lat="52.380213" lon="13.539803">
        <ele>45.986924</ele>
        <time>2026-07-05T11:54:49.000Z</time>
      </trkpt>
      <trkpt lat="52.380305" lon="13.539722">
        <ele>46.031946</ele>
        <time>2026-07-05T11:54:51.000Z</time>
      </trkpt>
      <trkpt lat="52.380385" lon="13.539614">
        <ele>46.047570</ele>
        <time>2026-07-05T11:54:53.000Z</time>
      </trkpt>
      <trkpt lat="52.380351" lon="13.539366">
        <ele>46.068776</ele>
        <time>2026-07-05T11:54:54.000Z</time>
      </trkpt>
      <trkpt lat="52.380434" lon="13.539281">
        <ele>46.082155</ele>
        <time>2026-07-05T11:54:56.000Z</time>
      </trkpt>
      <trkpt lat="52.380514" lon="13.539188">
        <ele>46.095562</ele>
        <time>2026-07-05T11:54:58.000Z</time>
      </trkpt>
      <trkpt lat="52.380592" lon="13.539087">
        <ele>46.109151</ele>
        <time>2026-07-05T11:55:00.000Z</time>
      </trkpt>
      <trkpt lat="52.380668" lon="13.538984">
        <ele>46.122632</ele>
        <time>2026-07-05T11:55:02.000Z</time>
      </trkpt>
      <trkpt lat="52.380743" lon="13.538879">
        <ele>46.136116</ele>
        <time>2026-07-05T11:55:04.000Z</time>
      </trkpt>
      <trkpt lat="52.380819" lon="13.538768">
        <ele>46.150032</ele>
        <time>2026-07-05T11:55:06.000Z</time>
      </trkpt>
      <trkpt lat="52.380969" lon="13.538790">
        <ele>46.170616</ele>
        <time>2026-07-05T11:55:08.000Z</time>
      </trkpt>
      <trkpt lat="52.381063" lon="13.538704">
        <ele>46.185331</ele>
        <time>2026-07-05T11:55:10.000Z</time>
      </trkpt>
      <trkpt lat="52.381014" lon="13.538484">
        <ele>46.204869</ele>
        <time>2026-07-05T11:55:11.000Z</time>
      </trkpt>
      <trkpt lat="52.381092" lon="13.538369">
        <ele>46.219211</ele>
        <time>2026-07-05T11:55:13.000Z</time>
      </trkpt>
      <trkpt lat="52.381173" lon="13.538250">
        <ele>46.234082</ele>
        <time>2026-07-05T11:55:15.000Z</time>
      </trkpt>
      <trkpt lat="52.381254" lon="13.538130">
        <ele>46.249008</ele>
        <time>2026-07-05T11:55:17.000Z</time>
      </trkpt>
      <trkpt lat="52.381338" lon="13.538007">
        <ele>46.264406</ele>
        <time>2026-07-05T11:55:19.000Z</time>
      </trkpt>
      <trkpt lat="52.381419" lon="13.537887">
        <ele>46.279332</ele>
        <time>2026-07-05T11:55:21.000Z</time>
      </trkpt>
      <trkpt lat="52.381498" lon="13.537772">
        <ele>46.207447</ele>
        <time>2026-07-05T11:55:23.000Z</time>
      </trkpt>
      <trkpt lat="52.381579" lon="13.537653">
        <ele>46.129736</ele>
        <time>2026-07-05T11:55:25.000Z</time>
      </trkpt>
      <trkpt lat="52.382653" lon="13.536969">
        <ele>45.306691</ele>
        <time>2026-07-05T11:55:44.000Z</time>
      </trkpt>
      <trkpt lat="52.382732" lon="13.536841">
        <ele>45.227330</ele>
        <time>2026-07-05T11:55:46.000Z</time>
      </trkpt>
      <trkpt lat="52.382814" lon="13.536722">
        <ele>45.149086</ele>
        <time>2026-07-05T11:55:48.000Z</time>
      </trkpt>
      <trkpt lat="52.382892" lon="13.536593">
        <ele>45.069922</ele>
        <time>2026-07-05T11:55:50.000Z</time>
      </trkpt>
      <trkpt lat="52.382973" lon="13.536467">
        <ele>44.995130</ele>
        <time>2026-07-05T11:55:52.000Z</time>
      </trkpt>
      <trkpt lat="52.383054" lon="13.536346">
        <ele>44.993992</ele>
        <time>2026-07-05T11:55:54.000Z</time>
      </trkpt>
      <trkpt lat="52.383136" lon="13.536221">
        <ele>44.992830</ele>
        <time>2026-07-05T11:55:56.000Z</time>
      </trkpt>
      <trkpt lat="52.383217" lon="13.536094">
        <ele>44.991667</ele>
        <time>2026-07-05T11:55:58.000Z</time>
      </trkpt>
      <trkpt lat="52.383294" lon="13.535959">
        <ele>44.990497</ele>
        <time>2026-07-05T11:56:00.000Z</time>
      </trkpt>
      <trkpt lat="52.383375" lon="13.535830">
        <ele>44.989325</ele>
        <time>2026-07-05T11:56:02.000Z</time>
      </trkpt>
      <trkpt lat="52.383452" lon="13.535700">
        <ele>44.988178</ele>
        <time>2026-07-05T11:56:04.000Z</time>
      </trkpt>
      <trkpt lat="52.383530" lon="13.535571">
        <ele>44.987028</ele>
        <time>2026-07-05T11:56:06.000Z</time>
      </trkpt>
      <trkpt lat="52.383606" lon="13.535440">
        <ele>44.985884</ele>
        <time>2026-07-05T11:56:08.000Z</time>
      </trkpt>
      <trkpt lat="52.383685" lon="13.535316">
        <ele>44.984749</ele>
        <time>2026-07-05T11:56:10.000Z</time>
      </trkpt>
      <trkpt lat="52.383761" lon="13.535185">
        <ele>44.983604</ele>
        <time>2026-07-05T11:56:12.000Z</time>
      </trkpt>
      <trkpt lat="52.383828" lon="13.535041">
        <ele>44.982457</ele>
        <time>2026-07-05T11:56:14.000Z</time>
      </trkpt>
      <trkpt lat="52.383870" lon="13.534879">
        <ele>44.981343</ele>
        <time>2026-07-05T11:56:16.000Z</time>
      </trkpt>
      <trkpt lat="52.383880" lon="13.534703">
        <ele>44.980224</ele>
        <time>2026-07-05T11:56:18.000Z</time>
      </trkpt>
      <trkpt lat="52.383882" lon="13.534526">
        <ele>44.979103</ele>
        <time>2026-07-05T11:56:20.000Z</time>
      </trkpt>
      <trkpt lat="52.383916" lon="13.534362">
        <ele>44.978006</ele>
        <time>2026-07-05T11:56:22.000Z</time>
      </trkpt>
      <trkpt lat="52.383979" lon="13.534228">
        <ele>44.976935</ele>
        <time>2026-07-05T11:56:24.000Z</time>
      </trkpt>
      <trkpt lat="52.384045" lon="13.534097">
        <ele>44.960158</ele>
        <time>2026-07-05T11:56:26.000Z</time>
      </trkpt>
      <trkpt lat="52.384112" lon="13.533965">
        <ele>44.934098</ele>
        <time>2026-07-05T11:56:28.000Z</time>
      </trkpt>
      <trkpt lat="52.384191" lon="13.533852">
        <ele>44.908017</ele>
        <time>2026-07-05T11:56:30.000Z</time>
      </trkpt>
      <trkpt lat="52.384286" lon="13.533772">
        <ele>44.881452</ele>
        <time>2026-07-05T11:56:32.000Z</time>
      </trkpt>
      <trkpt lat="52.384385" lon="13.533700">
        <ele>44.854515</ele>
        <time>2026-07-05T11:56:34.000Z</time>
      </trkpt>
      <trkpt lat="52.384486" lon="13.533637">
        <ele>44.827638</ele>
        <time>2026-07-05T11:56:36.000Z</time>
      </trkpt>
      <trkpt lat="52.384588" lon="13.533586">
        <ele>44.801116</ele>
        <time>2026-07-05T11:56:38.000Z</time>
      </trkpt>
      <trkpt lat="52.384698" lon="13.533516">
        <ele>44.771768</ele>
        <time>2026-07-05T11:56:40.000Z</time>
      </trkpt>
      <trkpt lat="52.384773" lon="13.533413">
        <ele>44.747430</ele>
        <time>2026-07-05T11:56:42.000Z</time>
      </trkpt>
      <trkpt lat="52.384842" lon="13.533288">
        <ele>44.721847</ele>
        <time>2026-07-05T11:56:44.000Z</time>
      </trkpt>
      <trkpt lat="52.384911" lon="13.533163">
        <ele>44.696264</ele>
        <time>2026-07-05T11:56:46.000Z</time>
      </trkpt>
      <trkpt lat="52.384983" lon="13.533042">
        <ele>44.670613</ele>
        <time>2026-07-05T11:56:48.000Z</time>
      </trkpt>
      <trkpt lat="52.385056" lon="13.532918">
        <ele>44.644462</ele>
        <time>2026-07-05T11:56:50.000Z</time>
      </trkpt>
      <trkpt lat="52.385128" lon="13.532797">
        <ele>44.618811</ele>
        <time>2026-07-05T11:56:52.000Z</time>
      </trkpt>
      <trkpt lat="52.385195" lon="13.532675">
        <ele>44.593900</ele>
        <time>2026-07-05T11:56:54.000Z</time>
      </trkpt>
      <trkpt lat="52.385261" lon="13.532552">
        <ele>44.569040</ele>
        <time>2026-07-05T11:56:56.000Z</time>
      </trkpt>
      <trkpt lat="52.385302" lon="13.532400">
        <ele>44.543815</ele>
        <time>2026-07-05T11:56:58.000Z</time>
      </trkpt>
      <trkpt lat="52.385286" lon="13.532224">
        <ele>44.595351</ele>
        <time>2026-07-05T11:57:00.000Z</time>
      </trkpt>
      <trkpt lat="52.385234" lon="13.532066">
        <ele>44.740395</ele>
        <time>2026-07-05T11:57:02.000Z</time>
      </trkpt>
      <trkpt lat="52.385184" lon="13.531909">
        <ele>44.883484</ele>
        <time>2026-07-05T11:57:04.000Z</time>
      </trkpt>
      <trkpt lat="52.385138" lon="13.531749">
        <ele>45.026391</ele>
        <time>2026-07-05T11:57:06.000Z</time>
      </trkpt>
      <trkpt lat="52.385092" lon="13.531599">
        <ele>45.162032</ele>
        <time>2026-07-05T11:57:08.000Z</time>
      </trkpt>
      <trkpt lat="52.385053" lon="13.531441">
        <ele>45.299744</ele>
        <time>2026-07-05T11:57:10.000Z</time>
      </trkpt>
      <trkpt lat="52.385024" lon="13.531278">
        <ele>45.436933</ele>
        <time>2026-07-05T11:57:12.000Z</time>
      </trkpt>
      <trkpt lat="52.385006" lon="13.531114">
        <ele>45.571573</ele>
        <time>2026-07-05T11:57:14.000Z</time>
      </trkpt>
      <trkpt lat="52.385008" lon="13.530945">
        <ele>45.708154</ele>
        <time>2026-07-05T11:57:16.000Z</time>
      </trkpt>
      <trkpt lat="52.385007" lon="13.530784">
        <ele>45.838252</ele>
        <time>2026-07-05T11:57:18.000Z</time>
      </trkpt>
      <trkpt lat="52.385014" lon="13.530616">
        <ele>45.974315</ele>
        <time>2026-07-05T11:57:20.000Z</time>
      </trkpt>
      <trkpt lat="52.385025" lon="13.530448">
        <ele>46.110841</ele>
        <time>2026-07-05T11:57:22.000Z</time>
      </trkpt>
      <trkpt lat="52.385037" lon="13.530281">
        <ele>46.246712</ele>
        <time>2026-07-05T11:57:24.000Z</time>
      </trkpt>
      <trkpt lat="52.385059" lon="13.530132">
        <ele>46.370580</ele>
        <time>2026-07-05T11:57:26.000Z</time>
      </trkpt>
      <trkpt lat="52.385152" lon="13.530022">
        <ele>46.522429</ele>
        <time>2026-07-05T11:57:29.000Z</time>
      </trkpt>
      <trkpt lat="52.385215" lon="13.530219">
        <ele>46.702134</ele>
        <time>2026-07-05T11:58:45.000Z</time>
      </trkpt>
      <trkpt lat="52.385177" lon="13.530387">
        <ele>46.846903</ele>
        <time>2026-07-05T11:58:48.000Z</time>
      </trkpt>
      <trkpt lat="52.385180" lon="13.530567">
        <ele>47.032582</ele>
        <time>2026-07-05T11:58:51.000Z</time>
      </trkpt>
      <trkpt lat="52.385180" lon="13.530760">
        <ele>47.264923</ele>
        <time>2026-07-05T11:58:54.000Z</time>
      </trkpt>
      <trkpt lat="52.385193" lon="13.530948">
        <ele>47.492692</ele>
        <time>2026-07-05T11:58:57.000Z</time>
      </trkpt>
      <trkpt lat="52.385218" lon="13.531142">
        <ele>47.731385</ele>
        <time>2026-07-05T11:59:00.000Z</time>
      </trkpt>
      <trkpt lat="52.385249" lon="13.531334">
        <ele>47.970473</ele>
        <time>2026-07-05T11:59:03.000Z</time>
      </trkpt>
      <trkpt lat="52.385294" lon="13.531512">
        <ele>48.202410</ele>
        <time>2026-07-05T11:59:06.000Z</time>
      </trkpt>
      <trkpt lat="52.385352" lon="13.531677">
        <ele>48.431629</ele>
        <time>2026-07-05T11:59:09.000Z</time>
      </trkpt>
      <trkpt lat="52.385429" lon="13.531814">
        <ele>48.655829</ele>
        <time>2026-07-05T11:59:12.000Z</time>
      </trkpt>
      <trkpt lat="52.385498" lon="13.531959">
        <ele>48.877169</ele>
        <time>2026-07-05T11:59:15.000Z</time>
      </trkpt>
      <trkpt lat="52.385579" lon="13.532085">
        <ele>49.097467</ele>
        <time>2026-07-05T11:59:18.000Z</time>
      </trkpt>
      <trkpt lat="52.385676" lon="13.532222">
        <ele>49.350060</ele>
        <time>2026-07-05T11:59:21.000Z</time>
      </trkpt>
      <trkpt lat="52.385785" lon="13.532358">
        <ele>49.620291</ele>
        <time>2026-07-05T11:59:24.000Z</time>
      </trkpt>
      <trkpt lat="52.385852" lon="13.532466">
        <ele>49.805673</ele>
        <time>2026-07-05T11:59:26.000Z</time>
      </trkpt>
      <trkpt lat="52.385923" lon="13.532580">
        <ele>50.001745</ele>
        <time>2026-07-05T11:59:28.000Z</time>
      </trkpt>
      <trkpt lat="52.386001" lon="13.532703">
        <ele>50.215270</ele>
        <time>2026-07-05T11:59:30.000Z</time>
      </trkpt>
      <trkpt lat="52.386087" lon="13.532842">
        <ele>50.453538</ele>
        <time>2026-07-05T11:59:32.000Z</time>
      </trkpt>
      <trkpt lat="52.386174" lon="13.533012">
        <ele>50.061247</ele>
        <time>2026-07-05T11:59:34.000Z</time>
      </trkpt>
      <trkpt lat="52.386255" lon="13.533212">
        <ele>49.624791</ele>
        <time>2026-07-05T11:59:36.000Z</time>
      </trkpt>
      <trkpt lat="52.386327" lon="13.533430">
        <ele>49.174072</ele>
        <time>2026-07-05T11:59:38.000Z</time>
      </trkpt>
      <trkpt lat="52.386375" lon="13.533672">
        <ele>48.711376</ele>
        <time>2026-07-05T11:59:40.000Z</time>
      </trkpt>
      <trkpt lat="52.386433" lon="13.533916">
        <ele>48.235236</ele>
        <time>2026-07-05T11:59:42.000Z</time>
      </trkpt>
      <trkpt lat="52.386493" lon="13.534166">
        <ele>47.746765</ele>
        <time>2026-07-05T11:59:44.000Z</time>
      </trkpt>
      <trkpt lat="52.386562" lon="13.534397">
        <ele>47.279120</ele>
        <time>2026-07-05T11:59:46.000Z</time>
      </trkpt>
      <trkpt lat="52.386587" lon="13.534562">
        <ele>46.969986</ele>
        <time>2026-07-05T11:59:48.000Z</time>
      </trkpt>
      <trkpt lat="52.386767" lon="13.534362">
        <ele>46.322035</ele>
        <time>2026-07-05T11:59:53.000Z</time>
      </trkpt>
      <trkpt lat="52.386734" lon="13.534194">
        <ele>46.001123</ele>
        <time>2026-07-05T11:59:55.000Z</time>
      </trkpt>
      <trkpt lat="52.386686" lon="13.534034">
        <ele>45.676942</ele>
        <time>2026-07-05T11:59:57.000Z</time>
      </trkpt>
      <trkpt lat="52.386655" lon="13.533867">
        <ele>45.359544</ele>
        <time>2026-07-05T11:59:59.000Z</time>
      </trkpt>
      <trkpt lat="52.386616" lon="13.533710">
        <ele>45.089285</ele>
        <time>2026-07-05T12:00:01.000Z</time>
      </trkpt>
      <trkpt lat="52.386654" lon="13.533555">
        <ele>45.025849</ele>
        <time>2026-07-05T12:00:03.000Z</time>
      </trkpt>
      <trkpt lat="52.386749" lon="13.533483">
        <ele>44.960719</ele>
        <time>2026-07-05T12:00:05.000Z</time>
      </trkpt>
      <trkpt lat="52.386849" lon="13.533428">
        <ele>44.895084</ele>
        <time>2026-07-05T12:00:07.000Z</time>
      </trkpt>
      <trkpt lat="52.386940" lon="13.533361">
        <ele>44.833006</ele>
        <time>2026-07-05T12:00:09.000Z</time>
      </trkpt>
      <trkpt lat="52.387024" lon="13.533283">
        <ele>44.772928</ele>
        <time>2026-07-05T12:00:11.000Z</time>
      </trkpt>
      <trkpt lat="52.387110" lon="13.533208">
        <ele>44.712308</ele>
        <time>2026-07-05T12:00:13.000Z</time>
      </trkpt>
      <trkpt lat="52.387206" lon="13.533131">
        <ele>44.645800</ele>
        <time>2026-07-05T12:00:15.000Z</time>
      </trkpt>
      <trkpt lat="52.387301" lon="13.533047">
        <ele>44.578629</ele>
        <time>2026-07-05T12:00:17.000Z</time>
      </trkpt>
      <trkpt lat="52.387398" lon="13.532953">
        <ele>44.508506</ele>
        <time>2026-07-05T12:00:19.000Z</time>
      </trkpt>
      <trkpt lat="52.387503" lon="13.532866">
        <ele>44.435292</ele>
        <time>2026-07-05T12:00:21.000Z</time>
      </trkpt>
      <trkpt lat="52.387606" lon="13.532773">
        <ele>44.362115</ele>
        <time>2026-07-05T12:00:23.000Z</time>
      </trkpt>
      <trkpt lat="52.387708" lon="13.532682">
        <ele>44.289849</ele>
        <time>2026-07-05T12:00:25.000Z</time>
      </trkpt>
      <trkpt lat="52.387811" lon="13.532589">
        <ele>44.216672</ele>
        <time>2026-07-05T12:00:27.000Z</time>
      </trkpt>
      <trkpt lat="52.387914" lon="13.532498">
        <ele>44.143858</ele>
        <time>2026-07-05T12:00:29.000Z</time>
      </trkpt>
      <trkpt lat="52.388021" lon="13.532411">
        <ele>44.069532</ele>
        <time>2026-07-05T12:00:31.000Z</time>
      </trkpt>
      <trkpt lat="52.388123" lon="13.532322">
        <ele>43.997626</ele>
        <time>2026-07-05T12:00:33.000Z</time>
      </trkpt>
      <trkpt lat="52.388209" lon="13.532260">
        <ele>43.893381</ele>
        <time>2026-07-05T12:00:36.000Z</time>
      </trkpt>
      <trkpt lat="52.388253" lon="13.532100">
        <ele>43.752254</ele>
        <time>2026-07-05T12:00:44.000Z</time>
      </trkpt>
      <trkpt lat="52.388199" lon="13.531965">
        <ele>43.622450</ele>
        <time>2026-07-05T12:00:47.000Z</time>
      </trkpt>
      <trkpt lat="52.388156" lon="13.531819">
        <ele>43.492084</ele>
        <time>2026-07-05T12:00:50.000Z</time>
      </trkpt>
      <trkpt lat="52.388141" lon="13.531647">
        <ele>43.352360</ele>
        <time>2026-07-05T12:00:53.000Z</time>
      </trkpt>
      <trkpt lat="52.388174" lon="13.531489">
        <ele>43.218066</ele>
        <time>2026-07-05T12:00:56.000Z</time>
      </trkpt>
      <trkpt lat="52.388263" lon="13.531445">
        <ele>43.095572</ele>
        <time>2026-07-05T12:00:59.000Z</time>
      </trkpt>
      <trkpt lat="52.388357" lon="13.531419">
        <ele>42.969960</ele>
        <time>2026-07-05T12:01:02.000Z</time>
      </trkpt>
      <trkpt lat="52.388441" lon="13.531366">
        <ele>42.851354</ele>
        <time>2026-07-05T12:01:06.000Z</time>
      </trkpt>
      <trkpt lat="52.388513" lon="13.531503">
        <ele>42.705964</ele>
        <time>2026-07-05T12:01:11.000Z</time>
      </trkpt>
      <trkpt lat="52.388555" lon="13.531663">
        <ele>42.565900</ele>
        <time>2026-07-05T12:01:15.000Z</time>
      </trkpt>
      <trkpt lat="52.388614" lon="13.531791">
        <ele>42.436907</ele>
        <time>2026-07-05T12:01:18.000Z</time>
      </trkpt>
      <trkpt lat="52.388718" lon="13.531722">
        <ele>42.289063</ele>
        <time>2026-07-05T12:01:22.000Z</time>
      </trkpt>
      <trkpt lat="52.388813" lon="13.531634">
        <ele>42.145267</ele>
        <time>2026-07-05T12:01:25.000Z</time>
      </trkpt>
      <trkpt lat="52.388893" lon="13.531567">
        <ele>42.026883</ele>
        <time>2026-07-05T12:01:27.000Z</time>
      </trkpt>
      <trkpt lat="52.388981" lon="13.531511">
        <ele>41.902491</ele>
        <time>2026-07-05T12:01:29.000Z</time>
      </trkpt>
      <trkpt lat="52.389070" lon="13.531452">
        <ele>41.775985</ele>
        <time>2026-07-05T12:01:31.000Z</time>
      </trkpt>
      <trkpt lat="52.389165" lon="13.531362">
        <ele>41.631391</ele>
        <time>2026-07-05T12:01:33.000Z</time>
      </trkpt>
      <trkpt lat="52.389262" lon="13.531284">
        <ele>41.611952</ele>
        <time>2026-07-05T12:01:35.000Z</time>
      </trkpt>
      <trkpt lat="52.389361" lon="13.531196">
        <ele>41.614182</ele>
        <time>2026-07-05T12:01:37.000Z</time>
      </trkpt>
      <trkpt lat="52.389450" lon="13.531112">
        <ele>41.616216</ele>
        <time>2026-07-05T12:01:39.000Z</time>
      </trkpt>
      <trkpt lat="52.389552" lon="13.531034">
        <ele>41.618446</ele>
        <time>2026-07-05T12:01:41.000Z</time>
      </trkpt>
      <trkpt lat="52.389648" lon="13.530947">
        <ele>41.620619</ele>
        <time>2026-07-05T12:01:43.000Z</time>
      </trkpt>
      <trkpt lat="52.389746" lon="13.530857">
        <ele>41.622844</ele>
        <time>2026-07-05T12:01:45.000Z</time>
      </trkpt>
      <trkpt lat="52.389825" lon="13.530710">
        <ele>41.625211</ele>
        <time>2026-07-05T12:01:48.000Z</time>
      </trkpt>
      <trkpt lat="52.389912" lon="13.530619">
        <ele>41.627255</ele>
        <time>2026-07-05T12:01:51.000Z</time>
      </trkpt>
      <trkpt lat="52.389971" lon="13.530506">
        <ele>41.629053</ele>
        <time>2026-07-05T12:01:54.000Z</time>
      </trkpt>
      <trkpt lat="52.390032" lon="13.530392">
        <ele>41.630885</ele>
        <time>2026-07-05T12:01:59.000Z</time>
      </trkpt>
      <trkpt lat="52.390110" lon="13.530308">
        <ele>41.632734</ele>
        <time>2026-07-05T12:02:02.000Z</time>
      </trkpt>
      <trkpt lat="52.390161" lon="13.530153">
        <ele>41.634862</ele>
        <time>2026-07-05T12:02:06.000Z</time>
      </trkpt>
      <trkpt lat="52.390238" lon="13.530026">
        <ele>41.637026</ele>
        <time>2026-07-05T12:02:10.000Z</time>
      </trkpt>
      <trkpt lat="52.390329" lon="13.529943">
        <ele>41.639089</ele>
        <time>2026-07-05T12:02:14.000Z</time>
      </trkpt>
      <trkpt lat="52.390422" lon="13.529849">
        <ele>41.641253</ele>
        <time>2026-07-05T12:02:19.000Z</time>
      </trkpt>
      <trkpt lat="52.390526" lon="13.529849">
        <ele>41.643313</ele>
        <time>2026-07-05T12:02:23.000Z</time>
      </trkpt>
      <trkpt lat="52.390615" lon="13.529962">
        <ele>41.645543</ele>
        <time>2026-07-05T12:02:28.000Z</time>
      </trkpt>
      <trkpt lat="52.390713" lon="13.530083">
        <ele>41.741302</ele>
        <time>2026-07-05T12:02:32.000Z</time>
      </trkpt>
      <trkpt lat="52.390835" lon="13.530047">
        <ele>41.847029</ele>
        <time>2026-07-05T12:02:35.000Z</time>
      </trkpt>
      <trkpt lat="52.390946" lon="13.530015">
        <ele>41.943156</ele>
        <time>2026-07-05T12:02:38.000Z</time>
      </trkpt>
      <trkpt lat="52.391036" lon="13.530053">
        <ele>42.022424</ele>
        <time>2026-07-05T12:02:41.000Z</time>
      </trkpt>
      <trkpt lat="52.391281" lon="13.530151">
        <ele>42.237521</ele>
        <time>2026-07-05T12:04:34.000Z</time>
      </trkpt>
      <trkpt lat="52.391382" lon="13.530156">
        <ele>42.323703</ele>
        <time>2026-07-05T12:04:37.000Z</time>
      </trkpt>
      <trkpt lat="52.391479" lon="13.530173">
        <ele>42.406906</ele>
        <time>2026-07-05T12:04:40.000Z</time>
      </trkpt>
      <trkpt lat="52.391586" lon="13.530219">
        <ele>42.501255</ele>
        <time>2026-07-05T12:04:43.000Z</time>
      </trkpt>
      <trkpt lat="52.391675" lon="13.530267">
        <ele>42.581169</ele>
        <time>2026-07-05T12:04:46.000Z</time>
      </trkpt>
      <trkpt lat="52.391798" lon="13.530316">
        <ele>42.689132</ele>
        <time>2026-07-05T12:04:49.000Z</time>
      </trkpt>
      <trkpt lat="52.391929" lon="13.530330">
        <ele>42.801099</ele>
        <time>2026-07-05T12:04:52.000Z</time>
      </trkpt>
      <trkpt lat="52.392042" lon="13.530350">
        <ele>42.898038</ele>
        <time>2026-07-05T12:04:55.000Z</time>
      </trkpt>
      <trkpt lat="52.392145" lon="13.530397">
        <ele>42.989229</ele>
        <time>2026-07-05T12:04:58.000Z</time>
      </trkpt>
      <trkpt lat="52.392264" lon="13.530405">
        <ele>43.090810</ele>
        <time>2026-07-05T12:05:01.000Z</time>
      </trkpt>
      <trkpt lat="52.392374" lon="13.530448">
        <ele>43.179579</ele>
        <time>2026-07-05T12:05:04.000Z</time>
      </trkpt>
      <trkpt lat="52.392481" lon="13.530487">
        <ele>43.176554</ele>
        <time>2026-07-05T12:05:07.000Z</time>
      </trkpt>
      <trkpt lat="52.392598" lon="13.530531">
        <ele>43.173240</ele>
        <time>2026-07-05T12:05:10.000Z</time>
      </trkpt>
      <trkpt lat="52.392708" lon="13.530538">
        <ele>43.170201</ele>
        <time>2026-07-05T12:05:13.000Z</time>
      </trkpt>
      <trkpt lat="52.392830" lon="13.530610">
        <ele>43.166621</ele>
        <time>2026-07-05T12:05:16.000Z</time>
      </trkpt>
      <trkpt lat="52.392921" lon="13.530646">
        <ele>43.164037</ele>
        <time>2026-07-05T12:05:18.000Z</time>
      </trkpt>
      <trkpt lat="52.393041" lon="13.530653">
        <ele>43.160722</ele>
        <time>2026-07-05T12:05:21.000Z</time>
      </trkpt>
      <trkpt lat="52.393140" lon="13.530667">
        <ele>43.157979</ele>
        <time>2026-07-05T12:05:23.000Z</time>
      </trkpt>
      <trkpt lat="52.393272" lon="13.530727">
        <ele>43.154198</ele>
        <time>2026-07-05T12:05:26.000Z</time>
      </trkpt>
      <trkpt lat="52.393406" lon="13.530778">
        <ele>43.150400</ele>
        <time>2026-07-05T12:05:29.000Z</time>
      </trkpt>
      <trkpt lat="52.393531" lon="13.530836">
        <ele>43.146814</ele>
        <time>2026-07-05T12:05:32.000Z</time>
      </trkpt>
      <trkpt lat="52.393660" lon="13.530877">
        <ele>43.143186</ele>
        <time>2026-07-05T12:05:35.000Z</time>
      </trkpt>
      <trkpt lat="52.393767" lon="13.530901">
        <ele>43.140205</ele>
        <time>2026-07-05T12:05:38.000Z</time>
      </trkpt>
      <trkpt lat="52.393888" lon="13.530937">
        <ele>43.136810</ele>
        <time>2026-07-05T12:05:43.000Z</time>
      </trkpt>
      <trkpt lat="52.393990" lon="13.531003">
        <ele>43.133783</ele>
        <time>2026-07-05T12:05:46.000Z</time>
      </trkpt>
      <trkpt lat="52.394059" lon="13.531142">
        <ele>43.130764</ele>
        <time>2026-07-05T12:05:50.000Z</time>
      </trkpt>
      <trkpt lat="52.394083" lon="13.531317">
        <ele>43.170634</ele>
        <time>2026-07-05T12:05:53.000Z</time>
      </trkpt>
      <trkpt lat="52.394111" lon="13.531510">
        <ele>43.226393</ele>
        <time>2026-07-05T12:05:56.000Z</time>
      </trkpt>
      <trkpt lat="52.394150" lon="13.531713">
        <ele>43.286211</ele>
        <time>2026-07-05T12:05:59.000Z</time>
      </trkpt>
      <trkpt lat="52.394173" lon="13.531915">
        <ele>43.343967</ele>
        <time>2026-07-05T12:06:02.000Z</time>
      </trkpt>
      <trkpt lat="52.394270" lon="13.532084">
        <ele>43.409178</ele>
        <time>2026-07-05T12:06:05.000Z</time>
      </trkpt>
      <trkpt lat="52.394302" lon="13.532260">
        <ele>43.460796</ele>
        <time>2026-07-05T12:06:08.000Z</time>
      </trkpt>
      <trkpt lat="52.394341" lon="13.532461">
        <ele>43.520078</ele>
        <time>2026-07-05T12:06:11.000Z</time>
      </trkpt>
      <trkpt lat="52.394369" lon="13.532603">
        <ele>43.562022</ele>
        <time>2026-07-05T12:06:13.000Z</time>
      </trkpt>
      <trkpt lat="52.394399" lon="13.532754">
        <ele>43.606656</ele>
        <time>2026-07-05T12:06:16.000Z</time>
      </trkpt>
      <trkpt lat="52.394423" lon="13.532938">
        <ele>43.659542</ele>
        <time>2026-07-05T12:06:24.000Z</time>
      </trkpt>
      <trkpt lat="52.394453" lon="13.533111">
        <ele>43.710092</ele>
        <time>2026-07-05T12:06:27.000Z</time>
      </trkpt>
      <trkpt lat="52.394497" lon="13.533309">
        <ele>43.769319</ele>
        <time>2026-07-05T12:06:30.000Z</time>
      </trkpt>
      <trkpt lat="52.394535" lon="13.533512">
        <ele>43.829000</ele>
        <time>2026-07-05T12:06:33.000Z</time>
      </trkpt>
      <trkpt lat="52.394586" lon="13.533715">
        <ele>43.890704</ele>
        <time>2026-07-05T12:06:36.000Z</time>
      </trkpt>
      <trkpt lat="52.394614" lon="13.533856">
        <ele>43.932380</ele>
        <time>2026-07-05T12:06:38.000Z</time>
      </trkpt>
      <trkpt lat="52.394654" lon="13.534057">
        <ele>43.993703</ele>
        <time>2026-07-05T12:06:41.000Z</time>
      </trkpt>
      <trkpt lat="52.394764" lon="13.534110">
        <ele>44.049539</ele>
        <time>2026-07-05T12:07:33.000Z</time>
      </trkpt>
      <trkpt lat="52.394911" lon="13.534316">
        <ele>44.143731</ele>
        <time>2026-07-05T12:07:36.000Z</time>
      </trkpt>
      <trkpt lat="52.395017" lon="13.534258">
        <ele>44.198153</ele>
        <time>2026-07-05T12:07:40.000Z</time>
      </trkpt>
      <trkpt lat="52.395053" lon="13.534088">
        <ele>44.251626</ele>
        <time>2026-07-05T12:07:42.000Z</time>
      </trkpt>
      <trkpt lat="52.395150" lon="13.534183">
        <ele>44.306657</ele>
        <time>2026-07-05T12:07:45.000Z</time>
      </trkpt>
      <trkpt lat="52.395129" lon="13.533958">
        <ele>44.374296</ele>
        <time>2026-07-05T12:07:51.000Z</time>
      </trkpt>
      <trkpt lat="52.395166" lon="13.534175">
        <ele>44.441251</ele>
        <time>2026-07-05T12:07:55.000Z</time>
      </trkpt>
      <trkpt lat="52.395121" lon="13.533992">
        <ele>44.499882</ele>
        <time>2026-07-05T12:08:02.000Z</time>
      </trkpt>
      <trkpt lat="52.395152" lon="13.534183">
        <ele>44.558613</ele>
        <time>2026-07-05T12:08:06.000Z</time>
      </trkpt>
      <trkpt lat="52.395111" lon="13.534011">
        <ele>44.613487</ele>
        <time>2026-07-05T12:08:09.000Z</time>
      </trkpt>
      <trkpt lat="52.395157" lon="13.534180">
        <ele>44.668477</ele>
        <time>2026-07-05T12:08:27.000Z</time>
      </trkpt>
      <trkpt lat="52.395110" lon="13.534003">
        <ele>44.725840</ele>
        <time>2026-07-05T12:08:29.000Z</time>
      </trkpt>
      <trkpt lat="52.395149" lon="13.534184">
        <ele>44.782881</ele>
        <time>2026-07-05T12:08:34.000Z</time>
      </trkpt>
      <trkpt lat="52.395046" lon="13.533915">
        <ele>44.840914</ele>
        <time>2026-07-05T12:08:43.000Z</time>
      </trkpt>
      <trkpt lat="52.395059" lon="13.534067">
        <ele>44.847720</ele>
        <time>2026-07-05T12:09:06.000Z</time>
      </trkpt>
      <trkpt lat="52.395217" lon="13.533968">
        <ele>44.860014</ele>
        <time>2026-07-05T12:09:13.000Z</time>
      </trkpt>
      <trkpt lat="52.395329" lon="13.533991">
        <ele>44.868217</ele>
        <time>2026-07-05T12:09:14.000Z</time>
      </trkpt>
      <trkpt lat="52.395459" lon="13.534025">
        <ele>44.877784</ele>
        <time>2026-07-05T12:09:16.000Z</time>
      </trkpt>
      <trkpt lat="52.395605" lon="13.533460">
        <ele>44.904994</ele>
        <time>2026-07-05T12:09:17.000Z</time>
      </trkpt>
      <trkpt lat="52.395465" lon="13.533597">
        <ele>44.916844</ele>
        <time>2026-07-05T12:09:18.000Z</time>
      </trkpt>
      <trkpt lat="52.395061" lon="13.533670">
        <ele>44.946383</ele>
        <time>2026-07-05T12:09:28.000Z</time>
      </trkpt>
      <trkpt lat="52.395156" lon="13.533785">
        <ele>44.954966</ele>
        <time>2026-07-05T12:09:31.000Z</time>
      </trkpt>
      <trkpt lat="52.395024" lon="13.533866">
        <ele>44.965210</ele>
        <time>2026-07-05T12:09:35.000Z</time>
      </trkpt>
      <trkpt lat="52.395083" lon="13.533693">
        <ele>45.004079</ele>
        <time>2026-07-05T12:11:01.001Z</time>
      </trkpt>
      <trkpt lat="52.395108" lon="13.533893">
        <ele>45.044280</ele>
        <time>2026-07-05T12:11:02.001Z</time>
      </trkpt>
      <trkpt lat="52.395127" lon="13.534044">
        <ele>45.074639</ele>
        <time>2026-07-05T12:11:09.000Z</time>
      </trkpt>
      <trkpt lat="52.395292" lon="13.534131">
        <ele>45.130572</ele>
        <time>2026-07-05T12:27:44.000Z</time>
      </trkpt>
      <trkpt lat="52.395390" lon="13.534058">
        <ele>45.165310</ele>
        <time>2026-07-05T12:27:47.000Z</time>
      </trkpt>
      <trkpt lat="52.395499" lon="13.533986">
        <ele>45.203234</ele>
        <time>2026-07-05T12:27:50.000Z</time>
      </trkpt>
      <trkpt lat="52.395619" lon="13.533912">
        <ele>45.244608</ele>
        <time>2026-07-05T12:27:53.000Z</time>
      </trkpt>
      <trkpt lat="52.395703" lon="13.533849">
        <ele>45.274419</ele>
        <time>2026-07-05T12:27:55.000Z</time>
      </trkpt>
      <trkpt lat="52.395790" lon="13.533793">
        <ele>45.304581</ele>
        <time>2026-07-05T12:27:57.000Z</time>
      </trkpt>
      <trkpt lat="52.395919" lon="13.533712">
        <ele>45.349160</ele>
        <time>2026-07-05T12:28:00.000Z</time>
      </trkpt>
      <trkpt lat="52.396046" lon="13.533638">
        <ele>45.392656</ele>
        <time>2026-07-05T12:28:03.000Z</time>
      </trkpt>
      <trkpt lat="52.396131" lon="13.533579">
        <ele>45.422444</ele>
        <time>2026-07-05T12:28:05.000Z</time>
      </trkpt>
      <trkpt lat="52.396191" lon="13.533452">
        <ele>45.454071</ele>
        <time>2026-07-05T12:28:07.000Z</time>
      </trkpt>
      <trkpt lat="52.396189" lon="13.533281">
        <ele>45.487748</ele>
        <time>2026-07-05T12:28:09.000Z</time>
      </trkpt>
      <trkpt lat="52.396157" lon="13.533137">
        <ele>45.517925</ele>
        <time>2026-07-05T12:28:11.000Z</time>
      </trkpt>
      <trkpt lat="52.396119" lon="13.532992">
        <ele>45.552841</ele>
        <time>2026-07-05T12:28:13.000Z</time>
      </trkpt>
      <trkpt lat="52.396067" lon="13.532868">
        <ele>45.616680</ele>
        <time>2026-07-05T12:28:15.000Z</time>
      </trkpt>
      <trkpt lat="52.396028" lon="13.532727">
        <ele>45.682366</ele>
        <time>2026-07-05T12:28:17.000Z</time>
      </trkpt>
      <trkpt lat="52.395989" lon="13.532581">
        <ele>45.749989</ele>
        <time>2026-07-05T12:28:19.000Z</time>
      </trkpt>
      <trkpt lat="52.395946" lon="13.532439">
        <ele>45.817250</ele>
        <time>2026-07-05T12:28:21.000Z</time>
      </trkpt>
      <trkpt lat="52.395900" lon="13.532297">
        <ele>45.885465</ele>
        <time>2026-07-05T12:28:23.000Z</time>
      </trkpt>
      <trkpt lat="52.395853" lon="13.532163">
        <ele>45.951044</ele>
        <time>2026-07-05T12:28:25.000Z</time>
      </trkpt>
      <trkpt lat="52.395809" lon="13.532022">
        <ele>46.018240</ele>
        <time>2026-07-05T12:28:27.000Z</time>
      </trkpt>
      <trkpt lat="52.395760" lon="13.531854">
        <ele>46.097246</ele>
        <time>2026-07-05T12:28:30.000Z</time>
      </trkpt>
      <trkpt lat="52.395818" lon="13.531708">
        <ele>46.171166</ele>
        <time>2026-07-05T12:28:34.000Z</time>
      </trkpt>
      <trkpt lat="52.395918" lon="13.531643">
        <ele>46.245969</ele>
        <time>2026-07-05T12:28:37.000Z</time>
      </trkpt>
      <trkpt lat="52.396026" lon="13.531545">
        <ele>46.331810</ele>
        <time>2026-07-05T12:28:40.000Z</time>
      </trkpt>
      <trkpt lat="52.396140" lon="13.531450">
        <ele>46.420738</ele>
        <time>2026-07-05T12:28:43.000Z</time>
      </trkpt>
      <trkpt lat="52.396220" lon="13.531382">
        <ele>46.483403</ele>
        <time>2026-07-05T12:28:45.000Z</time>
      </trkpt>
      <trkpt lat="52.396337" lon="13.531279">
        <ele>46.575753</ele>
        <time>2026-07-05T12:28:48.000Z</time>
      </trkpt>
      <trkpt lat="52.396456" lon="13.531175">
        <ele>46.669530</ele>
        <time>2026-07-05T12:28:51.000Z</time>
      </trkpt>
      <trkpt lat="52.396537" lon="13.531109">
        <ele>46.732430</ele>
        <time>2026-07-05T12:28:53.000Z</time>
      </trkpt>
      <trkpt lat="52.396621" lon="13.531043">
        <ele>46.797826</ele>
        <time>2026-07-05T12:28:55.000Z</time>
      </trkpt>
      <trkpt lat="52.396739" lon="13.530936">
        <ele>46.959284</ele>
        <time>2026-07-05T12:28:58.000Z</time>
      </trkpt>
      <trkpt lat="52.396818" lon="13.530864">
        <ele>47.067508</ele>
        <time>2026-07-05T12:29:00.000Z</time>
      </trkpt>
      <trkpt lat="52.396939" lon="13.530765">
        <ele>47.229424</ele>
        <time>2026-07-05T12:29:03.000Z</time>
      </trkpt>
      <trkpt lat="52.397023" lon="13.530695">
        <ele>47.342248</ele>
        <time>2026-07-05T12:29:05.000Z</time>
      </trkpt>
      <trkpt lat="52.397107" lon="13.530631">
        <ele>47.453153</ele>
        <time>2026-07-05T12:29:07.000Z</time>
      </trkpt>
      <trkpt lat="52.397192" lon="13.530567">
        <ele>47.565145</ele>
        <time>2026-07-05T12:29:09.000Z</time>
      </trkpt>
      <trkpt lat="52.397277" lon="13.530483">
        <ele>47.683980</ele>
        <time>2026-07-05T12:29:11.000Z</time>
      </trkpt>
      <trkpt lat="52.397361" lon="13.530409">
        <ele>47.798157</ele>
        <time>2026-07-05T12:29:13.000Z</time>
      </trkpt>
      <trkpt lat="52.397455" lon="13.530387">
        <ele>47.911840</ele>
        <time>2026-07-05T12:29:15.000Z</time>
      </trkpt>
      <trkpt lat="52.397523" lon="13.530509">
        <ele>48.032551</ele>
        <time>2026-07-05T12:29:17.000Z</time>
      </trkpt>
      <trkpt lat="52.397558" lon="13.530647">
        <ele>48.141726</ele>
        <time>2026-07-05T12:29:19.000Z</time>
      </trkpt>
      <trkpt lat="52.397612" lon="13.530804">
        <ele>48.273386</ele>
        <time>2026-07-05T12:29:22.000Z</time>
      </trkpt>
      <trkpt lat="52.397665" lon="13.530940">
        <ele>48.391272</ele>
        <time>2026-07-05T12:29:29.000Z</time>
      </trkpt>
      <trkpt lat="52.397755" lon="13.531182">
        <ele>48.598309</ele>
        <time>2026-07-05T12:30:03.000Z</time>
      </trkpt>
      <trkpt lat="52.397824" lon="13.531345">
        <ele>48.743235</ele>
        <time>2026-07-05T12:30:06.000Z</time>
      </trkpt>
      <trkpt lat="52.397894" lon="13.531514">
        <ele>48.892452</ele>
        <time>2026-07-05T12:30:09.000Z</time>
      </trkpt>
      <trkpt lat="52.397948" lon="13.531638">
        <ele>48.989491</ele>
        <time>2026-07-05T12:30:11.000Z</time>
      </trkpt>
      <trkpt lat="52.397997" lon="13.531800">
        <ele>49.086713</ele>
        <time>2026-07-05T12:30:14.000Z</time>
      </trkpt>
      <trkpt lat="52.398030" lon="13.531943">
        <ele>49.168919</ele>
        <time>2026-07-05T12:30:17.000Z</time>
      </trkpt>
      <trkpt lat="52.398099" lon="13.532110">
        <ele>49.277364</ele>
        <time>2026-07-05T12:30:20.000Z</time>
      </trkpt>
      <trkpt lat="52.398154" lon="13.532290">
        <ele>49.385607</ele>
        <time>2026-07-05T12:30:23.000Z</time>
      </trkpt>
      <trkpt lat="52.398241" lon="13.532411">
        <ele>49.486158</ele>
        <time>2026-07-05T12:30:28.000Z</time>
      </trkpt>
      <trkpt lat="52.398306" lon="13.532593">
        <ele>49.599549</ele>
        <time>2026-07-05T12:30:31.000Z</time>
      </trkpt>
      <trkpt lat="52.398347" lon="13.532725">
        <ele>49.679192</ele>
        <time>2026-07-05T12:30:33.000Z</time>
      </trkpt>
      <trkpt lat="52.398407" lon="13.532856">
        <ele>49.767266</ele>
        <time>2026-07-05T12:30:35.000Z</time>
      </trkpt>
      <trkpt lat="52.398535" lon="13.532943">
        <ele>49.889378</ele>
        <time>2026-07-05T12:30:38.000Z</time>
      </trkpt>
      <trkpt lat="52.398641" lon="13.532903">
        <ele>49.985231</ele>
        <time>2026-07-05T12:30:40.000Z</time>
      </trkpt>
      <trkpt lat="52.398740" lon="13.532875">
        <ele>50.073762</ele>
        <time>2026-07-05T12:30:42.000Z</time>
      </trkpt>
      <trkpt lat="52.398837" lon="13.532852">
        <ele>50.160130</ele>
        <time>2026-07-05T12:30:44.000Z</time>
      </trkpt>
      <trkpt lat="52.398933" lon="13.532833">
        <ele>50.245342</ele>
        <time>2026-07-05T12:30:46.000Z</time>
      </trkpt>
      <trkpt lat="52.399065" lon="13.532813">
        <ele>50.362159</ele>
        <time>2026-07-05T12:30:49.000Z</time>
      </trkpt>
      <trkpt lat="52.399156" lon="13.532783">
        <ele>50.443956</ele>
        <time>2026-07-05T12:30:51.000Z</time>
      </trkpt>
      <trkpt lat="52.399250" lon="13.532754">
        <ele>50.528246</ele>
        <time>2026-07-05T12:30:53.000Z</time>
      </trkpt>
      <trkpt lat="52.399343" lon="13.532792">
        <ele>50.630228</ele>
        <time>2026-07-05T12:30:55.000Z</time>
      </trkpt>
      <trkpt lat="52.399444" lon="13.532808">
        <ele>50.739744</ele>
        <time>2026-07-05T12:30:57.000Z</time>
      </trkpt>
      <trkpt lat="52.399543" lon="13.532814">
        <ele>50.846665</ele>
        <time>2026-07-05T12:30:59.000Z</time>
      </trkpt>
      <trkpt lat="52.399641" lon="13.532780">
        <ele>50.954779</ele>
        <time>2026-07-05T12:31:01.000Z</time>
      </trkpt>
      <trkpt lat="52.399731" lon="13.532754">
        <ele>51.053411</ele>
        <time>2026-07-05T12:31:03.000Z</time>
      </trkpt>
      <trkpt lat="52.399824" lon="13.532742">
        <ele>51.154095</ele>
        <time>2026-07-05T12:31:05.000Z</time>
      </trkpt>
      <trkpt lat="52.399915" lon="13.532717">
        <ele>51.253679</ele>
        <time>2026-07-05T12:31:07.000Z</time>
      </trkpt>
      <trkpt lat="52.400008" lon="13.532699">
        <ele>51.354750</ele>
        <time>2026-07-05T12:31:09.000Z</time>
      </trkpt>
      <trkpt lat="52.400103" lon="13.532701">
        <ele>51.457290</ele>
        <time>2026-07-05T12:31:11.000Z</time>
      </trkpt>
      <trkpt lat="52.400204" lon="13.532744">
        <ele>51.569915</ele>
        <time>2026-07-05T12:31:14.000Z</time>
      </trkpt>
      <trkpt lat="52.400179" lon="13.532890">
        <ele>51.669772</ele>
        <time>2026-07-05T12:31:16.000Z</time>
      </trkpt>
      <trkpt lat="52.400139" lon="13.533094">
        <ele>51.810876</ele>
        <time>2026-07-05T12:31:19.000Z</time>
      </trkpt>
      <trkpt lat="52.400123" lon="13.533304">
        <ele>51.950238</ele>
        <time>2026-07-05T12:31:22.000Z</time>
      </trkpt>
      <trkpt lat="52.400201" lon="13.533433">
        <ele>52.069834</ele>
        <time>2026-07-05T12:31:24.000Z</time>
      </trkpt>
      <trkpt lat="52.400322" lon="13.533264">
        <ele>52.241413</ele>
        <time>2026-07-05T12:31:26.000Z</time>
      </trkpt>
      <trkpt lat="52.400343" lon="13.533101">
        <ele>52.351118</ele>
        <time>2026-07-05T12:31:29.000Z</time>
      </trkpt>
      <trkpt lat="52.400365" lon="13.532928">
        <ele>52.467488</ele>
        <time>2026-07-05T12:31:32.000Z</time>
      </trkpt>
      <trkpt lat="52.400391" lon="13.532723">
        <ele>52.399776</ele>
        <time>2026-07-05T12:31:35.000Z</time>
      </trkpt>
      <trkpt lat="52.400417" lon="13.532526">
        <ele>52.321585</ele>
        <time>2026-07-05T12:31:38.000Z</time>
      </trkpt>
      <trkpt lat="52.400443" lon="13.532327">
        <ele>52.242636</ele>
        <time>2026-07-05T12:31:41.000Z</time>
      </trkpt>
      <trkpt lat="52.400468" lon="13.532138">
        <ele>52.167613</ele>
        <time>2026-07-05T12:31:44.000Z</time>
      </trkpt>
      <trkpt lat="52.400493" lon="13.531939">
        <ele>52.088794</ele>
        <time>2026-07-05T12:31:47.000Z</time>
      </trkpt>
      <trkpt lat="52.400523" lon="13.531713">
        <ele>51.999070</ele>
        <time>2026-07-05T12:31:50.000Z</time>
      </trkpt>
      <trkpt lat="52.400544" lon="13.531558">
        <ele>51.937476</ele>
        <time>2026-07-05T12:31:52.000Z</time>
      </trkpt>
      <trkpt lat="52.400565" lon="13.531390">
        <ele>51.870949</ele>
        <time>2026-07-05T12:31:54.000Z</time>
      </trkpt>
      <trkpt lat="52.400589" lon="13.531196">
        <ele>51.794158</ele>
        <time>2026-07-05T12:31:56.000Z</time>
      </trkpt>
      <trkpt lat="52.400610" lon="13.531004">
        <ele>51.718488</ele>
        <time>2026-07-05T12:31:58.000Z</time>
      </trkpt>
      <trkpt lat="52.400632" lon="13.530823">
        <ele>51.646892</ele>
        <time>2026-07-05T12:32:01.000Z</time>
      </trkpt>
      <trkpt lat="52.400767" lon="13.530869">
        <ele>51.559222</ele>
        <time>2026-07-05T12:32:06.000Z</time>
      </trkpt>
      <trkpt lat="52.400866" lon="13.530899">
        <ele>51.495209</ele>
        <time>2026-07-05T12:32:08.000Z</time>
      </trkpt>
      <trkpt lat="52.400966" lon="13.530935">
        <ele>51.430112</ele>
        <time>2026-07-05T12:32:10.000Z</time>
      </trkpt>
      <trkpt lat="52.401072" lon="13.530973">
        <ele>51.361122</ele>
        <time>2026-07-05T12:32:12.000Z</time>
      </trkpt>
      <trkpt lat="52.401183" lon="13.531022">
        <ele>51.278887</ele>
        <time>2026-07-05T12:32:14.000Z</time>
      </trkpt>
      <trkpt lat="52.401296" lon="13.531067">
        <ele>51.189706</ele>
        <time>2026-07-05T12:32:16.000Z</time>
      </trkpt>
      <trkpt lat="52.401415" lon="13.531113">
        <ele>51.095942</ele>
        <time>2026-07-05T12:32:18.000Z</time>
      </trkpt>
      <trkpt lat="52.401543" lon="13.531157">
        <ele>50.995644</ele>
        <time>2026-07-05T12:32:20.000Z</time>
      </trkpt>
      <trkpt lat="52.401672" lon="13.531203">
        <ele>50.894400</ele>
        <time>2026-07-05T12:32:22.000Z</time>
      </trkpt>
      <trkpt lat="52.401800" lon="13.531262">
        <ele>50.792429</ele>
        <time>2026-07-05T12:32:24.000Z</time>
      </trkpt>
      <trkpt lat="52.401928" lon="13.531316">
        <ele>50.691067</ele>
        <time>2026-07-05T12:32:26.000Z</time>
      </trkpt>
      <trkpt lat="52.402056" lon="13.531366">
        <ele>50.590155</ele>
        <time>2026-07-05T12:32:28.000Z</time>
      </trkpt>
      <trkpt lat="52.402183" lon="13.531419">
        <ele>50.489652</ele>
        <time>2026-07-05T12:32:30.000Z</time>
      </trkpt>
      <trkpt lat="52.402307" lon="13.531477">
        <ele>50.390760</ele>
        <time>2026-07-05T12:32:32.000Z</time>
      </trkpt>
      <trkpt lat="52.402432" lon="13.531540">
        <ele>50.290468</ele>
        <time>2026-07-05T12:32:34.000Z</time>
      </trkpt>
      <trkpt lat="52.402565" lon="13.531587">
        <ele>50.186127</ele>
        <time>2026-07-05T12:32:36.000Z</time>
      </trkpt>
      <trkpt lat="52.402694" lon="13.531648">
        <ele>50.083163</ele>
        <time>2026-07-05T12:32:38.000Z</time>
      </trkpt>
      <trkpt lat="52.402824" lon="13.531701">
        <ele>49.980429</ele>
        <time>2026-07-05T12:32:40.000Z</time>
      </trkpt>
      <trkpt lat="52.402952" lon="13.531759">
        <ele>49.887240</ele>
        <time>2026-07-05T12:32:42.000Z</time>
      </trkpt>
      <trkpt lat="52.403085" lon="13.531811">
        <ele>49.794576</ele>
        <time>2026-07-05T12:32:44.000Z</time>
      </trkpt>
      <trkpt lat="52.403211" lon="13.531856">
        <ele>49.707181</ele>
        <time>2026-07-05T12:32:46.000Z</time>
      </trkpt>
      <trkpt lat="52.403332" lon="13.531915">
        <ele>49.621626</ele>
        <time>2026-07-05T12:32:48.000Z</time>
      </trkpt>
      <trkpt lat="52.403448" lon="13.531903">
        <ele>49.542855</ele>
        <time>2026-07-05T12:32:50.000Z</time>
      </trkpt>
      <trkpt lat="52.403552" lon="13.531859">
        <ele>49.470064</ele>
        <time>2026-07-05T12:32:52.000Z</time>
      </trkpt>
      <trkpt lat="52.403655" lon="13.531876">
        <ele>49.399906</ele>
        <time>2026-07-05T12:32:54.000Z</time>
      </trkpt>
      <trkpt lat="52.403752" lon="13.531845">
        <ele>49.332931</ele>
        <time>2026-07-05T12:32:56.000Z</time>
      </trkpt>
      <trkpt lat="52.403852" lon="13.531836">
        <ele>49.265058</ele>
        <time>2026-07-05T12:32:58.000Z</time>
      </trkpt>
      <trkpt lat="52.403960" lon="13.531851">
        <ele>49.191603</ele>
        <time>2026-07-05T12:33:00.000Z</time>
      </trkpt>
      <trkpt lat="52.404058" lon="13.531818">
        <ele>49.123800</ele>
        <time>2026-07-05T12:33:02.000Z</time>
      </trkpt>
      <trkpt lat="52.404164" lon="13.531826">
        <ele>49.051887</ele>
        <time>2026-07-05T12:33:04.000Z</time>
      </trkpt>
      <trkpt lat="52.404272" lon="13.531816">
        <ele>48.978577</ele>
        <time>2026-07-05T12:33:06.000Z</time>
      </trkpt>
      <trkpt lat="52.404380" lon="13.531794">
        <ele>48.904822</ele>
        <time>2026-07-05T12:33:08.000Z</time>
      </trkpt>
      <trkpt lat="52.404493" lon="13.531786">
        <ele>48.828169</ele>
        <time>2026-07-05T12:33:10.000Z</time>
      </trkpt>
      <trkpt lat="52.404606" lon="13.531820">
        <ele>48.750308</ele>
        <time>2026-07-05T12:33:12.000Z</time>
      </trkpt>
      <trkpt lat="52.404716" lon="13.531848">
        <ele>48.700973</ele>
        <time>2026-07-05T12:33:14.000Z</time>
      </trkpt>
      <trkpt lat="52.404827" lon="13.531853">
        <ele>48.658910</ele>
        <time>2026-07-05T12:33:16.000Z</time>
      </trkpt>
      <trkpt lat="52.404921" lon="13.531828">
        <ele>48.622837</ele>
        <time>2026-07-05T12:33:18.000Z</time>
      </trkpt>
      <trkpt lat="52.405019" lon="13.531742">
        <ele>48.580729</ele>
        <time>2026-07-05T12:33:21.000Z</time>
      </trkpt>
      <trkpt lat="52.405082" lon="13.531577">
        <ele>48.535745</ele>
        <time>2026-07-05T12:33:24.000Z</time>
      </trkpt>
      <trkpt lat="52.405131" lon="13.531442">
        <ele>48.499443</ele>
        <time>2026-07-05T12:33:26.000Z</time>
      </trkpt>
      <trkpt lat="52.405241" lon="13.531439">
        <ele>48.457768</ele>
        <time>2026-07-05T12:33:28.000Z</time>
      </trkpt>
      <trkpt lat="52.405323" lon="13.531592">
        <ele>48.410704</ele>
        <time>2026-07-05T12:33:30.000Z</time>
      </trkpt>
      <trkpt lat="52.405424" lon="13.531704">
        <ele>48.364512</ele>
        <time>2026-07-05T12:33:32.000Z</time>
      </trkpt>
      <trkpt lat="52.405533" lon="13.531818">
        <ele>48.315534</ele>
        <time>2026-07-05T12:33:34.000Z</time>
      </trkpt>
      <trkpt lat="52.405646" lon="13.531936">
        <ele>48.264780</ele>
        <time>2026-07-05T12:33:36.000Z</time>
      </trkpt>
      <trkpt lat="52.405747" lon="13.532078">
        <ele>48.214376</ele>
        <time>2026-07-05T12:33:38.000Z</time>
      </trkpt>
      <trkpt lat="52.405851" lon="13.532211">
        <ele>48.164409</ele>
        <time>2026-07-05T12:33:40.000Z</time>
      </trkpt>
      <trkpt lat="52.405975" lon="13.532285">
        <ele>48.114421</ele>
        <time>2026-07-05T12:33:42.000Z</time>
      </trkpt>
      <trkpt lat="52.406081" lon="13.532400">
        <ele>48.066269</ele>
        <time>2026-07-05T12:33:44.000Z</time>
      </trkpt>
      <trkpt lat="52.406192" lon="13.532519">
        <ele>47.939368</ele>
        <time>2026-07-05T12:33:46.000Z</time>
      </trkpt>
      <trkpt lat="52.406300" lon="13.532640">
        <ele>47.786295</ele>
        <time>2026-07-05T12:33:48.000Z</time>
      </trkpt>
      <trkpt lat="52.406406" lon="13.532756">
        <ele>47.637159</ele>
        <time>2026-07-05T12:33:50.000Z</time>
      </trkpt>
      <trkpt lat="52.406521" lon="13.532849">
        <ele>47.487109</ele>
        <time>2026-07-05T12:33:52.000Z</time>
      </trkpt>
      <trkpt lat="52.406637" lon="13.532948">
        <ele>47.334078</ele>
        <time>2026-07-05T12:33:54.000Z</time>
      </trkpt>
      <trkpt lat="52.406773" lon="13.533008">
        <ele>47.169276</ele>
        <time>2026-07-05T12:33:56.000Z</time>
      </trkpt>
      <trkpt lat="52.406908" lon="13.533091">
        <ele>47.000562</ele>
        <time>2026-07-05T12:33:58.000Z</time>
      </trkpt>
      <trkpt lat="52.407049" lon="13.533154">
        <ele>46.829554</ele>
        <time>2026-07-05T12:34:00.000Z</time>
      </trkpt>
      <trkpt lat="52.407170" lon="13.533245">
        <ele>46.673778</ele>
        <time>2026-07-05T12:34:02.000Z</time>
      </trkpt>
      <trkpt lat="52.407301" lon="13.533318">
        <ele>46.511875</ele>
        <time>2026-07-05T12:34:04.000Z</time>
      </trkpt>
      <trkpt lat="52.407423" lon="13.533395">
        <ele>46.358902</ele>
        <time>2026-07-05T12:34:06.000Z</time>
      </trkpt>
      <trkpt lat="52.407552" lon="13.533472">
        <ele>46.198259</ele>
        <time>2026-07-05T12:34:08.000Z</time>
      </trkpt>
      <trkpt lat="52.407677" lon="13.533554">
        <ele>46.040715</ele>
        <time>2026-07-05T12:34:10.000Z</time>
      </trkpt>
      <trkpt lat="52.407806" lon="13.533630">
        <ele>45.927684</ele>
        <time>2026-07-05T12:34:12.000Z</time>
      </trkpt>
      <trkpt lat="52.407937" lon="13.533706">
        <ele>45.878762</ele>
        <time>2026-07-05T12:34:14.000Z</time>
      </trkpt>
      <trkpt lat="52.408069" lon="13.533762">
        <ele>45.830760</ele>
        <time>2026-07-05T12:34:16.000Z</time>
      </trkpt>
      <trkpt lat="52.408192" lon="13.533857">
        <ele>45.782892</ele>
        <time>2026-07-05T12:34:18.000Z</time>
      </trkpt>
      <trkpt lat="52.408316" lon="13.533938">
        <ele>45.735899</ele>
        <time>2026-07-05T12:34:20.000Z</time>
      </trkpt>
      <trkpt lat="52.408437" lon="13.534014">
        <ele>45.690281</ele>
        <time>2026-07-05T12:34:22.000Z</time>
      </trkpt>
      <trkpt lat="52.408555" lon="13.534070">
        <ele>45.647033</ele>
        <time>2026-07-05T12:34:24.000Z</time>
      </trkpt>
      <trkpt lat="52.408685" lon="13.533855">
        <ele>45.582021</ele>
        <time>2026-07-05T12:34:27.000Z</time>
      </trkpt>
      <trkpt lat="52.408715" lon="13.533663">
        <ele>45.539455</ele>
        <time>2026-07-05T12:34:29.000Z</time>
      </trkpt>
      <trkpt lat="52.408735" lon="13.533459">
        <ele>45.495082</ele>
        <time>2026-07-05T12:34:31.000Z</time>
      </trkpt>
      <trkpt lat="52.408767" lon="13.533257">
        <ele>45.450262</ele>
        <time>2026-07-05T12:34:33.000Z</time>
      </trkpt>
      <trkpt lat="52.408794" lon="13.533052">
        <ele>45.405221</ele>
        <time>2026-07-05T12:34:35.000Z</time>
      </trkpt>
      <trkpt lat="52.408831" lon="13.532855">
        <ele>45.360954</ele>
        <time>2026-07-05T12:34:37.000Z</time>
      </trkpt>
      <trkpt lat="52.408868" lon="13.532668">
        <ele>45.318734</ele>
        <time>2026-07-05T12:34:39.000Z</time>
      </trkpt>
      <trkpt lat="52.408897" lon="13.532480">
        <ele>45.269169</ele>
        <time>2026-07-05T12:34:41.000Z</time>
      </trkpt>
      <trkpt lat="52.408913" lon="13.532272">
        <ele>45.214704</ele>
        <time>2026-07-05T12:34:43.000Z</time>
      </trkpt>
      <trkpt lat="52.408950" lon="13.532079">
        <ele>45.162147</ele>
        <time>2026-07-05T12:34:45.000Z</time>
      </trkpt>
      <trkpt lat="52.408984" lon="13.531886">
        <ele>45.109958</ele>
        <time>2026-07-05T12:34:47.000Z</time>
      </trkpt>
      <trkpt lat="52.409011" lon="13.531694">
        <ele>45.058769</ele>
        <time>2026-07-05T12:34:49.000Z</time>
      </trkpt>
      <trkpt lat="52.409044" lon="13.531507">
        <ele>45.008196</ele>
        <time>2026-07-05T12:34:51.000Z</time>
      </trkpt>
      <trkpt lat="52.409070" lon="13.531307">
        <ele>44.955071</ele>
        <time>2026-07-05T12:34:53.000Z</time>
      </trkpt>
      <trkpt lat="52.409114" lon="13.531114">
        <ele>44.901544</ele>
        <time>2026-07-05T12:34:55.000Z</time>
      </trkpt>
      <trkpt lat="52.409144" lon="13.530923">
        <ele>44.850305</ele>
        <time>2026-07-05T12:34:57.000Z</time>
      </trkpt>
      <trkpt lat="52.409174" lon="13.530731">
        <ele>44.798815</ele>
        <time>2026-07-05T12:34:59.000Z</time>
      </trkpt>
      <trkpt lat="52.409187" lon="13.530542">
        <ele>44.749404</ele>
        <time>2026-07-05T12:35:01.000Z</time>
      </trkpt>
      <trkpt lat="52.409231" lon="13.530364">
        <ele>44.699508</ele>
        <time>2026-07-05T12:35:03.000Z</time>
      </trkpt>
      <trkpt lat="52.409249" lon="13.530171">
        <ele>44.648786</ele>
        <time>2026-07-05T12:35:05.000Z</time>
      </trkpt>
      <trkpt lat="52.409282" lon="13.529990">
        <ele>44.599709</ele>
        <time>2026-07-05T12:35:07.000Z</time>
      </trkpt>
      <trkpt lat="52.409313" lon="13.529806">
        <ele>44.550118</ele>
        <time>2026-07-05T12:35:09.000Z</time>
      </trkpt>
      <trkpt lat="52.409336" lon="13.529614">
        <ele>44.626681</ele>
        <time>2026-07-05T12:35:11.000Z</time>
      </trkpt>
      <trkpt lat="52.409375" lon="13.529436">
        <ele>44.703822</ele>
        <time>2026-07-05T12:35:13.000Z</time>
      </trkpt>
      <trkpt lat="52.409407" lon="13.529256">
        <ele>44.780292</ele>
        <time>2026-07-05T12:35:15.000Z</time>
      </trkpt>
      <trkpt lat="52.409432" lon="13.529068">
        <ele>44.858771</ele>
        <time>2026-07-05T12:35:17.000Z</time>
      </trkpt>
      <trkpt lat="52.409463" lon="13.528890">
        <ele>44.934272</ele>
        <time>2026-07-05T12:35:19.000Z</time>
      </trkpt>
      <trkpt lat="52.409488" lon="13.528710">
        <ele>45.009567</ele>
        <time>2026-07-05T12:35:21.000Z</time>
      </trkpt>
      <trkpt lat="52.409515" lon="13.528538">
        <ele>45.082005</ele>
        <time>2026-07-05T12:35:23.000Z</time>
      </trkpt>
      <trkpt lat="52.409540" lon="13.528368">
        <ele>45.153328</ele>
        <time>2026-07-05T12:35:25.000Z</time>
      </trkpt>
      <trkpt lat="52.409567" lon="13.528207">
        <ele>45.221430</ele>
        <time>2026-07-05T12:35:27.000Z</time>
      </trkpt>
      <trkpt lat="52.409593" lon="13.528048">
        <ele>45.288570</ele>
        <time>2026-07-05T12:35:29.000Z</time>
      </trkpt>
      <trkpt lat="52.409618" lon="13.527887">
        <ele>45.356330</ele>
        <time>2026-07-05T12:35:31.000Z</time>
      </trkpt>
      <trkpt lat="52.409643" lon="13.527728">
        <ele>45.423300</ele>
        <time>2026-07-05T12:35:33.000Z</time>
      </trkpt>
      <trkpt lat="52.409665" lon="13.527567">
        <ele>45.490593</ele>
        <time>2026-07-05T12:35:35.000Z</time>
      </trkpt>
      <trkpt lat="52.409695" lon="13.527405">
        <ele>45.559645</ele>
        <time>2026-07-05T12:35:37.000Z</time>
      </trkpt>
      <trkpt lat="52.409719" lon="13.527240">
        <ele>45.628829</ele>
        <time>2026-07-05T12:35:39.000Z</time>
      </trkpt>
      <trkpt lat="52.409735" lon="13.527082">
        <ele>45.694153</ele>
        <time>2026-07-05T12:35:41.000Z</time>
      </trkpt>
      <trkpt lat="52.409886" lon="13.527110">
        <ele>45.796250</ele>
        <time>2026-07-05T12:35:45.000Z</time>
      </trkpt>
      <trkpt lat="52.410002" lon="13.527180">
        <ele>45.879817</ele>
        <time>2026-07-05T12:35:48.000Z</time>
      </trkpt>
      <trkpt lat="52.410096" lon="13.527242">
        <ele>45.948316</ele>
        <time>2026-07-05T12:35:50.000Z</time>
      </trkpt>
      <trkpt lat="52.410195" lon="13.527308">
        <ele>46.020568</ele>
        <time>2026-07-05T12:35:52.000Z</time>
      </trkpt>
      <trkpt lat="52.410281" lon="13.527372">
        <ele>46.084419</ele>
        <time>2026-07-05T12:35:54.000Z</time>
      </trkpt>
      <trkpt lat="52.410388" lon="13.527439">
        <ele>46.161853</ele>
        <time>2026-07-05T12:35:57.000Z</time>
      </trkpt>
      <trkpt lat="52.410509" lon="13.527529">
        <ele>46.251682</ele>
        <time>2026-07-05T12:36:19.000Z</time>
      </trkpt>
      <trkpt lat="52.410599" lon="13.527566">
        <ele>46.314410</ele>
        <time>2026-07-05T12:36:23.000Z</time>
      </trkpt>
      <trkpt lat="52.410691" lon="13.527585">
        <ele>46.377099</ele>
        <time>2026-07-05T12:36:31.000Z</time>
      </trkpt>
      <trkpt lat="52.410806" lon="13.527667">
        <ele>46.461880</ele>
        <time>2026-07-05T12:36:34.000Z</time>
      </trkpt>
      <trkpt lat="52.410895" lon="13.527726">
        <ele>46.526782</ele>
        <time>2026-07-05T12:36:36.000Z</time>
      </trkpt>
      <trkpt lat="52.410995" lon="13.527792">
        <ele>46.599660</ele>
        <time>2026-07-05T12:36:38.000Z</time>
      </trkpt>
      <trkpt lat="52.411102" lon="13.527850">
        <ele>46.675850</ele>
        <time>2026-07-05T12:36:40.000Z</time>
      </trkpt>
      <trkpt lat="52.411208" lon="13.527898">
        <ele>46.750195</ele>
        <time>2026-07-05T12:36:42.000Z</time>
      </trkpt>
      <trkpt lat="52.411300" lon="13.527982">
        <ele>46.821387</ele>
        <time>2026-07-05T12:36:44.000Z</time>
      </trkpt>
      <trkpt lat="52.411403" lon="13.528055">
        <ele>46.897249</ele>
        <time>2026-07-05T12:36:46.000Z</time>
      </trkpt>
      <trkpt lat="52.411509" lon="13.528123">
        <ele>46.962787</ele>
        <time>2026-07-05T12:36:48.000Z</time>
      </trkpt>
      <trkpt lat="52.411619" lon="13.528183">
        <ele>46.909051</ele>
        <time>2026-07-05T12:36:50.000Z</time>
      </trkpt>
      <trkpt lat="52.411722" lon="13.528248">
        <ele>46.857893</ele>
        <time>2026-07-05T12:36:52.000Z</time>
      </trkpt>
      <trkpt lat="52.411819" lon="13.528312">
        <ele>46.809427</ele>
        <time>2026-07-05T12:36:54.000Z</time>
      </trkpt>
      <trkpt lat="52.411922" lon="13.528378">
        <ele>46.758167</ele>
        <time>2026-07-05T12:36:56.000Z</time>
      </trkpt>
      <trkpt lat="52.412024" lon="13.528437">
        <ele>46.708031</ele>
        <time>2026-07-05T12:36:58.000Z</time>
      </trkpt>
      <trkpt lat="52.412124" lon="13.528501">
        <ele>46.658272</ele>
        <time>2026-07-05T12:37:00.000Z</time>
      </trkpt>
      <trkpt lat="52.412222" lon="13.528573">
        <ele>46.608494</ele>
        <time>2026-07-05T12:37:03.000Z</time>
      </trkpt>
      <trkpt lat="52.412276" lon="13.528327">
        <ele>46.534574</ele>
        <time>2026-07-05T12:37:06.000Z</time>
      </trkpt>
      <trkpt lat="52.412313" lon="13.528111">
        <ele>46.471140</ele>
        <time>2026-07-05T12:37:09.000Z</time>
      </trkpt>
      <trkpt lat="52.412340" lon="13.527948">
        <ele>46.423385</ele>
        <time>2026-07-05T12:37:11.000Z</time>
      </trkpt>
      <trkpt lat="52.412373" lon="13.527784">
        <ele>46.374558</ele>
        <time>2026-07-05T12:37:13.000Z</time>
      </trkpt>
      <trkpt lat="52.412408" lon="13.527619">
        <ele>46.325167</ele>
        <time>2026-07-05T12:37:15.000Z</time>
      </trkpt>
      <trkpt lat="52.412438" lon="13.527450">
        <ele>46.275402</ele>
        <time>2026-07-05T12:37:17.000Z</time>
      </trkpt>
      <trkpt lat="52.412469" lon="13.527284">
        <ele>46.226317</ele>
        <time>2026-07-05T12:37:19.000Z</time>
      </trkpt>
      <trkpt lat="52.412501" lon="13.527109">
        <ele>46.174663</ele>
        <time>2026-07-05T12:37:21.000Z</time>
      </trkpt>
      <trkpt lat="52.412537" lon="13.526947">
        <ele>46.146376</ele>
        <time>2026-07-05T12:37:23.000Z</time>
      </trkpt>
      <trkpt lat="52.412569" lon="13.526782">
        <ele>46.225767</ele>
        <time>2026-07-05T12:37:25.000Z</time>
      </trkpt>
      <trkpt lat="52.412603" lon="13.526599">
        <ele>46.313485</ele>
        <time>2026-07-05T12:37:27.000Z</time>
      </trkpt>
      <trkpt lat="52.412635" lon="13.526415">
        <ele>46.401218</ele>
        <time>2026-07-05T12:37:29.000Z</time>
      </trkpt>
      <trkpt lat="52.412670" lon="13.526235">
        <ele>46.487847</ele>
        <time>2026-07-05T12:37:31.000Z</time>
      </trkpt>
      <trkpt lat="52.412705" lon="13.526054">
        <ele>46.574913</ele>
        <time>2026-07-05T12:37:33.000Z</time>
      </trkpt>
      <trkpt lat="52.412742" lon="13.525875">
        <ele>46.661576</ele>
        <time>2026-07-05T12:37:35.000Z</time>
      </trkpt>
      <trkpt lat="52.412772" lon="13.525689">
        <ele>46.749795</ele>
        <time>2026-07-05T12:37:37.000Z</time>
      </trkpt>
      <trkpt lat="52.412809" lon="13.525512">
        <ele>46.835589</ele>
        <time>2026-07-05T12:37:39.000Z</time>
      </trkpt>
      <trkpt lat="52.412841" lon="13.525341">
        <ele>46.917606</ele>
        <time>2026-07-05T12:37:41.000Z</time>
      </trkpt>
      <trkpt lat="52.412874" lon="13.525173">
        <ele>46.998535</ele>
        <time>2026-07-05T12:37:43.000Z</time>
      </trkpt>
      <trkpt lat="52.412905" lon="13.525006">
        <ele>47.078578</ele>
        <time>2026-07-05T12:37:45.000Z</time>
      </trkpt>
      <trkpt lat="52.412937" lon="13.524844">
        <ele>47.156659</ele>
        <time>2026-07-05T12:37:47.000Z</time>
      </trkpt>
      <trkpt lat="52.412965" lon="13.524680">
        <ele>47.234748</ele>
        <time>2026-07-05T12:37:49.000Z</time>
      </trkpt>
      <trkpt lat="52.412996" lon="13.524525">
        <ele>47.309544</ele>
        <time>2026-07-05T12:37:51.000Z</time>
      </trkpt>
      <trkpt lat="52.413025" lon="13.524360">
        <ele>47.388280</ele>
        <time>2026-07-05T12:37:53.000Z</time>
      </trkpt>
      <trkpt lat="52.413056" lon="13.524203">
        <ele>47.463948</ele>
        <time>2026-07-05T12:37:55.000Z</time>
      </trkpt>
      <trkpt lat="52.413087" lon="13.524051">
        <ele>47.582158</ele>
        <time>2026-07-05T12:37:57.000Z</time>
      </trkpt>
      <trkpt lat="52.413113" lon="13.523899">
        <ele>47.717264</ele>
        <time>2026-07-05T12:37:59.000Z</time>
      </trkpt>
      <trkpt lat="52.413139" lon="13.523734">
        <ele>47.863113</ele>
        <time>2026-07-05T12:38:01.000Z</time>
      </trkpt>
      <trkpt lat="52.413170" lon="13.523570">
        <ele>48.010055</ele>
        <time>2026-07-05T12:38:03.000Z</time>
      </trkpt>
      <trkpt lat="52.413196" lon="13.523422">
        <ele>48.141868</ele>
        <time>2026-07-05T12:38:05.000Z</time>
      </trkpt>
      <trkpt lat="52.413273" lon="13.523332">
        <ele>48.274552</ele>
        <time>2026-07-05T12:38:07.000Z</time>
      </trkpt>
      <trkpt lat="52.413383" lon="13.523376">
        <ele>48.433420</ele>
        <time>2026-07-05T12:38:09.000Z</time>
      </trkpt>
      <trkpt lat="52.413491" lon="13.523375">
        <ele>48.584956</ele>
        <time>2026-07-05T12:38:11.000Z</time>
      </trkpt>
      <trkpt lat="52.413599" lon="13.523375">
        <ele>48.736490</ele>
        <time>2026-07-05T12:38:13.000Z</time>
      </trkpt>
      <trkpt lat="52.413713" lon="13.523370">
        <ele>48.896500</ele>
        <time>2026-07-05T12:38:15.000Z</time>
      </trkpt>
      <trkpt lat="52.413830" lon="13.523377">
        <ele>49.060772</ele>
        <time>2026-07-05T12:38:17.000Z</time>
      </trkpt>
      <trkpt lat="52.413945" lon="13.523364">
        <ele>49.222511</ele>
        <time>2026-07-05T12:38:19.000Z</time>
      </trkpt>
      <trkpt lat="52.414054" lon="13.523338">
        <ele>49.377058</ele>
        <time>2026-07-05T12:38:21.000Z</time>
      </trkpt>
      <trkpt lat="52.414167" lon="13.523325">
        <ele>49.535998</ele>
        <time>2026-07-05T12:38:23.000Z</time>
      </trkpt>
      <trkpt lat="52.414277" lon="13.523334">
        <ele>49.690530</ele>
        <time>2026-07-05T12:38:25.000Z</time>
      </trkpt>
      <trkpt lat="52.414386" lon="13.523334">
        <ele>49.843468</ele>
        <time>2026-07-05T12:38:27.000Z</time>
      </trkpt>
      <trkpt lat="52.414495" lon="13.523326">
        <ele>49.996558</ele>
        <time>2026-07-05T12:38:29.000Z</time>
      </trkpt>
      <trkpt lat="52.414604" lon="13.523327">
        <ele>50.095423</ele>
        <time>2026-07-05T12:38:31.000Z</time>
      </trkpt>
      <trkpt lat="52.414713" lon="13.523327">
        <ele>50.189291</ele>
        <time>2026-07-05T12:38:33.000Z</time>
      </trkpt>
      <trkpt lat="52.414821" lon="13.523321">
        <ele>50.282352</ele>
        <time>2026-07-05T12:38:35.000Z</time>
      </trkpt>
      <trkpt lat="52.414928" lon="13.523309">
        <ele>50.374713</ele>
        <time>2026-07-05T12:38:37.000Z</time>
      </trkpt>
      <trkpt lat="52.415036" lon="13.523300">
        <ele>50.467840</ele>
        <time>2026-07-05T12:38:39.000Z</time>
      </trkpt>
      <trkpt lat="52.415141" lon="13.523294">
        <ele>50.558318</ele>
        <time>2026-07-05T12:38:41.000Z</time>
      </trkpt>
      <trkpt lat="52.415248" lon="13.523281">
        <ele>50.650717</ele>
        <time>2026-07-05T12:38:43.000Z</time>
      </trkpt>
      <trkpt lat="52.415379" lon="13.523488">
        <ele>50.807398</ele>
        <time>2026-07-05T12:38:45.000Z</time>
      </trkpt>
      <trkpt lat="52.415489" lon="13.523461">
        <ele>50.903183</ele>
        <time>2026-07-05T12:38:47.000Z</time>
      </trkpt>
      <trkpt lat="52.415600" lon="13.523432">
        <ele>50.999980</ele>
        <time>2026-07-05T12:38:49.000Z</time>
      </trkpt>
      <trkpt lat="52.415713" lon="13.523402">
        <ele>51.098560</ele>
        <time>2026-07-05T12:38:51.000Z</time>
      </trkpt>
      <trkpt lat="52.415827" lon="13.523371">
        <ele>51.198076</ele>
        <time>2026-07-05T12:38:53.000Z</time>
      </trkpt>
      <trkpt lat="52.415941" lon="13.523339">
        <ele>51.297678</ele>
        <time>2026-07-05T12:38:55.000Z</time>
      </trkpt>
      <trkpt lat="52.416058" lon="13.523305">
        <ele>51.400006</ele>
        <time>2026-07-05T12:38:57.000Z</time>
      </trkpt>
      <trkpt lat="52.416173" lon="13.523270">
        <ele>51.500734</ele>
        <time>2026-07-05T12:38:59.000Z</time>
      </trkpt>
      <trkpt lat="52.416290" lon="13.523234">
        <ele>51.555819</ele>
        <time>2026-07-05T12:39:01.000Z</time>
      </trkpt>
      <trkpt lat="52.416407" lon="13.523197">
        <ele>51.549816</ele>
        <time>2026-07-05T12:39:03.000Z</time>
      </trkpt>
      <trkpt lat="52.416527" lon="13.523158">
        <ele>51.543653</ele>
        <time>2026-07-05T12:39:05.000Z</time>
      </trkpt>
      <trkpt lat="52.416647" lon="13.523119">
        <ele>51.537490</ele>
        <time>2026-07-05T12:39:07.000Z</time>
      </trkpt>
      <trkpt lat="52.416767" lon="13.523079">
        <ele>51.531321</ele>
        <time>2026-07-05T12:39:09.000Z</time>
      </trkpt>
      <trkpt lat="52.416885" lon="13.523039">
        <ele>51.525250</ele>
        <time>2026-07-05T12:39:11.000Z</time>
      </trkpt>
      <trkpt lat="52.417003" lon="13.522999">
        <ele>51.519179</ele>
        <time>2026-07-05T12:39:13.000Z</time>
      </trkpt>
      <trkpt lat="52.417116" lon="13.522960">
        <ele>51.513362</ele>
        <time>2026-07-05T12:39:15.000Z</time>
      </trkpt>
      <trkpt lat="52.417232" lon="13.522920">
        <ele>51.507390</ele>
        <time>2026-07-05T12:39:17.000Z</time>
      </trkpt>
      <trkpt lat="52.417350" lon="13.522879">
        <ele>51.501313</ele>
        <time>2026-07-05T12:39:19.000Z</time>
      </trkpt>
      <trkpt lat="52.417471" lon="13.522837">
        <ele>51.495082</ele>
        <time>2026-07-05T12:39:21.000Z</time>
      </trkpt>
      <trkpt lat="52.417593" lon="13.522795">
        <ele>51.488802</ele>
        <time>2026-07-05T12:39:23.000Z</time>
      </trkpt>
      <trkpt lat="52.417718" lon="13.522751">
        <ele>51.482361</ele>
        <time>2026-07-05T12:39:25.000Z</time>
      </trkpt>
      <trkpt lat="52.417844" lon="13.522707">
        <ele>51.475871</ele>
        <time>2026-07-05T12:39:27.000Z</time>
      </trkpt>
      <trkpt lat="52.417968" lon="13.522664">
        <ele>51.469485</ele>
        <time>2026-07-05T12:39:29.000Z</time>
      </trkpt>
      <trkpt lat="52.418094" lon="13.522620">
        <ele>51.381309</ele>
        <time>2026-07-05T12:39:31.000Z</time>
      </trkpt>
      <trkpt lat="52.418219" lon="13.522576">
        <ele>51.265948</ele>
        <time>2026-07-05T12:39:33.000Z</time>
      </trkpt>
      <trkpt lat="52.418346" lon="13.522531">
        <ele>51.148707</ele>
        <time>2026-07-05T12:39:35.000Z</time>
      </trkpt>
      <trkpt lat="52.418470" lon="13.522489">
        <ele>51.034455</ele>
        <time>2026-07-05T12:39:37.000Z</time>
      </trkpt>
      <trkpt lat="52.418595" lon="13.522446">
        <ele>50.919209</ele>
        <time>2026-07-05T12:39:39.000Z</time>
      </trkpt>
      <trkpt lat="52.418720" lon="13.522403">
        <ele>50.803962</ele>
        <time>2026-07-05T12:39:41.000Z</time>
      </trkpt>
      <trkpt lat="52.418843" lon="13.522361">
        <ele>50.690594</ele>
        <time>2026-07-05T12:39:43.000Z</time>
      </trkpt>
      <trkpt lat="52.418960" lon="13.522321">
        <ele>50.582751</ele>
        <time>2026-07-05T12:39:45.000Z</time>
      </trkpt>
      <trkpt lat="52.419073" lon="13.522284">
        <ele>50.478775</ele>
        <time>2026-07-05T12:39:47.000Z</time>
      </trkpt>
      <trkpt lat="52.419190" lon="13.522245">
        <ele>50.371043</ele>
        <time>2026-07-05T12:39:49.000Z</time>
      </trkpt>
      <trkpt lat="52.419298" lon="13.522213">
        <ele>50.272013</ele>
        <time>2026-07-05T12:39:51.000Z</time>
      </trkpt>
      <trkpt lat="52.419408" lon="13.522181">
        <ele>50.171207</ele>
        <time>2026-07-05T12:39:53.000Z</time>
      </trkpt>
      <trkpt lat="52.419531" lon="13.522147">
        <ele>50.058654</ele>
        <time>2026-07-05T12:39:55.000Z</time>
      </trkpt>
      <trkpt lat="52.419661" lon="13.522113">
        <ele>49.939869</ele>
        <time>2026-07-05T12:39:57.000Z</time>
      </trkpt>
      <trkpt lat="52.419800" lon="13.522082">
        <ele>49.721742</ele>
        <time>2026-07-05T12:39:59.000Z</time>
      </trkpt>
      <trkpt lat="52.419938" lon="13.522054">
        <ele>49.232396</ele>
        <time>2026-07-05T12:40:01.000Z</time>
      </trkpt>
      <trkpt lat="52.420084" lon="13.522029">
        <ele>48.715807</ele>
        <time>2026-07-05T12:40:03.000Z</time>
      </trkpt>
      <trkpt lat="52.420233" lon="13.522005">
        <ele>48.188931</ele>
        <time>2026-07-05T12:40:05.000Z</time>
      </trkpt>
      <trkpt lat="52.420384" lon="13.521985">
        <ele>47.655809</ele>
        <time>2026-07-05T12:40:07.000Z</time>
      </trkpt>
      <trkpt lat="52.420774" lon="13.521955">
        <ele>46.281833</ele>
        <time>2026-07-05T12:40:12.000Z</time>
      </trkpt>
      <trkpt lat="52.420934" lon="13.521950">
        <ele>45.718668</ele>
        <time>2026-07-05T12:40:14.000Z</time>
      </trkpt>
      <trkpt lat="52.421092" lon="13.521947">
        <ele>45.162605</ele>
        <time>2026-07-05T12:40:16.000Z</time>
      </trkpt>
      <trkpt lat="52.421254" lon="13.521945">
        <ele>44.592488</ele>
        <time>2026-07-05T12:40:18.000Z</time>
      </trkpt>
      <trkpt lat="52.421414" lon="13.521943">
        <ele>44.029408</ele>
        <time>2026-07-05T12:40:20.000Z</time>
      </trkpt>
      <trkpt lat="52.421567" lon="13.521943">
        <ele>43.496374</ele>
        <time>2026-07-05T12:40:22.000Z</time>
      </trkpt>
      <trkpt lat="52.421715" lon="13.521942">
        <ele>43.091680</ele>
        <time>2026-07-05T12:40:24.000Z</time>
      </trkpt>
      <trkpt lat="52.421866" lon="13.521945">
        <ele>42.678756</ele>
        <time>2026-07-05T12:40:26.000Z</time>
      </trkpt>
      <trkpt lat="52.422022" lon="13.521947">
        <ele>42.252177</ele>
        <time>2026-07-05T12:40:28.000Z</time>
      </trkpt>
      <trkpt lat="52.422178" lon="13.521949">
        <ele>41.825598</ele>
        <time>2026-07-05T12:40:30.000Z</time>
      </trkpt>
      <trkpt lat="52.422332" lon="13.521950">
        <ele>41.404498</ele>
        <time>2026-07-05T12:40:32.000Z</time>
      </trkpt>
      <trkpt lat="52.422485" lon="13.521951">
        <ele>40.986132</ele>
        <time>2026-07-05T12:40:34.000Z</time>
      </trkpt>
      <trkpt lat="52.422636" lon="13.521950">
        <ele>40.573235</ele>
        <time>2026-07-05T12:40:36.000Z</time>
      </trkpt>
      <trkpt lat="52.422786" lon="13.521947">
        <ele>40.163045</ele>
        <time>2026-07-05T12:40:38.000Z</time>
      </trkpt>
      <trkpt lat="52.422931" lon="13.521943">
        <ele>39.766502</ele>
        <time>2026-07-05T12:40:40.000Z</time>
      </trkpt>
      <trkpt lat="52.423076" lon="13.521935">
        <ele>39.369790</ele>
        <time>2026-07-05T12:40:42.000Z</time>
      </trkpt>
      <trkpt lat="52.423213" lon="13.521927">
        <ele>38.994940</ele>
        <time>2026-07-05T12:40:44.000Z</time>
      </trkpt>
      <trkpt lat="52.423342" lon="13.521919">
        <ele>38.641951</ele>
        <time>2026-07-05T12:40:46.000Z</time>
      </trkpt>
      <trkpt lat="52.423455" lon="13.521911">
        <ele>38.699594</ele>
        <time>2026-07-05T12:40:48.000Z</time>
      </trkpt>
      <trkpt lat="52.423563" lon="13.521898">
        <ele>38.814573</ele>
        <time>2026-07-05T12:40:50.000Z</time>
      </trkpt>
      <trkpt lat="52.423677" lon="13.521878">
        <ele>38.936305</ele>
        <time>2026-07-05T12:41:06.000Z</time>
      </trkpt>
      <trkpt lat="52.423796" lon="13.521854">
        <ele>39.063607</ele>
        <time>2026-07-05T12:41:12.000Z</time>
      </trkpt>
      <trkpt lat="52.423904" lon="13.521833">
        <ele>39.179081</ele>
        <time>2026-07-05T12:41:15.000Z</time>
      </trkpt>
      <trkpt lat="52.423994" lon="13.521813">
        <ele>39.275513</ele>
        <time>2026-07-05T12:41:17.000Z</time>
      </trkpt>
      <trkpt lat="52.424096" lon="13.521790">
        <ele>39.384832</ele>
        <time>2026-07-05T12:41:19.000Z</time>
      </trkpt>
      <trkpt lat="52.424192" lon="13.521765">
        <ele>39.488038</ele>
        <time>2026-07-05T12:41:21.000Z</time>
      </trkpt>
      <trkpt lat="52.424295" lon="13.521737">
        <ele>39.598893</ele>
        <time>2026-07-05T12:41:23.000Z</time>
      </trkpt>
      <trkpt lat="52.424352" lon="13.521259">
        <ele>39.914247</ele>
        <time>2026-07-05T12:41:25.000Z</time>
      </trkpt>
      <trkpt lat="52.424459" lon="13.521232">
        <ele>40.029193</ele>
        <time>2026-07-05T12:41:27.000Z</time>
      </trkpt>
      <trkpt lat="52.424572" lon="13.521197">
        <ele>40.151293</ele>
        <time>2026-07-05T12:41:29.000Z</time>
      </trkpt>
      <trkpt lat="52.424684" lon="13.521163">
        <ele>40.272232</ele>
        <time>2026-07-05T12:41:31.000Z</time>
      </trkpt>
      <trkpt lat="52.424793" lon="13.521127">
        <ele>40.390288</ele>
        <time>2026-07-05T12:41:33.000Z</time>
      </trkpt>
      <trkpt lat="52.424894" lon="13.521090">
        <ele>40.500169</ele>
        <time>2026-07-05T12:41:35.000Z</time>
      </trkpt>
      <trkpt lat="52.424993" lon="13.521050">
        <ele>40.533234</ele>
        <time>2026-07-05T12:41:37.000Z</time>
      </trkpt>
      <trkpt lat="52.425086" lon="13.521003">
        <ele>40.560182</ele>
        <time>2026-07-05T12:41:39.000Z</time>
      </trkpt>
      <trkpt lat="52.425176" lon="13.520967">
        <ele>40.585834</ele>
        <time>2026-07-05T12:41:41.000Z</time>
      </trkpt>
      <trkpt lat="52.425263" lon="13.520922">
        <ele>40.611096</ele>
        <time>2026-07-05T12:41:43.000Z</time>
      </trkpt>
      <trkpt lat="52.425351" lon="13.520873">
        <ele>40.636830</ele>
        <time>2026-07-05T12:41:45.000Z</time>
      </trkpt>
      <trkpt lat="52.425437" lon="13.520824">
        <ele>40.662041</ele>
        <time>2026-07-05T12:41:47.000Z</time>
      </trkpt>
      <trkpt lat="52.425562" lon="13.520745">
        <ele>40.699136</ele>
        <time>2026-07-05T12:41:50.000Z</time>
      </trkpt>
      <trkpt lat="52.425647" lon="13.520693">
        <ele>40.724258</ele>
        <time>2026-07-05T12:41:52.000Z</time>
      </trkpt>
      <trkpt lat="52.425730" lon="13.520639">
        <ele>40.748984</ele>
        <time>2026-07-05T12:41:54.000Z</time>
      </trkpt>
      <trkpt lat="52.425819" lon="13.520562">
        <ele>40.776849</ele>
        <time>2026-07-05T12:41:56.000Z</time>
      </trkpt>
      <trkpt lat="52.425907" lon="13.520487">
        <ele>40.804311</ele>
        <time>2026-07-05T12:41:58.000Z</time>
      </trkpt>
      <trkpt lat="52.425989" lon="13.520389">
        <ele>40.832408</ele>
        <time>2026-07-05T12:42:00.000Z</time>
      </trkpt>
      <trkpt lat="52.426078" lon="13.520295">
        <ele>40.861722</ele>
        <time>2026-07-05T12:42:02.000Z</time>
      </trkpt>
      <trkpt lat="52.426160" lon="13.520205">
        <ele>40.889045</ele>
        <time>2026-07-05T12:42:04.000Z</time>
      </trkpt>
      <trkpt lat="52.426234" lon="13.520119">
        <ele>40.914160</ele>
        <time>2026-07-05T12:42:06.000Z</time>
      </trkpt>
      <trkpt lat="52.426296" lon="13.520012">
        <ele>40.939084</ele>
        <time>2026-07-05T12:42:08.000Z</time>
      </trkpt>
      <trkpt lat="52.426377" lon="13.519917">
        <ele>40.966659</ele>
        <time>2026-07-05T12:42:10.000Z</time>
      </trkpt>
      <trkpt lat="52.426456" lon="13.519817">
        <ele>40.994294</ele>
        <time>2026-07-05T12:42:12.000Z</time>
      </trkpt>
      <trkpt lat="52.426533" lon="13.519707">
        <ele>40.867337</ele>
        <time>2026-07-05T12:42:14.000Z</time>
      </trkpt>
      <trkpt lat="52.426607" lon="13.519588">
        <ele>40.645807</ele>
        <time>2026-07-05T12:42:16.000Z</time>
      </trkpt>
      <trkpt lat="52.426685" lon="13.519472">
        <ele>40.420739</ele>
        <time>2026-07-05T12:42:18.000Z</time>
      </trkpt>
      <trkpt lat="52.426754" lon="13.519349">
        <ele>40.202902</ele>
        <time>2026-07-05T12:42:20.000Z</time>
      </trkpt>
      <trkpt lat="52.426816" lon="13.519226">
        <ele>39.994903</ele>
        <time>2026-07-05T12:42:22.000Z</time>
      </trkpt>
      <trkpt lat="52.426875" lon="13.519111">
        <ele>39.799019</ele>
        <time>2026-07-05T12:42:24.000Z</time>
      </trkpt>
      <trkpt lat="52.426938" lon="13.518994">
        <ele>39.595579</ele>
        <time>2026-07-05T12:42:26.000Z</time>
      </trkpt>
      <trkpt lat="52.426998" lon="13.518868">
        <ele>39.387210</ele>
        <time>2026-07-05T12:42:28.000Z</time>
      </trkpt>
      <trkpt lat="52.427056" lon="13.518750">
        <ele>39.189667</ele>
        <time>2026-07-05T12:42:30.000Z</time>
      </trkpt>
      <trkpt lat="52.427130" lon="13.518567">
        <ele>38.903470</ele>
        <time>2026-07-05T12:42:33.000Z</time>
      </trkpt>
      <trkpt lat="52.427186" lon="13.518436">
        <ele>38.694951</ele>
        <time>2026-07-05T12:42:35.000Z</time>
      </trkpt>
      <trkpt lat="52.427242" lon="13.518295">
        <ele>38.475632</ele>
        <time>2026-07-05T12:42:37.000Z</time>
      </trkpt>
      <trkpt lat="52.427303" lon="13.518133">
        <ele>38.227474</ele>
        <time>2026-07-05T12:42:40.000Z</time>
      </trkpt>
      <trkpt lat="52.427219" lon="13.518227">
        <ele>38.010108</ele>
        <time>2026-07-05T12:42:51.000Z</time>
      </trkpt>
      <trkpt lat="52.427164" lon="13.518370">
        <ele>37.789748</ele>
        <time>2026-07-05T12:42:54.000Z</time>
      </trkpt>
      <trkpt lat="52.427091" lon="13.518548">
        <ele>37.510158</ele>
        <time>2026-07-05T12:42:57.000Z</time>
      </trkpt>
      <trkpt lat="52.427061" lon="13.518737">
        <ele>37.255612</ele>
        <time>2026-07-05T12:43:00.000Z</time>
      </trkpt>
      <trkpt lat="52.427064" lon="13.518890">
        <ele>37.103755</ele>
        <time>2026-07-05T12:43:02.000Z</time>
      </trkpt>
      <trkpt lat="52.427080" lon="13.519056">
        <ele>36.984978</ele>
        <time>2026-07-05T12:43:04.000Z</time>
      </trkpt>
      <trkpt lat="52.427093" lon="13.519228">
        <ele>36.862487</ele>
        <time>2026-07-05T12:43:06.000Z</time>
      </trkpt>
      <trkpt lat="52.427092" lon="13.519415">
        <ele>36.730319</ele>
        <time>2026-07-05T12:43:08.000Z</time>
      </trkpt>
      <trkpt lat="52.427064" lon="13.519576">
        <ele>36.611995</ele>
        <time>2026-07-05T12:43:10.000Z</time>
      </trkpt>
      <trkpt lat="52.427016" lon="13.519719">
        <ele>36.496629</ele>
        <time>2026-07-05T12:43:12.000Z</time>
      </trkpt>
      <trkpt lat="52.426938" lon="13.519852">
        <ele>36.366211</ele>
        <time>2026-07-05T12:43:15.000Z</time>
      </trkpt>
      <trkpt lat="52.426825" lon="13.519916">
        <ele>36.227648</ele>
        <time>2026-07-05T12:43:17.000Z</time>
      </trkpt>
      <trkpt lat="52.426716" lon="13.520003">
        <ele>36.087144</ele>
        <time>2026-07-05T12:43:19.000Z</time>
      </trkpt>
      <trkpt lat="52.426617" lon="13.519985">
        <ele>35.971696</ele>
        <time>2026-07-05T12:43:22.000Z</time>
      </trkpt>
      <trkpt lat="52.426817" lon="13.519795">
        <ele>35.703801</ele>
        <time>2026-07-05T12:43:23.000Z</time>
      </trkpt>
      <trkpt lat="52.426831" lon="13.519585">
        <ele>35.554499</ele>
        <time>2026-07-05T12:43:26.000Z</time>
      </trkpt>
      <trkpt lat="52.426842" lon="13.519427">
        <ele>35.442106</ele>
        <time>2026-07-05T12:43:28.000Z</time>
      </trkpt>
      <trkpt lat="52.426855" lon="13.519237">
        <ele>35.306980</ele>
        <time>2026-07-05T12:43:31.000Z</time>
      </trkpt>
      <trkpt lat="52.426865" lon="13.519089">
        <ele>35.201740</ele>
        <time>2026-07-05T12:43:38.000Z</time>
      </trkpt>
      <trkpt lat="52.426855" lon="13.519236">
        <ele>35.097203</ele>
        <time>2026-07-05T12:43:46.000Z</time>
      </trkpt>
      <trkpt lat="52.426844" lon="13.519396">
        <ele>35.195385</ele>
        <time>2026-07-05T12:43:49.000Z</time>
      </trkpt>
      <trkpt lat="52.426832" lon="13.519581">
        <ele>35.366519</ele>
        <time>2026-07-05T12:43:52.000Z</time>
      </trkpt>
      <trkpt lat="52.426821" lon="13.519748">
        <ele>35.521029</ele>
        <time>2026-07-05T12:43:55.000Z</time>
      </trkpt>
      <trkpt lat="52.427168" lon="13.520040">
        <ele>36.109376</ele>
        <time>2026-07-05T12:45:03.000Z</time>
      </trkpt>
      <trkpt lat="52.427272" lon="13.519810">
        <ele>36.372763</ele>
        <time>2026-07-05T12:45:06.000Z</time>
      </trkpt>
      <trkpt lat="52.427364" lon="13.519788">
        <ele>36.513015</ele>
        <time>2026-07-05T12:45:08.000Z</time>
      </trkpt>
      <trkpt lat="52.427452" lon="13.519749">
        <ele>36.650527</ele>
        <time>2026-07-05T12:45:10.000Z</time>
      </trkpt>
      <trkpt lat="52.427552" lon="13.519729">
        <ele>36.802497</ele>
        <time>2026-07-05T12:45:12.000Z</time>
      </trkpt>
      <trkpt lat="52.427644" lon="13.519701">
        <ele>36.943650</ele>
        <time>2026-07-05T12:45:14.000Z</time>
      </trkpt>
      <trkpt lat="52.427776" lon="13.519643">
        <ele>37.149798</ele>
        <time>2026-07-05T12:45:17.000Z</time>
      </trkpt>
      <trkpt lat="52.427902" lon="13.519611">
        <ele>37.342137</ele>
        <time>2026-07-05T12:45:20.000Z</time>
      </trkpt>
      <trkpt lat="52.428028" lon="13.519555">
        <ele>37.539067</ele>
        <time>2026-07-05T12:45:23.000Z</time>
      </trkpt>
      <trkpt lat="52.428137" lon="13.519465">
        <ele>37.723160</ele>
        <time>2026-07-05T12:45:26.000Z</time>
      </trkpt>
      <trkpt lat="52.428156" lon="13.519263">
        <ele>37.813310</ele>
        <time>2026-07-05T12:45:29.000Z</time>
      </trkpt>
      <trkpt lat="52.428192" lon="13.519061">
        <ele>37.852083</ele>
        <time>2026-07-05T12:45:32.000Z</time>
      </trkpt>
      <trkpt lat="52.428154" lon="13.518910">
        <ele>37.882179</ele>
        <time>2026-07-05T12:45:34.000Z</time>
      </trkpt>
      <trkpt lat="52.428188" lon="13.518712">
        <ele>37.920077</ele>
        <time>2026-07-05T12:45:37.000Z</time>
      </trkpt>
      <trkpt lat="52.428228" lon="13.518565">
        <ele>37.949735</ele>
        <time>2026-07-05T12:45:39.000Z</time>
      </trkpt>
      <trkpt lat="52.428284" lon="13.518367">
        <ele>37.989947</ele>
        <time>2026-07-05T12:45:42.000Z</time>
      </trkpt>
      <trkpt lat="52.428288" lon="13.518212">
        <ele>38.018529</ele>
        <time>2026-07-05T12:45:44.000Z</time>
      </trkpt>
      <trkpt lat="52.428327" lon="13.518061">
        <ele>38.048742</ele>
        <time>2026-07-05T12:45:46.000Z</time>
      </trkpt>
      <trkpt lat="52.428442" lon="13.517960">
        <ele>38.088158</ele>
        <time>2026-07-05T12:45:48.000Z</time>
      </trkpt>
      <trkpt lat="52.428474" lon="13.517801">
        <ele>38.119006</ele>
        <time>2026-07-05T12:45:50.000Z</time>
      </trkpt>
      <trkpt lat="52.428608" lon="13.517681">
        <ele>38.165137</ele>
        <time>2026-07-05T12:45:52.000Z</time>
      </trkpt>
      <trkpt lat="52.428638" lon="13.517508">
        <ele>38.198274</ele>
        <time>2026-07-05T12:45:54.000Z</time>
      </trkpt>
      <trkpt lat="52.428669" lon="13.517332">
        <ele>38.232025</ele>
        <time>2026-07-05T12:45:56.000Z</time>
      </trkpt>
      <trkpt lat="52.428699" lon="13.517157">
        <ele>38.265516</ele>
        <time>2026-07-05T12:45:58.000Z</time>
      </trkpt>
      <trkpt lat="52.428732" lon="13.516971">
        <ele>38.301205</ele>
        <time>2026-07-05T12:46:00.000Z</time>
      </trkpt>
      <trkpt lat="52.428764" lon="13.516789">
        <ele>38.328052</ele>
        <time>2026-07-05T12:46:02.000Z</time>
      </trkpt>
      <trkpt lat="52.428793" lon="13.516620">
        <ele>38.292591</ele>
        <time>2026-07-05T12:46:04.000Z</time>
      </trkpt>
      <trkpt lat="52.428822" lon="13.516454">
        <ele>38.257712</ele>
        <time>2026-07-05T12:46:06.000Z</time>
      </trkpt>
      <trkpt lat="52.428851" lon="13.516288">
        <ele>38.222833</ele>
        <time>2026-07-05T12:46:08.000Z</time>
      </trkpt>
      <trkpt lat="52.428879" lon="13.516121">
        <ele>38.187850</ele>
        <time>2026-07-05T12:46:10.000Z</time>
      </trkpt>
      <trkpt lat="52.428905" lon="13.515969">
        <ele>38.155963</ele>
        <time>2026-07-05T12:46:12.000Z</time>
      </trkpt>
      <trkpt lat="52.428930" lon="13.515826">
        <ele>38.125915</ele>
        <time>2026-07-05T12:46:14.000Z</time>
      </trkpt>
      <trkpt lat="52.428956" lon="13.515681">
        <ele>38.095387</ele>
        <time>2026-07-05T12:46:16.000Z</time>
      </trkpt>
      <trkpt lat="52.428987" lon="13.515499">
        <ele>38.057219</ele>
        <time>2026-07-05T12:46:19.000Z</time>
      </trkpt>
      <trkpt lat="52.429084" lon="13.515434">
        <ele>38.022508</ele>
        <time>2026-07-05T12:46:35.000Z</time>
      </trkpt>
      <trkpt lat="52.429279" lon="13.515533">
        <ele>37.954888</ele>
        <time>2026-07-05T12:46:36.000Z</time>
      </trkpt>
      <trkpt lat="52.429366" lon="13.515582">
        <ele>37.924416</ele>
        <time>2026-07-05T12:46:38.000Z</time>
      </trkpt>
      <trkpt lat="52.429460" lon="13.515622">
        <ele>37.892246</ele>
        <time>2026-07-05T12:46:40.000Z</time>
      </trkpt>
      <trkpt lat="52.429581" lon="13.515682">
        <ele>37.850372</ele>
        <time>2026-07-05T12:46:43.000Z</time>
      </trkpt>
      <trkpt lat="52.429694" lon="13.515728">
        <ele>37.811803</ele>
        <time>2026-07-05T12:46:46.000Z</time>
      </trkpt>
      <trkpt lat="52.429830" lon="13.515787">
        <ele>37.765202</ele>
        <time>2026-07-05T12:46:49.000Z</time>
      </trkpt>
      <trkpt lat="52.429938" lon="13.515829">
        <ele>37.726234</ele>
        <time>2026-07-05T12:46:51.000Z</time>
      </trkpt>
      <trkpt lat="52.430035" lon="13.515875">
        <ele>37.683596</ele>
        <time>2026-07-05T12:46:53.000Z</time>
      </trkpt>
      <trkpt lat="52.430132" lon="13.515920">
        <ele>37.641028</ele>
        <time>2026-07-05T12:46:55.000Z</time>
      </trkpt>
      <trkpt lat="52.430231" lon="13.515968">
        <ele>37.597434</ele>
        <time>2026-07-05T12:46:57.000Z</time>
      </trkpt>
      <trkpt lat="52.430339" lon="13.516012">
        <ele>37.550443</ele>
        <time>2026-07-05T12:46:59.000Z</time>
      </trkpt>
      <trkpt lat="52.430441" lon="13.516065">
        <ele>37.505261</ele>
        <time>2026-07-05T12:47:01.000Z</time>
      </trkpt>
      <trkpt lat="52.430552" lon="13.516108">
        <ele>37.457099</ele>
        <time>2026-07-05T12:47:03.000Z</time>
      </trkpt>
      <trkpt lat="52.430656" lon="13.516169">
        <ele>37.410458</ele>
        <time>2026-07-05T12:47:05.000Z</time>
      </trkpt>
      <trkpt lat="52.430770" lon="13.516215">
        <ele>37.360883</ele>
        <time>2026-07-05T12:47:07.000Z</time>
      </trkpt>
      <trkpt lat="52.430883" lon="13.516270">
        <ele>37.311110</ele>
        <time>2026-07-05T12:47:09.000Z</time>
      </trkpt>
      <trkpt lat="52.430994" lon="13.516311">
        <ele>37.263063</ele>
        <time>2026-07-05T12:47:11.000Z</time>
      </trkpt>
      <trkpt lat="52.431102" lon="13.516364">
        <ele>37.215460</ele>
        <time>2026-07-05T12:47:13.000Z</time>
      </trkpt>
      <trkpt lat="52.431212" lon="13.516425">
        <ele>37.166426</ele>
        <time>2026-07-05T12:47:15.000Z</time>
      </trkpt>
      <trkpt lat="52.431298" lon="13.516473">
        <ele>37.128066</ele>
        <time>2026-07-05T12:47:17.000Z</time>
      </trkpt>
      <trkpt lat="52.431399" lon="13.516515">
        <ele>37.084066</ele>
        <time>2026-07-05T12:47:19.000Z</time>
      </trkpt>
      <trkpt lat="52.431484" lon="13.516459">
        <ele>37.045386</ele>
        <time>2026-07-05T12:47:21.000Z</time>
      </trkpt>
      <trkpt lat="52.431544" lon="13.516338">
        <ele>37.005230</ele>
        <time>2026-07-05T12:47:23.000Z</time>
      </trkpt>
      <trkpt lat="52.431633" lon="13.516236">
        <ele>36.978382</ele>
        <time>2026-07-05T12:47:26.000Z</time>
      </trkpt>
      <trkpt lat="52.431710" lon="13.516125">
        <ele>36.981988</ele>
        <time>2026-07-05T12:47:49.000Z</time>
      </trkpt>
      <trkpt lat="52.431796" lon="13.515993">
        <ele>36.986130</ele>
        <time>2026-07-05T12:47:52.000Z</time>
      </trkpt>
      <trkpt lat="52.431866" lon="13.515884">
        <ele>36.989525</ele>
        <time>2026-07-05T12:47:54.000Z</time>
      </trkpt>
      <trkpt lat="52.431947" lon="13.515770">
        <ele>36.993279</ele>
        <time>2026-07-05T12:47:56.000Z</time>
      </trkpt>
      <trkpt lat="52.432032" lon="13.515649">
        <ele>36.997237</ele>
        <time>2026-07-05T12:47:58.000Z</time>
      </trkpt>
      <trkpt lat="52.432125" lon="13.515523">
        <ele>37.001479</ele>
        <time>2026-07-05T12:48:00.000Z</time>
      </trkpt>
      <trkpt lat="52.432211" lon="13.515395">
        <ele>37.005564</ele>
        <time>2026-07-05T12:48:02.000Z</time>
      </trkpt>
      <trkpt lat="52.432299" lon="13.515272">
        <ele>37.009630</ele>
        <time>2026-07-05T12:48:04.000Z</time>
      </trkpt>
      <trkpt lat="52.432384" lon="13.515139">
        <ele>37.013762</ele>
        <time>2026-07-05T12:48:06.000Z</time>
      </trkpt>
      <trkpt lat="52.432478" lon="13.515012">
        <ele>37.018045</ele>
        <time>2026-07-05T12:48:08.000Z</time>
      </trkpt>
      <trkpt lat="52.432568" lon="13.514871">
        <ele>37.022422</ele>
        <time>2026-07-05T12:48:10.000Z</time>
      </trkpt>
      <trkpt lat="52.432657" lon="13.514737">
        <ele>37.026671</ele>
        <time>2026-07-05T12:48:12.000Z</time>
      </trkpt>
      <trkpt lat="52.432744" lon="13.514604">
        <ele>37.030854</ele>
        <time>2026-07-05T12:48:14.000Z</time>
      </trkpt>
      <trkpt lat="52.432836" lon="13.514479">
        <ele>37.035056</ele>
        <time>2026-07-05T12:48:16.000Z</time>
      </trkpt>
      <trkpt lat="52.432922" lon="13.514354">
        <ele>37.039097</ele>
        <time>2026-07-05T12:48:18.000Z</time>
      </trkpt>
      <trkpt lat="52.433006" lon="13.514221">
        <ele>37.093205</ele>
        <time>2026-07-05T12:48:20.000Z</time>
      </trkpt>
      <trkpt lat="52.433094" lon="13.514092">
        <ele>37.166002</ele>
        <time>2026-07-05T12:48:22.000Z</time>
      </trkpt>
      <trkpt lat="52.433182" lon="13.513967">
        <ele>37.237804</ele>
        <time>2026-07-05T12:48:24.000Z</time>
      </trkpt>
      <trkpt lat="52.433271" lon="13.513829">
        <ele>37.313345</ele>
        <time>2026-07-05T12:48:26.000Z</time>
      </trkpt>
      <trkpt lat="52.433379" lon="13.513745">
        <ele>37.387069</ele>
        <time>2026-07-05T12:48:28.000Z</time>
      </trkpt>
      <trkpt lat="52.433505" lon="13.513743">
        <ele>37.464788</ele>
        <time>2026-07-05T12:48:30.000Z</time>
      </trkpt>
      <trkpt lat="52.433625" lon="13.513732">
        <ele>37.538918</ele>
        <time>2026-07-05T12:48:32.000Z</time>
      </trkpt>
      <trkpt lat="52.433738" lon="13.513719">
        <ele>37.608786</ele>
        <time>2026-07-05T12:48:34.000Z</time>
      </trkpt>
      <trkpt lat="52.433852" lon="13.513693">
        <ele>37.679777</ele>
        <time>2026-07-05T12:48:37.000Z</time>
      </trkpt>
      <trkpt lat="52.433948" lon="13.513692">
        <ele>37.738990</ele>
        <time>2026-07-05T12:48:42.000Z</time>
      </trkpt>
      <trkpt lat="52.434045" lon="13.513675">
        <ele>37.799159</ele>
        <time>2026-07-05T12:48:46.000Z</time>
      </trkpt>
      <trkpt lat="52.434148" lon="13.513674">
        <ele>37.862690</ele>
        <time>2026-07-05T12:48:50.000Z</time>
      </trkpt>
      <trkpt lat="52.434247" lon="13.513648">
        <ele>37.924530</ele>
        <time>2026-07-05T12:48:53.000Z</time>
      </trkpt>
      <trkpt lat="52.434339" lon="13.513631">
        <ele>37.981633</ele>
        <time>2026-07-05T12:48:55.000Z</time>
      </trkpt>
      <trkpt lat="52.434450" lon="13.513630">
        <ele>38.050098</ele>
        <time>2026-07-05T12:48:57.000Z</time>
      </trkpt>
      <trkpt lat="52.434566" lon="13.513607">
        <ele>38.122167</ele>
        <time>2026-07-05T12:48:59.000Z</time>
      </trkpt>
      <trkpt lat="52.434682" lon="13.513586">
        <ele>38.137728</ele>
        <time>2026-07-05T12:49:01.000Z</time>
      </trkpt>
      <trkpt lat="52.434799" lon="13.513578">
        <ele>38.118552</ele>
        <time>2026-07-05T12:49:03.000Z</time>
      </trkpt>
      <trkpt lat="52.434917" lon="13.513557">
        <ele>38.099116</ele>
        <time>2026-07-05T12:49:05.000Z</time>
      </trkpt>
      <trkpt lat="52.435007" lon="13.513570">
        <ele>38.084321</ele>
        <time>2026-07-05T12:49:07.000Z</time>
      </trkpt>
      <trkpt lat="52.435094" lon="13.513519">
        <ele>38.069192</ele>
        <time>2026-07-05T12:49:09.000Z</time>
      </trkpt>
      <trkpt lat="52.435199" lon="13.513510">
        <ele>38.051975</ele>
        <time>2026-07-05T12:49:11.000Z</time>
      </trkpt>
      <trkpt lat="52.435309" lon="13.513491">
        <ele>38.033863</ele>
        <time>2026-07-05T12:49:13.000Z</time>
      </trkpt>
      <trkpt lat="52.435420" lon="13.513475">
        <ele>38.015616</ele>
        <time>2026-07-05T12:49:15.000Z</time>
      </trkpt>
      <trkpt lat="52.435534" lon="13.513463">
        <ele>37.996910</ele>
        <time>2026-07-05T12:49:17.000Z</time>
      </trkpt>
      <trkpt lat="52.435650" lon="13.513447">
        <ele>37.977848</ele>
        <time>2026-07-05T12:49:19.000Z</time>
      </trkpt>
      <trkpt lat="52.435768" lon="13.513432">
        <ele>37.958467</ele>
        <time>2026-07-05T12:49:21.000Z</time>
      </trkpt>
      <trkpt lat="52.435886" lon="13.513457">
        <ele>37.938984</ele>
        <time>2026-07-05T12:49:23.000Z</time>
      </trkpt>
      <trkpt lat="52.436004" lon="13.513493">
        <ele>37.919330</ele>
        <time>2026-07-05T12:49:25.000Z</time>
      </trkpt>
      <trkpt lat="52.436115" lon="13.513429">
        <ele>37.900063</ele>
        <time>2026-07-05T12:49:26.998Z</time>
      </trkpt>
      <trkpt lat="52.436205" lon="13.513364">
        <ele>37.883960</ele>
        <time>2026-07-05T12:49:28.999Z</time>
      </trkpt>
      <trkpt lat="52.436318" lon="13.513349">
        <ele>37.865396</ele>
        <time>2026-07-05T12:49:31.999Z</time>
      </trkpt>
      <trkpt lat="52.436410" lon="13.513337">
        <ele>37.857828</ele>
        <time>2026-07-05T12:49:33.999Z</time>
      </trkpt>
      <trkpt lat="52.436522" lon="13.513318">
        <ele>37.868677</ele>
        <time>2026-07-05T12:49:36.999Z</time>
      </trkpt>
      <trkpt lat="52.436617" lon="13.513300">
        <ele>37.877890</ele>
        <time>2026-07-05T12:49:38.999Z</time>
      </trkpt>
      <trkpt lat="52.436724" lon="13.513297">
        <ele>37.888201</ele>
        <time>2026-07-05T12:49:40.999Z</time>
      </trkpt>
      <trkpt lat="52.436826" lon="13.513279">
        <ele>37.898085</ele>
        <time>2026-07-05T12:49:42.999Z</time>
      </trkpt>
      <trkpt lat="52.436925" lon="13.513267">
        <ele>37.907650</ele>
        <time>2026-07-05T12:49:44.999Z</time>
      </trkpt>
      <trkpt lat="52.437038" lon="13.513245">
        <ele>37.918613</ele>
        <time>2026-07-05T12:49:47.999Z</time>
      </trkpt>
      <trkpt lat="52.437131" lon="13.513229">
        <ele>37.927623</ele>
        <time>2026-07-05T12:49:52.999Z</time>
      </trkpt>
      <trkpt lat="52.437237" lon="13.513209">
        <ele>37.937903</ele>
        <time>2026-07-05T12:49:55.999Z</time>
      </trkpt>
      <trkpt lat="52.437338" lon="13.513192">
        <ele>37.947685</ele>
        <time>2026-07-05T12:49:58.999Z</time>
      </trkpt>
      <trkpt lat="52.437455" lon="13.513195">
        <ele>37.958959</ele>
        <time>2026-07-05T12:50:02.999Z</time>
      </trkpt>
      <trkpt lat="52.437566" lon="13.513186">
        <ele>37.969667</ele>
        <time>2026-07-05T12:50:05.999Z</time>
      </trkpt>
      <trkpt lat="52.437686" lon="13.513162">
        <ele>37.981314</ele>
        <time>2026-07-05T12:50:08.999Z</time>
      </trkpt>
      <trkpt lat="52.437815" lon="13.513143">
        <ele>37.993793</ele>
        <time>2026-07-05T12:50:11.999Z</time>
      </trkpt>
      <trkpt lat="52.437932" lon="13.513117">
        <ele>38.005169</ele>
        <time>2026-07-05T12:50:15.000Z</time>
      </trkpt>
      <trkpt lat="52.438026" lon="13.513114">
        <ele>38.014227</ele>
        <time>2026-07-05T12:50:18.000Z</time>
      </trkpt>
      <trkpt lat="52.438141" lon="13.513083">
        <ele>38.025456</ele>
        <time>2026-07-05T12:50:21.000Z</time>
      </trkpt>
      <trkpt lat="52.438262" lon="13.513073">
        <ele>38.006046</ele>
        <time>2026-07-05T12:50:24.000Z</time>
      </trkpt>
      <trkpt lat="52.438373" lon="13.513061">
        <ele>37.978908</ele>
        <time>2026-07-05T12:50:27.000Z</time>
      </trkpt>
      <trkpt lat="52.438472" lon="13.513095">
        <ele>37.954234</ele>
        <time>2026-07-05T12:50:29.000Z</time>
      </trkpt>
      <trkpt lat="52.438582" lon="13.513076">
        <ele>37.927251</ele>
        <time>2026-07-05T12:50:31.000Z</time>
      </trkpt>
      <trkpt lat="52.438690" lon="13.513066">
        <ele>37.900862</ele>
        <time>2026-07-05T12:50:33.000Z</time>
      </trkpt>
      <trkpt lat="52.438798" lon="13.513040">
        <ele>37.874233</ele>
        <time>2026-07-05T12:50:35.000Z</time>
      </trkpt>
      <trkpt lat="52.438900" lon="13.513025">
        <ele>37.849251</ele>
        <time>2026-07-05T12:50:37.000Z</time>
      </trkpt>
      <trkpt lat="52.439004" lon="13.513010">
        <ele>37.823782</ele>
        <time>2026-07-05T12:50:39.000Z</time>
      </trkpt>
      <trkpt lat="52.439109" lon="13.512992">
        <ele>37.798028</ele>
        <time>2026-07-05T12:50:41.000Z</time>
      </trkpt>
      <trkpt lat="52.439221" lon="13.512974">
        <ele>37.770574</ele>
        <time>2026-07-05T12:50:43.000Z</time>
      </trkpt>
      <trkpt lat="52.439329" lon="13.512905">
        <ele>37.742300</ele>
        <time>2026-07-05T12:50:45.000Z</time>
      </trkpt>
      <trkpt lat="52.439446" lon="13.512904">
        <ele>37.713758</ele>
        <time>2026-07-05T12:50:47.000Z</time>
      </trkpt>
      <trkpt lat="52.439560" lon="13.512887">
        <ele>37.685833</ele>
        <time>2026-07-05T12:50:49.000Z</time>
      </trkpt>
      <trkpt lat="52.439677" lon="13.512877">
        <ele>37.657252</ele>
        <time>2026-07-05T12:50:51.000Z</time>
      </trkpt>
      <trkpt lat="52.439794" lon="13.512856">
        <ele>37.628539</ele>
        <time>2026-07-05T12:50:53.000Z</time>
      </trkpt>
      <trkpt lat="52.439914" lon="13.512843">
        <ele>37.599201</ele>
        <time>2026-07-05T12:50:55.000Z</time>
      </trkpt>
      <trkpt lat="52.440026" lon="13.512826">
        <ele>37.584365</ele>
        <time>2026-07-05T12:50:57.000Z</time>
      </trkpt>
      <trkpt lat="52.440131" lon="13.512803">
        <ele>37.576834</ele>
        <time>2026-07-05T12:50:59.000Z</time>
      </trkpt>
      <trkpt lat="52.440189" lon="13.512678">
        <ele>37.570026</ele>
        <time>2026-07-05T12:51:01.000Z</time>
      </trkpt>
      <trkpt lat="52.440205" lon="13.512502">
        <ele>37.562315</ele>
        <time>2026-07-05T12:51:03.000Z</time>
      </trkpt>
      <trkpt lat="52.440233" lon="13.512349">
        <ele>37.555392</ele>
        <time>2026-07-05T12:51:05.000Z</time>
      </trkpt>
      <trkpt lat="52.440262" lon="13.512201">
        <ele>37.548655</ele>
        <time>2026-07-05T12:51:07.000Z</time>
      </trkpt>
      <trkpt lat="52.440284" lon="13.512051">
        <ele>37.541969</ele>
        <time>2026-07-05T12:51:09.000Z</time>
      </trkpt>
      <trkpt lat="52.440325" lon="13.511858">
        <ele>37.533111</ele>
        <time>2026-07-05T12:51:12.000Z</time>
      </trkpt>
      <trkpt lat="52.440276" lon="13.511532">
        <ele>37.518560</ele>
        <time>2026-07-05T12:51:50.000Z</time>
      </trkpt>
      <trkpt lat="52.440299" lon="13.511355">
        <ele>37.510717</ele>
        <time>2026-07-05T12:51:53.000Z</time>
      </trkpt>
      <trkpt lat="52.440327" lon="13.511141">
        <ele>37.501232</ele>
        <time>2026-07-05T12:51:56.000Z</time>
      </trkpt>
      <trkpt lat="52.440472" lon="13.511113">
        <ele>37.490852</ele>
        <time>2026-07-05T12:51:57.000Z</time>
      </trkpt>
      <trkpt lat="52.440507" lon="13.510956">
        <ele>37.483607</ele>
        <time>2026-07-05T12:51:59.000Z</time>
      </trkpt>
      <trkpt lat="52.440546" lon="13.510790">
        <ele>37.475898</ele>
        <time>2026-07-05T12:52:01.000Z</time>
      </trkpt>
      <trkpt lat="52.440581" lon="13.510621">
        <ele>37.468162</ele>
        <time>2026-07-05T12:52:03.000Z</time>
      </trkpt>
      <trkpt lat="52.440616" lon="13.510452">
        <ele>37.466836</ele>
        <time>2026-07-05T12:52:05.000Z</time>
      </trkpt>
      <trkpt lat="52.440660" lon="13.510283">
        <ele>37.499675</ele>
        <time>2026-07-05T12:52:07.000Z</time>
      </trkpt>
      <trkpt lat="52.440698" lon="13.510108">
        <ele>37.532872</ele>
        <time>2026-07-05T12:52:09.000Z</time>
      </trkpt>
      <trkpt lat="52.440734" lon="13.509937">
        <ele>37.565200</ele>
        <time>2026-07-05T12:52:11.000Z</time>
      </trkpt>
      <trkpt lat="52.440769" lon="13.509761">
        <ele>37.598282</ele>
        <time>2026-07-05T12:52:13.000Z</time>
      </trkpt>
      <trkpt lat="52.440805" lon="13.509586">
        <ele>37.631287</ele>
        <time>2026-07-05T12:52:15.000Z</time>
      </trkpt>
      <trkpt lat="52.440838" lon="13.509420">
        <ele>37.662488</ele>
        <time>2026-07-05T12:52:17.000Z</time>
      </trkpt>
      <trkpt lat="52.440874" lon="13.509254">
        <ele>37.693972</ele>
        <time>2026-07-05T12:52:19.000Z</time>
      </trkpt>
      <trkpt lat="52.440915" lon="13.509083">
        <ele>37.726808</ele>
        <time>2026-07-05T12:52:21.000Z</time>
      </trkpt>
      <trkpt lat="52.440947" lon="13.508906">
        <ele>37.759799</ele>
        <time>2026-07-05T12:52:23.000Z</time>
      </trkpt>
      <trkpt lat="52.440983" lon="13.508723">
        <ele>37.794161</ele>
        <time>2026-07-05T12:52:25.000Z</time>
      </trkpt>
      <trkpt lat="52.441020" lon="13.508552">
        <ele>37.826586</ele>
        <time>2026-07-05T12:52:27.000Z</time>
      </trkpt>
      <trkpt lat="52.441055" lon="13.508390">
        <ele>37.857299</ele>
        <time>2026-07-05T12:52:29.000Z</time>
      </trkpt>
      <trkpt lat="52.441131" lon="13.508277">
        <ele>37.887367</ele>
        <time>2026-07-05T12:52:31.000Z</time>
      </trkpt>
      <trkpt lat="52.441239" lon="13.508230">
        <ele>37.920122</ele>
        <time>2026-07-05T12:52:33.000Z</time>
      </trkpt>
      <trkpt lat="52.441344" lon="13.508182">
        <ele>37.952075</ele>
        <time>2026-07-05T12:52:35.000Z</time>
      </trkpt>
      <trkpt lat="52.441448" lon="13.508136">
        <ele>37.983651</ele>
        <time>2026-07-05T12:52:37.000Z</time>
      </trkpt>
      <trkpt lat="52.441551" lon="13.508094">
        <ele>37.925945</ele>
        <time>2026-07-05T12:52:39.000Z</time>
      </trkpt>
      <trkpt lat="52.441648" lon="13.508047">
        <ele>37.853604</ele>
        <time>2026-07-05T12:52:41.000Z</time>
      </trkpt>
      <trkpt lat="52.441750" lon="13.507998">
        <ele>37.777587</ele>
        <time>2026-07-05T12:52:43.000Z</time>
      </trkpt>
      <trkpt lat="52.441866" lon="13.507929">
        <ele>37.689334</ele>
        <time>2026-07-05T12:52:45.000Z</time>
      </trkpt>
      <trkpt lat="52.441982" lon="13.507987">
        <ele>37.602599</ele>
        <time>2026-07-05T12:52:47.000Z</time>
      </trkpt>
      <trkpt lat="52.442091" lon="13.508072">
        <ele>37.516279</ele>
        <time>2026-07-05T12:52:49.000Z</time>
      </trkpt>
      <trkpt lat="52.442196" lon="13.508171">
        <ele>37.429659</ele>
        <time>2026-07-05T12:52:51.000Z</time>
      </trkpt>
      <trkpt lat="52.442292" lon="13.508258">
        <ele>37.351217</ele>
        <time>2026-07-05T12:52:54.000Z</time>
      </trkpt>
      <trkpt lat="52.442361" lon="13.508385">
        <ele>37.277046</ele>
        <time>2026-07-05T12:52:56.000Z</time>
      </trkpt>
      <trkpt lat="52.442460" lon="13.508431">
        <ele>37.203453</ele>
        <time>2026-07-05T12:52:58.000Z</time>
      </trkpt>
      <trkpt lat="52.442562" lon="13.508343">
        <ele>37.121026</ele>
        <time>2026-07-05T12:53:00.000Z</time>
      </trkpt>
      <trkpt lat="52.442650" lon="13.508214">
        <ele>37.036619</ele>
        <time>2026-07-05T12:53:02.000Z</time>
      </trkpt>
      <trkpt lat="52.442657" lon="13.507979">
        <ele>36.934042</ele>
        <time>2026-07-05T12:53:04.000Z</time>
      </trkpt>
      <trkpt lat="52.442650" lon="13.507796">
        <ele>36.854102</ele>
        <time>2026-07-05T12:53:06.000Z</time>
      </trkpt>
      <trkpt lat="52.442643" lon="13.507602">
        <ele>36.769375</ele>
        <time>2026-07-05T12:53:08.000Z</time>
      </trkpt>
      <trkpt lat="52.442634" lon="13.507396">
        <ele>36.706597</ele>
        <time>2026-07-05T12:53:10.000Z</time>
      </trkpt>
      <trkpt lat="52.442626" lon="13.507209">
        <ele>36.721086</ele>
        <time>2026-07-05T12:53:12.000Z</time>
      </trkpt>
      <trkpt lat="52.442619" lon="13.507040">
        <ele>36.734178</ele>
        <time>2026-07-05T12:53:14.000Z</time>
      </trkpt>
      <trkpt lat="52.442611" lon="13.506853">
        <ele>36.748667</ele>
        <time>2026-07-05T12:53:16.000Z</time>
      </trkpt>
      <trkpt lat="52.442605" lon="13.506667">
        <ele>36.763063</ele>
        <time>2026-07-05T12:53:18.000Z</time>
      </trkpt>
      <trkpt lat="52.442599" lon="13.506493">
        <ele>36.776533</ele>
        <time>2026-07-05T12:53:20.000Z</time>
      </trkpt>
      <trkpt lat="52.442592" lon="13.506323">
        <ele>36.789703</ele>
        <time>2026-07-05T12:53:23.000Z</time>
      </trkpt>
      <trkpt lat="52.442693" lon="13.506257">
        <ele>36.803488</ele>
        <time>2026-07-05T12:53:27.000Z</time>
      </trkpt>
      <trkpt lat="52.442781" lon="13.506222">
        <ele>36.814969</ele>
        <time>2026-07-05T12:53:29.001Z</time>
      </trkpt>
      <trkpt lat="52.442880" lon="13.506174">
        <ele>36.828059</ele>
        <time>2026-07-05T12:53:31.001Z</time>
      </trkpt>
      <trkpt lat="52.442983" lon="13.506129">
        <ele>36.841574</ele>
        <time>2026-07-05T12:53:33.001Z</time>
      </trkpt>
      <trkpt lat="52.443089" lon="13.506077">
        <ele>36.855603</ele>
        <time>2026-07-05T12:53:35.001Z</time>
      </trkpt>
      <trkpt lat="52.443196" lon="13.506022">
        <ele>36.869821</ele>
        <time>2026-07-05T12:53:37.001Z</time>
      </trkpt>
      <trkpt lat="52.443301" lon="13.505967">
        <ele>36.883797</ele>
        <time>2026-07-05T12:53:39.000Z</time>
      </trkpt>
      <trkpt lat="52.443419" lon="13.505917">
        <ele>36.899250</ele>
        <time>2026-07-05T12:53:41.000Z</time>
      </trkpt>
      <trkpt lat="52.443533" lon="13.505876">
        <ele>36.914048</ele>
        <time>2026-07-05T12:53:43.000Z</time>
      </trkpt>
      <trkpt lat="52.443652" lon="13.505827">
        <ele>36.929605</ele>
        <time>2026-07-05T12:53:45.000Z</time>
      </trkpt>
      <trkpt lat="52.443769" lon="13.505780">
        <ele>36.886636</ele>
        <time>2026-07-05T12:53:47.000Z</time>
      </trkpt>
      <trkpt lat="52.443876" lon="13.505711">
        <ele>36.841933</ele>
        <time>2026-07-05T12:53:49.000Z</time>
      </trkpt>
      <trkpt lat="52.443992" lon="13.505675">
        <ele>36.796030</ele>
        <time>2026-07-05T12:53:51.000Z</time>
      </trkpt>
      <trkpt lat="52.444111" lon="13.505619">
        <ele>36.747894</ele>
        <time>2026-07-05T12:53:53.000Z</time>
      </trkpt>
      <trkpt lat="52.444228" lon="13.505541">
        <ele>36.698789</ele>
        <time>2026-07-05T12:53:55.000Z</time>
      </trkpt>
      <trkpt lat="52.444349" lon="13.505486">
        <ele>36.649969</ele>
        <time>2026-07-05T12:53:57.000Z</time>
      </trkpt>
      <trkpt lat="52.444466" lon="13.505435">
        <ele>36.602898</ele>
        <time>2026-07-05T12:53:59.000Z</time>
      </trkpt>
      <trkpt lat="52.444583" lon="13.505390">
        <ele>36.556173</ele>
        <time>2026-07-05T12:54:01.000Z</time>
      </trkpt>
      <trkpt lat="52.444700" lon="13.505327">
        <ele>36.508293</ele>
        <time>2026-07-05T12:54:03.000Z</time>
      </trkpt>
      <trkpt lat="52.444816" lon="13.505300">
        <ele>36.462737</ele>
        <time>2026-07-05T12:54:05.000Z</time>
      </trkpt>
      <trkpt lat="52.444921" lon="13.505232">
        <ele>36.418845</ele>
        <time>2026-07-05T12:54:07.000Z</time>
      </trkpt>
      <trkpt lat="52.445031" lon="13.505198">
        <ele>36.375322</ele>
        <time>2026-07-05T12:54:09.000Z</time>
      </trkpt>
      <trkpt lat="52.445124" lon="13.505155">
        <ele>36.337753</ele>
        <time>2026-07-05T12:54:11.000Z</time>
      </trkpt>
      <trkpt lat="52.445189" lon="13.505032">
        <ele>36.299172</ele>
        <time>2026-07-05T12:54:17.000Z</time>
      </trkpt>
      <trkpt lat="52.445191" lon="13.504848">
        <ele>36.255558</ele>
        <time>2026-07-05T12:54:20.000Z</time>
      </trkpt>
      <trkpt lat="52.445183" lon="13.504695">
        <ele>36.228974</ele>
        <time>2026-07-05T12:54:22.000Z</time>
      </trkpt>
      <trkpt lat="52.445165" lon="13.504545">
        <ele>36.222272</ele>
        <time>2026-07-05T12:54:24.000Z</time>
      </trkpt>
      <trkpt lat="52.445139" lon="13.504402">
        <ele>36.215730</ele>
        <time>2026-07-05T12:54:26.000Z</time>
      </trkpt>
      <trkpt lat="52.445104" lon="13.504257">
        <ele>36.208894</ele>
        <time>2026-07-05T12:54:28.000Z</time>
      </trkpt>
      <trkpt lat="52.445041" lon="13.504075">
        <ele>36.199718</ele>
        <time>2026-07-05T12:54:31.000Z</time>
      </trkpt>
      <trkpt lat="52.445131" lon="13.503862">
        <ele>36.188356</ele>
        <time>2026-07-05T12:54:36.000Z</time>
      </trkpt>
      <trkpt lat="52.445187" lon="13.503742">
        <ele>36.181731</ele>
        <time>2026-07-05T12:54:38.000Z</time>
      </trkpt>
      <trkpt lat="52.445246" lon="13.503617">
        <ele>36.174800</ele>
        <time>2026-07-05T12:54:40.000Z</time>
      </trkpt>
      <trkpt lat="52.445300" lon="13.503486">
        <ele>36.167867</ele>
        <time>2026-07-05T12:54:42.000Z</time>
      </trkpt>
      <trkpt lat="52.445358" lon="13.503349">
        <ele>36.160554</ele>
        <time>2026-07-05T12:54:44.000Z</time>
      </trkpt>
      <trkpt lat="52.445418" lon="13.503212">
        <ele>36.153159</ele>
        <time>2026-07-05T12:54:46.000Z</time>
      </trkpt>
      <trkpt lat="52.445484" lon="13.503075">
        <ele>36.145504</ele>
        <time>2026-07-05T12:54:48.000Z</time>
      </trkpt>
      <trkpt lat="52.445549" lon="13.502940">
        <ele>36.137962</ele>
        <time>2026-07-05T12:54:50.000Z</time>
      </trkpt>
      <trkpt lat="52.445615" lon="13.502799">
        <ele>36.130168</ele>
        <time>2026-07-05T12:54:52.000Z</time>
      </trkpt>
      <trkpt lat="52.445672" lon="13.502648">
        <ele>36.122382</ele>
        <time>2026-07-05T12:54:54.000Z</time>
      </trkpt>
      <trkpt lat="52.445719" lon="13.502466">
        <ele>36.113717</ele>
        <time>2026-07-05T12:54:56.000Z</time>
      </trkpt>
      <trkpt lat="52.445763" lon="13.502297">
        <ele>36.105660</ele>
        <time>2026-07-05T12:54:58.000Z</time>
      </trkpt>
      <trkpt lat="52.445810" lon="13.502133">
        <ele>36.145160</ele>
        <time>2026-07-05T12:55:00.000Z</time>
      </trkpt>
      <trkpt lat="52.445841" lon="13.501946">
        <ele>36.234482</ele>
        <time>2026-07-05T12:55:02.000Z</time>
      </trkpt>
      <trkpt lat="52.445857" lon="13.501756">
        <ele>36.322887</ele>
        <time>2026-07-05T12:55:04.000Z</time>
      </trkpt>
      <trkpt lat="52.445863" lon="13.501563">
        <ele>36.411959</ele>
        <time>2026-07-05T12:55:06.000Z</time>
      </trkpt>
      <trkpt lat="52.445858" lon="13.501365">
        <ele>36.503298</ele>
        <time>2026-07-05T12:55:08.000Z</time>
      </trkpt>
      <trkpt lat="52.445845" lon="13.501178">
        <ele>36.590047</ele>
        <time>2026-07-05T12:55:10.000Z</time>
      </trkpt>
      <trkpt lat="52.445825" lon="13.500998">
        <ele>36.674379</ele>
        <time>2026-07-05T12:55:12.000Z</time>
      </trkpt>
      <trkpt lat="52.445794" lon="13.500851">
        <ele>36.746074</ele>
        <time>2026-07-05T12:55:14.000Z</time>
      </trkpt>
      <trkpt lat="52.445884" lon="13.500781">
        <ele>36.821392</ele>
        <time>2026-07-05T12:55:16.000Z</time>
      </trkpt>
      <trkpt lat="52.445990" lon="13.500717">
        <ele>36.906805</ele>
        <time>2026-07-05T12:55:18.000Z</time>
      </trkpt>
      <trkpt lat="52.446090" lon="13.500657">
        <ele>36.987323</ele>
        <time>2026-07-05T12:55:20.000Z</time>
      </trkpt>
      <trkpt lat="52.446195" lon="13.500626">
        <ele>37.068000</ele>
        <time>2026-07-05T12:55:22.001Z</time>
      </trkpt>
      <trkpt lat="52.446306" lon="13.500591">
        <ele>37.153474</ele>
        <time>2026-07-05T12:55:24.001Z</time>
      </trkpt>
      <trkpt lat="52.446417" lon="13.500561">
        <ele>37.238544</ele>
        <time>2026-07-05T12:55:26.001Z</time>
      </trkpt>
      <trkpt lat="52.446537" lon="13.500561">
        <ele>37.329288</ele>
        <time>2026-07-05T12:55:28.001Z</time>
      </trkpt>
      <trkpt lat="52.446656" lon="13.500522">
        <ele>37.421053</ele>
        <time>2026-07-05T12:55:30.001Z</time>
      </trkpt>
      <trkpt lat="52.446780" lon="13.500506">
        <ele>37.404666</ele>
        <time>2026-07-05T12:55:32.001Z</time>
      </trkpt>
      <trkpt lat="52.446906" lon="13.500515">
        <ele>37.301818</ele>
        <time>2026-07-05T12:55:34.001Z</time>
      </trkpt>
      <trkpt lat="52.447032" lon="13.500510">
        <ele>37.199037</ele>
        <time>2026-07-05T12:55:36.001Z</time>
      </trkpt>
      <trkpt lat="52.447162" lon="13.500508">
        <ele>37.093019</ele>
        <time>2026-07-05T12:55:38.001Z</time>
      </trkpt>
      <trkpt lat="52.447280" lon="13.500494">
        <ele>36.996540</ele>
        <time>2026-07-05T12:55:40.001Z</time>
      </trkpt>
      <trkpt lat="52.447388" lon="13.500539">
        <ele>36.905672</ele>
        <time>2026-07-05T12:55:42.001Z</time>
      </trkpt>
      <trkpt lat="52.447484" lon="13.500548">
        <ele>36.827258</ele>
        <time>2026-07-05T12:56:00.000Z</time>
      </trkpt>
      <trkpt lat="52.447554" lon="13.500412">
        <ele>36.738783</ele>
        <time>2026-07-05T12:56:04.000Z</time>
      </trkpt>
      <trkpt lat="52.447608" lon="13.500218">
        <ele>36.632780</ele>
        <time>2026-07-05T12:56:07.000Z</time>
      </trkpt>
      <trkpt lat="52.447660" lon="13.500069">
        <ele>36.547442</ele>
        <time>2026-07-05T12:56:09.000Z</time>
      </trkpt>
      <trkpt lat="52.447716" lon="13.499918">
        <ele>36.459589</ele>
        <time>2026-07-05T12:56:11.000Z</time>
      </trkpt>
      <trkpt lat="52.447773" lon="13.499759">
        <ele>36.367905</ele>
        <time>2026-07-05T12:56:13.000Z</time>
      </trkpt>
      <trkpt lat="52.447830" lon="13.499630">
        <ele>36.288712</ele>
        <time>2026-07-05T12:56:15.000Z</time>
      </trkpt>
      <trkpt lat="52.447919" lon="13.499527">
        <ele>36.199896</ele>
        <time>2026-07-05T12:56:18.000Z</time>
      </trkpt>
      <trkpt lat="52.447967" lon="13.499380">
        <ele>36.117008</ele>
        <time>2026-07-05T12:56:30.000Z</time>
      </trkpt>
      <trkpt lat="52.448022" lon="13.499202">
        <ele>36.017818</ele>
        <time>2026-07-05T12:56:35.000Z</time>
      </trkpt>
      <trkpt lat="52.448069" lon="13.499045">
        <ele>36.004973</ele>
        <time>2026-07-05T12:56:38.000Z</time>
      </trkpt>
      <trkpt lat="52.448647" lon="13.498771">
        <ele>36.079478</ele>
        <time>2026-07-05T12:56:48.000Z</time>
      </trkpt>
      <trkpt lat="52.448746" lon="13.498769">
        <ele>36.091739</ele>
        <time>2026-07-05T12:56:50.000Z</time>
      </trkpt>
      <trkpt lat="52.448853" lon="13.498829">
        <ele>36.105742</ele>
        <time>2026-07-05T12:56:52.000Z</time>
      </trkpt>
      <trkpt lat="52.448952" lon="13.498872">
        <ele>36.118424</ele>
        <time>2026-07-05T12:56:54.000Z</time>
      </trkpt>
      <trkpt lat="52.449078" lon="13.498910">
        <ele>36.134289</ele>
        <time>2026-07-05T12:56:56.000Z</time>
      </trkpt>
      <trkpt lat="52.449196" lon="13.498953">
        <ele>36.149257</ele>
        <time>2026-07-05T12:56:58.000Z</time>
      </trkpt>
      <trkpt lat="52.449323" lon="13.498995">
        <ele>36.165301</ele>
        <time>2026-07-05T12:57:00.000Z</time>
      </trkpt>
      <trkpt lat="52.449445" lon="13.499026">
        <ele>36.180589</ele>
        <time>2026-07-05T12:57:02.000Z</time>
      </trkpt>
      <trkpt lat="52.449565" lon="13.499063">
        <ele>36.195710</ele>
        <time>2026-07-05T12:57:04.000Z</time>
      </trkpt>
      <trkpt lat="52.449694" lon="13.499112">
        <ele>36.212107</ele>
        <time>2026-07-05T12:57:06.000Z</time>
      </trkpt>
      <trkpt lat="52.449802" lon="13.499135">
        <ele>36.205896</ele>
        <time>2026-07-05T12:57:08.000Z</time>
      </trkpt>
      <trkpt lat="52.449925" lon="13.499098">
        <ele>36.181514</ele>
        <time>2026-07-05T12:57:10.000Z</time>
      </trkpt>
      <trkpt lat="52.450038" lon="13.499051">
        <ele>36.158784</ele>
        <time>2026-07-05T12:57:12.000Z</time>
      </trkpt>
      <trkpt lat="52.450139" lon="13.498921">
        <ele>36.133755</ele>
        <time>2026-07-05T12:57:14.000Z</time>
      </trkpt>
      <trkpt lat="52.450225" lon="13.498786">
        <ele>36.110549</ele>
        <time>2026-07-05T12:57:16.000Z</time>
      </trkpt>
      <trkpt lat="52.450322" lon="13.498682">
        <ele>36.087956</ele>
        <time>2026-07-05T12:57:18.000Z</time>
      </trkpt>
      <trkpt lat="52.450406" lon="13.498549">
        <ele>36.065196</ele>
        <time>2026-07-05T12:57:20.000Z</time>
      </trkpt>
      <trkpt lat="52.450493" lon="13.498431">
        <ele>36.043188</ele>
        <time>2026-07-05T12:57:22.000Z</time>
      </trkpt>
      <trkpt lat="52.450581" lon="13.498309">
        <ele>36.020725</ele>
        <time>2026-07-05T12:57:24.000Z</time>
      </trkpt>
      <trkpt lat="52.450673" lon="13.498187">
        <ele>35.997661</ele>
        <time>2026-07-05T12:57:26.001Z</time>
      </trkpt>
      <trkpt lat="52.450762" lon="13.498064">
        <ele>35.974973</ele>
        <time>2026-07-05T12:57:28.001Z</time>
      </trkpt>
      <trkpt lat="52.450853" lon="13.497934">
        <ele>35.951447</ele>
        <time>2026-07-05T12:57:30.001Z</time>
      </trkpt>
      <trkpt lat="52.450945" lon="13.497814">
        <ele>35.928532</ele>
        <time>2026-07-05T12:57:32.001Z</time>
      </trkpt>
      <trkpt lat="52.451019" lon="13.497668">
        <ele>35.905967</ele>
        <time>2026-07-05T12:57:34.001Z</time>
      </trkpt>
      <trkpt lat="52.451090" lon="13.497498">
        <ele>35.881478</ele>
        <time>2026-07-05T12:57:36.001Z</time>
      </trkpt>
      <trkpt lat="52.451145" lon="13.497326">
        <ele>35.851870</ele>
        <time>2026-07-05T12:57:38.001Z</time>
      </trkpt>
      <trkpt lat="52.451191" lon="13.497155">
        <ele>35.813270</ele>
        <time>2026-07-05T12:57:40.001Z</time>
      </trkpt>
      <trkpt lat="52.451257" lon="13.497005">
        <ele>35.775065</ele>
        <time>2026-07-05T12:57:42.001Z</time>
      </trkpt>
      <trkpt lat="52.451308" lon="13.496830">
        <ele>35.735008</ele>
        <time>2026-07-05T12:57:44.001Z</time>
      </trkpt>
      <trkpt lat="52.451370" lon="13.496674">
        <ele>35.696548</ele>
        <time>2026-07-05T12:57:46.001Z</time>
      </trkpt>
      <trkpt lat="52.451410" lon="13.496499">
        <ele>35.657952</ele>
        <time>2026-07-05T12:57:48.001Z</time>
      </trkpt>
      <trkpt lat="52.451450" lon="13.496323">
        <ele>35.619163</ele>
        <time>2026-07-05T12:57:50.000Z</time>
      </trkpt>
      <trkpt lat="52.451488" lon="13.496150">
        <ele>35.581188</ele>
        <time>2026-07-05T12:57:52.000Z</time>
      </trkpt>
      <trkpt lat="52.451520" lon="13.495978">
        <ele>35.544051</ele>
        <time>2026-07-05T12:57:54.000Z</time>
      </trkpt>
      <trkpt lat="52.451561" lon="13.495795">
        <ele>35.503789</ele>
        <time>2026-07-05T12:57:56.000Z</time>
      </trkpt>
      <trkpt lat="52.451607" lon="13.495620">
        <ele>35.464433</ele>
        <time>2026-07-05T12:57:58.000Z</time>
      </trkpt>
      <trkpt lat="52.451662" lon="13.495456">
        <ele>35.425777</ele>
        <time>2026-07-05T12:58:00.000Z</time>
      </trkpt>
      <trkpt lat="52.451713" lon="13.495276">
        <ele>35.384786</ele>
        <time>2026-07-05T12:58:02.000Z</time>
      </trkpt>
      <trkpt lat="52.451761" lon="13.495104">
        <ele>35.345721</ele>
        <time>2026-07-05T12:58:04.000Z</time>
      </trkpt>
      <trkpt lat="52.451815" lon="13.494949">
        <ele>35.308852</ele>
        <time>2026-07-05T12:58:06.000Z</time>
      </trkpt>
      <trkpt lat="52.451862" lon="13.494773">
        <ele>35.269172</ele>
        <time>2026-07-05T12:58:08.000Z</time>
      </trkpt>
      <trkpt lat="52.451911" lon="13.494600">
        <ele>35.322919</ele>
        <time>2026-07-05T12:58:10.000Z</time>
      </trkpt>
      <trkpt lat="52.451947" lon="13.494425">
        <ele>35.411629</ele>
        <time>2026-07-05T12:58:12.000Z</time>
      </trkpt>
      <trkpt lat="52.451980" lon="13.494230">
        <ele>35.508829</ele>
        <time>2026-07-05T12:58:14.000Z</time>
      </trkpt>
      <trkpt lat="52.452038" lon="13.494062">
        <ele>35.601565</ele>
        <time>2026-07-05T12:58:16.000Z</time>
      </trkpt>
      <trkpt lat="52.452075" lon="13.493877">
        <ele>35.695081</ele>
        <time>2026-07-05T12:58:18.000Z</time>
      </trkpt>
      <trkpt lat="52.452121" lon="13.493696">
        <ele>35.789269</ele>
        <time>2026-07-05T12:58:20.000Z</time>
      </trkpt>
      <trkpt lat="52.452162" lon="13.493526">
        <ele>35.877079</ele>
        <time>2026-07-05T12:58:22.000Z</time>
      </trkpt>
      <trkpt lat="52.452218" lon="13.493358">
        <ele>35.969048</ele>
        <time>2026-07-05T12:58:24.000Z</time>
      </trkpt>
      <trkpt lat="52.452293" lon="13.493211">
        <ele>36.061126</ele>
        <time>2026-07-05T12:58:26.000Z</time>
      </trkpt>
      <trkpt lat="52.452358" lon="13.493092">
        <ele>36.137877</ele>
        <time>2026-07-05T12:58:28.000Z</time>
      </trkpt>
      <trkpt lat="52.452564" lon="13.493262">
        <ele>36.319600</ele>
        <time>2026-07-05T12:58:31.000Z</time>
      </trkpt>
      <trkpt lat="52.452661" lon="13.493319">
        <ele>36.400800</ele>
        <time>2026-07-05T12:58:33.000Z</time>
      </trkpt>
      <trkpt lat="52.452766" lon="13.493383">
        <ele>36.489074</ele>
        <time>2026-07-05T12:58:35.000Z</time>
      </trkpt>
      <trkpt lat="52.452853" lon="13.493321">
        <ele>36.563826</ele>
        <time>2026-07-05T12:58:38.000Z</time>
      </trkpt>
      <trkpt lat="52.452906" lon="13.493192">
        <ele>36.638547</ele>
        <time>2026-07-05T12:58:41.000Z</time>
      </trkpt>
      <trkpt lat="52.453003" lon="13.493039">
        <ele>36.664481</ele>
        <time>2026-07-05T12:58:44.000Z</time>
      </trkpt>
      <trkpt lat="52.453078" lon="13.492933">
        <ele>36.652309</ele>
        <time>2026-07-05T12:58:46.000Z</time>
      </trkpt>
      <trkpt lat="52.453158" lon="13.492824">
        <ele>36.639524</ele>
        <time>2026-07-05T12:58:48.000Z</time>
      </trkpt>
      <trkpt lat="52.453239" lon="13.492701">
        <ele>36.625953</ele>
        <time>2026-07-05T12:58:50.000Z</time>
      </trkpt>
      <trkpt lat="52.453320" lon="13.492591">
        <ele>36.613025</ele>
        <time>2026-07-05T12:58:52.000Z</time>
      </trkpt>
      <trkpt lat="52.453404" lon="13.492469">
        <ele>36.599232</ele>
        <time>2026-07-05T12:58:54.000Z</time>
      </trkpt>
      <trkpt lat="52.453492" lon="13.492357">
        <ele>36.585538</ele>
        <time>2026-07-05T12:58:56.000Z</time>
      </trkpt>
      <trkpt lat="52.453584" lon="13.492244">
        <ele>36.571408</ele>
        <time>2026-07-05T12:58:58.000Z</time>
      </trkpt>
      <trkpt lat="52.453675" lon="13.492122">
        <ele>36.556959</ele>
        <time>2026-07-05T12:59:00.000Z</time>
      </trkpt>
      <trkpt lat="52.453760" lon="13.492006">
        <ele>36.543365</ele>
        <time>2026-07-05T12:59:02.000Z</time>
      </trkpt>
      <trkpt lat="52.453847" lon="13.491876">
        <ele>36.528897</ele>
        <time>2026-07-05T12:59:04.000Z</time>
      </trkpt>
      <trkpt lat="52.453931" lon="13.491750">
        <ele>36.514903</ele>
        <time>2026-07-05T12:59:06.000Z</time>
      </trkpt>
      <trkpt lat="52.454012" lon="13.491619">
        <ele>36.500919</ele>
        <time>2026-07-05T12:59:08.000Z</time>
      </trkpt>
      <trkpt lat="52.454086" lon="13.491486">
        <ele>36.487424</ele>
        <time>2026-07-05T12:59:10.000Z</time>
      </trkpt>
      <trkpt lat="52.454169" lon="13.491344">
        <ele>36.472680</ele>
        <time>2026-07-05T12:59:12.000Z</time>
      </trkpt>
      <trkpt lat="52.454255" lon="13.491219">
        <ele>36.458554</ele>
        <time>2026-07-05T12:59:14.000Z</time>
      </trkpt>
      <trkpt lat="52.454341" lon="13.491083">
        <ele>36.478911</ele>
        <time>2026-07-05T12:59:16.000Z</time>
      </trkpt>
      <trkpt lat="52.454422" lon="13.490969">
        <ele>36.510602</ele>
        <time>2026-07-05T12:59:18.000Z</time>
      </trkpt>
      <trkpt lat="52.454500" lon="13.490836">
        <ele>36.544008</ele>
        <time>2026-07-05T12:59:20.000Z</time>
      </trkpt>
      <trkpt lat="52.454586" lon="13.490719">
        <ele>36.577184</ele>
        <time>2026-07-05T12:59:22.000Z</time>
      </trkpt>
      <trkpt lat="52.454671" lon="13.490601">
        <ele>36.610249</ele>
        <time>2026-07-05T12:59:24.000Z</time>
      </trkpt>
      <trkpt lat="52.454750" lon="13.490490">
        <ele>36.641136</ele>
        <time>2026-07-05T12:59:26.000Z</time>
      </trkpt>
      <trkpt lat="52.454828" lon="13.490375">
        <ele>36.672276</ele>
        <time>2026-07-05T12:59:28.000Z</time>
      </trkpt>
      <trkpt lat="52.454903" lon="13.490252">
        <ele>36.703766</ele>
        <time>2026-07-05T12:59:30.000Z</time>
      </trkpt>
      <trkpt lat="52.454990" lon="13.490136">
        <ele>36.737057</ele>
        <time>2026-07-05T12:59:32.000Z</time>
      </trkpt>
      <trkpt lat="52.455066" lon="13.490011">
        <ele>36.769013</ele>
        <time>2026-07-05T12:59:34.000Z</time>
      </trkpt>
      <trkpt lat="52.455146" lon="13.489875">
        <ele>36.803222</ele>
        <time>2026-07-05T12:59:36.000Z</time>
      </trkpt>
      <trkpt lat="52.455227" lon="13.489755">
        <ele>36.835630</ele>
        <time>2026-07-05T12:59:38.000Z</time>
      </trkpt>
      <trkpt lat="52.455311" lon="13.489643">
        <ele>36.867773</ele>
        <time>2026-07-05T12:59:40.000Z</time>
      </trkpt>
      <trkpt lat="52.455381" lon="13.489541">
        <ele>36.895575</ele>
        <time>2026-07-05T12:59:42.000Z</time>
      </trkpt>
      <trkpt lat="52.455465" lon="13.489405">
        <ele>36.930619</ele>
        <time>2026-07-05T12:59:45.000Z</time>
      </trkpt>
      <trkpt lat="52.455540" lon="13.489278">
        <ele>36.962624</ele>
        <time>2026-07-05T12:59:49.000Z</time>
      </trkpt>
      <trkpt lat="52.455615" lon="13.489112">
        <ele>37.022377</ele>
        <time>2026-07-05T12:59:54.001Z</time>
      </trkpt>
      <trkpt lat="52.455695" lon="13.488978">
        <ele>37.121022</ele>
        <time>2026-07-05T12:59:57.000Z</time>
      </trkpt>
      <trkpt lat="52.455789" lon="13.488844">
        <ele>37.228468</ele>
        <time>2026-07-05T13:00:00.000Z</time>
      </trkpt>
      <trkpt lat="52.455846" lon="13.488720">
        <ele>37.310144</ele>
        <time>2026-07-05T13:00:02.000Z</time>
      </trkpt>
      <trkpt lat="52.455903" lon="13.488592">
        <ele>37.393509</ele>
        <time>2026-07-05T13:00:04.000Z</time>
      </trkpt>
      <trkpt lat="52.455957" lon="13.488448">
        <ele>37.482420</ele>
        <time>2026-07-05T13:00:06.000Z</time>
      </trkpt>
      <trkpt lat="52.456009" lon="13.488294">
        <ele>37.575001</ele>
        <time>2026-07-05T13:00:08.000Z</time>
      </trkpt>
      <trkpt lat="52.456052" lon="13.488136">
        <ele>37.665993</ele>
        <time>2026-07-05T13:00:10.000Z</time>
      </trkpt>
      <trkpt lat="52.456106" lon="13.488004">
        <ele>37.749595</ele>
        <time>2026-07-05T13:00:12.000Z</time>
      </trkpt>
      <trkpt lat="52.456200" lon="13.488084">
        <ele>37.840970</ele>
        <time>2026-07-05T13:00:19.000Z</time>
      </trkpt>
      <trkpt lat="52.456293" lon="13.488206">
        <ele>37.943712</ele>
        <time>2026-07-05T13:00:24.000Z</time>
      </trkpt>
      <trkpt lat="52.456343" lon="13.488334">
        <ele>38.023661</ele>
        <time>2026-07-05T13:00:30.000Z</time>
      </trkpt>
      <trkpt lat="52.456433" lon="13.488263">
        <ele>38.109833</ele>
        <time>2026-07-05T13:00:40.000Z</time>
      </trkpt>
      <trkpt lat="52.456541" lon="13.488293">
        <ele>38.204354</ele>
        <time>2026-07-05T13:00:45.000Z</time>
      </trkpt>
      <trkpt lat="52.456626" lon="13.488357">
        <ele>38.285055</ele>
        <time>2026-07-05T13:00:48.000Z</time>
      </trkpt>
      <trkpt lat="52.456716" lon="13.488439">
        <ele>38.373885</ele>
        <time>2026-07-05T13:00:51.000Z</time>
      </trkpt>
      <trkpt lat="52.456796" lon="13.488514">
        <ele>38.453390</ele>
        <time>2026-07-05T13:00:59.000Z</time>
      </trkpt>
      <trkpt lat="52.456888" lon="13.488571">
        <ele>38.538249</ele>
        <time>2026-07-05T13:01:06.000Z</time>
      </trkpt>
      <trkpt lat="52.456985" lon="13.488633">
        <ele>38.544850</ele>
        <time>2026-07-05T13:01:10.000Z</time>
      </trkpt>
      <trkpt lat="52.457082" lon="13.488704">
        <ele>38.549511</ele>
        <time>2026-07-05T13:01:14.000Z</time>
      </trkpt>
      <trkpt lat="52.457167" lon="13.488769">
        <ele>38.553627</ele>
        <time>2026-07-05T13:01:22.000Z</time>
      </trkpt>
      <trkpt lat="52.457242" lon="13.488879">
        <ele>38.558042</ele>
        <time>2026-07-05T13:01:33.000Z</time>
      </trkpt>
      <trkpt lat="52.457355" lon="13.488819">
        <ele>38.563255</ele>
        <time>2026-07-05T13:01:39.000Z</time>
      </trkpt>
      <trkpt lat="52.457460" lon="13.488694">
        <ele>38.568948</ele>
        <time>2026-07-05T13:01:43.000Z</time>
      </trkpt>
      <trkpt lat="52.457571" lon="13.488612">
        <ele>38.574291</ele>
        <time>2026-07-05T13:01:46.000Z</time>
      </trkpt>
      <trkpt lat="52.457668" lon="13.488528">
        <ele>38.579104</ele>
        <time>2026-07-05T13:01:49.000Z</time>
      </trkpt>
      <trkpt lat="52.457763" lon="13.488476">
        <ele>38.583500</ele>
        <time>2026-07-05T13:01:53.000Z</time>
      </trkpt>
      <trkpt lat="52.457857" lon="13.488415">
        <ele>38.587936</ele>
        <time>2026-07-05T13:01:57.000Z</time>
      </trkpt>
      <trkpt lat="52.457943" lon="13.488373">
        <ele>38.591874</ele>
        <time>2026-07-05T13:02:04.000Z</time>
      </trkpt>
      <trkpt lat="52.458037" lon="13.488345">
        <ele>38.596067</ele>
        <time>2026-07-05T13:02:34.000Z</time>
      </trkpt>
      <trkpt lat="52.458142" lon="13.488297">
        <ele>38.600851</ele>
        <time>2026-07-05T13:02:39.000Z</time>
      </trkpt>
      <trkpt lat="52.458247" lon="13.488249">
        <ele>38.605635</ele>
        <time>2026-07-05T13:02:42.000Z</time>
      </trkpt>
      <trkpt lat="52.458338" lon="13.488237">
        <ele>38.609642</ele>
        <time>2026-07-05T13:02:54.000Z</time>
      </trkpt>
      <trkpt lat="52.458379" lon="13.488387">
        <ele>38.614038</ele>
        <time>2026-07-05T13:02:59.000Z</time>
      </trkpt>
      <trkpt lat="52.458424" lon="13.488518">
        <ele>38.618060</ele>
        <time>2026-07-05T13:03:05.000Z</time>
      </trkpt>
      <trkpt lat="52.458380" lon="13.488324">
        <ele>38.721317</ele>
        <time>2026-07-05T13:03:24.000Z</time>
      </trkpt>
      <trkpt lat="52.458475" lon="13.488317">
        <ele>38.821136</ele>
        <time>2026-07-05T13:03:38.000Z</time>
      </trkpt>
      <trkpt lat="52.458560" lon="13.488243">
        <ele>38.922134</ele>
        <time>2026-07-05T13:03:47.000Z</time>
      </trkpt>
      <trkpt lat="52.458638" lon="13.488158">
        <ele>39.020415</ele>
        <time>2026-07-05T13:03:56.000Z</time>
      </trkpt>
      <trkpt lat="52.458730" lon="13.488104">
        <ele>39.122975</ele>
        <time>2026-07-05T13:04:10.000Z</time>
      </trkpt>
      <trkpt lat="52.458802" lon="13.488005">
        <ele>39.221571</ele>
        <time>2026-07-05T13:04:18.000Z</time>
      </trkpt>
      <trkpt lat="52.458892" lon="13.487957">
        <ele>39.320904</ele>
        <time>2026-07-05T13:04:27.000Z</time>
      </trkpt>
      <trkpt lat="52.458981" lon="13.487920">
        <ele>39.417275</ele>
        <time>2026-07-05T13:04:34.000Z</time>
      </trkpt>
      <trkpt lat="52.459280" lon="13.487739">
        <ele>39.751796</ele>
        <time>2026-07-05T13:05:27.000Z</time>
      </trkpt>
      <trkpt lat="52.459329" lon="13.487560">
        <ele>39.877305</ele>
        <time>2026-07-05T13:05:30.000Z</time>
      </trkpt>
      <trkpt lat="52.459383" lon="13.487383">
        <ele>40.003910</ele>
        <time>2026-07-05T13:05:33.000Z</time>
      </trkpt>
      <trkpt lat="52.459444" lon="13.487200">
        <ele>40.137323</ele>
        <time>2026-07-05T13:05:36.000Z</time>
      </trkpt>
      <trkpt lat="52.459505" lon="13.487011">
        <ele>40.274116</ele>
        <time>2026-07-05T13:05:39.000Z</time>
      </trkpt>
      <trkpt lat="52.459557" lon="13.486822">
        <ele>40.406749</ele>
        <time>2026-07-05T13:05:42.000Z</time>
      </trkpt>
      <trkpt lat="52.459604" lon="13.486621">
        <ele>40.473321</ele>
        <time>2026-07-05T13:05:45.000Z</time>
      </trkpt>
      <trkpt lat="52.459666" lon="13.486429">
        <ele>40.346124</ele>
        <time>2026-07-05T13:05:48.000Z</time>
      </trkpt>
      <trkpt lat="52.459726" lon="13.486232">
        <ele>40.217205</ele>
        <time>2026-07-05T13:05:51.000Z</time>
      </trkpt>
      <trkpt lat="52.459772" lon="13.486092">
        <ele>40.124099</ele>
        <time>2026-07-05T13:05:53.000Z</time>
      </trkpt>
      <trkpt lat="52.459825" lon="13.485924">
        <ele>40.013359</ele>
        <time>2026-07-05T13:05:56.000Z</time>
      </trkpt>
      <trkpt lat="52.459871" lon="13.485760">
        <ele>39.907677</ele>
        <time>2026-07-05T13:05:58.000Z</time>
      </trkpt>
      <trkpt lat="52.459918" lon="13.485605">
        <ele>39.806332</ele>
        <time>2026-07-05T13:06:00.000Z</time>
      </trkpt>
      <trkpt lat="52.459959" lon="13.485457">
        <ele>39.711166</ele>
        <time>2026-07-05T13:06:02.000Z</time>
      </trkpt>
      <trkpt lat="52.460011" lon="13.485292">
        <ele>39.602428</ele>
        <time>2026-07-05T13:06:05.000Z</time>
      </trkpt>
      <trkpt lat="52.460038" lon="13.485116">
        <ele>39.496190</ele>
        <time>2026-07-05T13:06:10.000Z</time>
      </trkpt>
      <trkpt lat="52.460084" lon="13.484987">
        <ele>39.408698</ele>
        <time>2026-07-05T13:06:12.000Z</time>
      </trkpt>
      <trkpt lat="52.460132" lon="13.484831">
        <ele>39.306400</ele>
        <time>2026-07-05T13:06:14.000Z</time>
      </trkpt>
      <trkpt lat="52.460208" lon="13.484674">
        <ele>39.189027</ele>
        <time>2026-07-05T13:06:16.000Z</time>
      </trkpt>
      <trkpt lat="52.460253" lon="13.484497">
        <ele>39.076762</ele>
        <time>2026-07-05T13:06:18.000Z</time>
      </trkpt>
      <trkpt lat="52.460302" lon="13.484320">
        <ele>38.962962</ele>
        <time>2026-07-05T13:06:20.000Z</time>
      </trkpt>
      <trkpt lat="52.460346" lon="13.484151">
        <ele>38.855385</ele>
        <time>2026-07-05T13:06:22.000Z</time>
      </trkpt>
      <trkpt lat="52.460415" lon="13.483895">
        <ele>38.707282</ele>
        <time>2026-07-05T13:06:41.000Z</time>
      </trkpt>
      <trkpt lat="52.460461" lon="13.483693">
        <ele>38.603685</ele>
        <time>2026-07-05T13:06:44.000Z</time>
      </trkpt>
      <trkpt lat="52.460494" lon="13.483539">
        <ele>38.525262</ele>
        <time>2026-07-05T13:06:46.000Z</time>
      </trkpt>
      <trkpt lat="52.460534" lon="13.483360">
        <ele>38.433670</ele>
        <time>2026-07-05T13:06:48.000Z</time>
      </trkpt>
      <trkpt lat="52.460563" lon="13.483170">
        <ele>38.339575</ele>
        <time>2026-07-05T13:06:50.000Z</time>
      </trkpt>
      <trkpt lat="52.460580" lon="13.482975">
        <ele>38.244943</ele>
        <time>2026-07-05T13:06:52.000Z</time>
      </trkpt>
      <trkpt lat="52.460626" lon="13.482781">
        <ele>38.144938</ele>
        <time>2026-07-05T13:06:54.000Z</time>
      </trkpt>
      <trkpt lat="52.460648" lon="13.482582">
        <ele>38.047778</ele>
        <time>2026-07-05T13:06:56.000Z</time>
      </trkpt>
      <trkpt lat="52.460686" lon="13.482387">
        <ele>37.949427</ele>
        <time>2026-07-05T13:06:58.000Z</time>
      </trkpt>
      <trkpt lat="52.460729" lon="13.482209">
        <ele>37.857441</ele>
        <time>2026-07-05T13:07:00.000Z</time>
      </trkpt>
      <trkpt lat="52.460750" lon="13.482034">
        <ele>37.771757</ele>
        <time>2026-07-05T13:07:02.000Z</time>
      </trkpt>
      <trkpt lat="52.460794" lon="13.481876">
        <ele>37.688302</ele>
        <time>2026-07-05T13:07:04.000Z</time>
      </trkpt>
      <trkpt lat="52.460825" lon="13.481718">
        <ele>37.608562</ele>
        <time>2026-07-05T13:07:07.000Z</time>
      </trkpt>
      <trkpt lat="52.460852" lon="13.481556">
        <ele>37.527879</ele>
        <time>2026-07-05T13:07:18.000Z</time>
      </trkpt>
      <trkpt lat="52.460870" lon="13.481399">
        <ele>37.451133</ele>
        <time>2026-07-05T13:07:21.000Z</time>
      </trkpt>
      <trkpt lat="52.460893" lon="13.481205">
        <ele>37.357937</ele>
        <time>2026-07-05T13:07:24.000Z</time>
      </trkpt>
      <trkpt lat="52.460948" lon="13.481018">
        <ele>37.292425</ele>
        <time>2026-07-05T13:07:27.000Z</time>
      </trkpt>
      <trkpt lat="52.461004" lon="13.480825">
        <ele>37.224982</ele>
        <time>2026-07-05T13:07:30.000Z</time>
      </trkpt>
      <trkpt lat="52.461052" lon="13.480680">
        <ele>37.172919</ele>
        <time>2026-07-05T13:07:32.000Z</time>
      </trkpt>
      <trkpt lat="52.461109" lon="13.480523">
        <ele>37.115259</ele>
        <time>2026-07-05T13:07:34.000Z</time>
      </trkpt>
      <trkpt lat="52.461169" lon="13.480358">
        <ele>37.054636</ele>
        <time>2026-07-05T13:07:36.000Z</time>
      </trkpt>
      <trkpt lat="52.461225" lon="13.480185">
        <ele>36.992831</ele>
        <time>2026-07-05T13:07:38.000Z</time>
      </trkpt>
      <trkpt lat="52.461278" lon="13.480003">
        <ele>36.929190</ele>
        <time>2026-07-05T13:07:40.000Z</time>
      </trkpt>
      <trkpt lat="52.461333" lon="13.479821">
        <ele>36.865095</ele>
        <time>2026-07-05T13:07:42.000Z</time>
      </trkpt>
      <trkpt lat="52.461388" lon="13.479639">
        <ele>36.801000</ele>
        <time>2026-07-05T13:07:44.000Z</time>
      </trkpt>
      <trkpt lat="52.461456" lon="13.479458">
        <ele>36.733913</ele>
        <time>2026-07-05T13:07:46.000Z</time>
      </trkpt>
      <trkpt lat="52.461503" lon="13.479286">
        <ele>36.674440</ele>
        <time>2026-07-05T13:07:48.000Z</time>
      </trkpt>
      <trkpt lat="52.461557" lon="13.479122">
        <ele>36.615628</ele>
        <time>2026-07-05T13:07:50.000Z</time>
      </trkpt>
      <trkpt lat="52.461612" lon="13.478952">
        <ele>36.554901</ele>
        <time>2026-07-05T13:07:52.000Z</time>
      </trkpt>
      <trkpt lat="52.461673" lon="13.478766">
        <ele>36.488259</ele>
        <time>2026-07-05T13:07:54.000Z</time>
      </trkpt>
      <trkpt lat="52.461721" lon="13.478603">
        <ele>36.431142</ele>
        <time>2026-07-05T13:07:56.000Z</time>
      </trkpt>
      <trkpt lat="52.461772" lon="13.478427">
        <ele>36.473892</ele>
        <time>2026-07-05T13:07:58.000Z</time>
      </trkpt>
      <trkpt lat="52.461824" lon="13.478256">
        <ele>36.517853</ele>
        <time>2026-07-05T13:08:00.000Z</time>
      </trkpt>
      <trkpt lat="52.461875" lon="13.478081">
        <ele>36.562474</ele>
        <time>2026-07-05T13:08:02.000Z</time>
      </trkpt>
      <trkpt lat="52.461929" lon="13.477910">
        <ele>36.606776</ele>
        <time>2026-07-05T13:08:04.000Z</time>
      </trkpt>
      <trkpt lat="52.461991" lon="13.477746">
        <ele>36.651171</ele>
        <time>2026-07-05T13:08:06.000Z</time>
      </trkpt>
      <trkpt lat="52.462042" lon="13.477594">
        <ele>36.691085</ele>
        <time>2026-07-05T13:08:08.000Z</time>
      </trkpt>
      <trkpt lat="52.462173" lon="13.477634">
        <ele>36.741389</ele>
        <time>2026-07-05T13:08:12.000Z</time>
      </trkpt>
      <trkpt lat="52.462245" lon="13.477739">
        <ele>36.777750</ele>
        <time>2026-07-05T13:08:14.000Z</time>
      </trkpt>
      <trkpt lat="52.462346" lon="13.477812">
        <ele>36.819414</ele>
        <time>2026-07-05T13:08:16.000Z</time>
      </trkpt>
      <trkpt lat="52.462454" lon="13.477912">
        <ele>36.866227</ele>
        <time>2026-07-05T13:08:18.000Z</time>
      </trkpt>
      <trkpt lat="52.462572" lon="13.478000">
        <ele>36.915157</ele>
        <time>2026-07-05T13:08:19.999Z</time>
      </trkpt>
      <trkpt lat="52.462682" lon="13.478095">
        <ele>36.962083</ele>
        <time>2026-07-05T13:08:21.999Z</time>
      </trkpt>
      <trkpt lat="52.462804" lon="13.478167">
        <ele>37.011028</ele>
        <time>2026-07-05T13:08:23.999Z</time>
      </trkpt>
      <trkpt lat="52.462924" lon="13.478209">
        <ele>37.057349</ele>
        <time>2026-07-05T13:08:26.000Z</time>
      </trkpt>
      <trkpt lat="52.463028" lon="13.478324">
        <ele>37.104691</ele>
        <time>2026-07-05T13:08:28.000Z</time>
      </trkpt>
      <trkpt lat="52.463096" lon="13.478496">
        <ele>37.097302</ele>
        <time>2026-07-05T13:08:30.000Z</time>
      </trkpt>
      <trkpt lat="52.463178" lon="13.478663">
        <ele>37.083882</ele>
        <time>2026-07-05T13:08:32.000Z</time>
      </trkpt>
      <trkpt lat="52.463300" lon="13.478738">
        <ele>37.070503</ele>
        <time>2026-07-05T13:08:34.000Z</time>
      </trkpt>
      <trkpt lat="52.463425" lon="13.478748">
        <ele>37.057651</ele>
        <time>2026-07-05T13:08:36.000Z</time>
      </trkpt>
      <trkpt lat="52.463548" lon="13.478742">
        <ele>37.045014</ele>
        <time>2026-07-05T13:08:38.000Z</time>
      </trkpt>
      <trkpt lat="52.463677" lon="13.478746">
        <ele>37.031764</ele>
        <time>2026-07-05T13:08:40.000Z</time>
      </trkpt>
      <trkpt lat="52.463803" lon="13.478772">
        <ele>37.018723</ele>
        <time>2026-07-05T13:08:42.000Z</time>
      </trkpt>
      <trkpt lat="52.463934" lon="13.478822">
        <ele>37.004911</ele>
        <time>2026-07-05T13:08:44.000Z</time>
      </trkpt>
      <trkpt lat="52.464053" lon="13.478892">
        <ele>36.991929</ele>
        <time>2026-07-05T13:08:46.000Z</time>
      </trkpt>
      <trkpt lat="52.464164" lon="13.479009">
        <ele>36.978382</ele>
        <time>2026-07-05T13:08:48.000Z</time>
      </trkpt>
      <trkpt lat="52.464274" lon="13.479119">
        <ele>36.965154</ele>
        <time>2026-07-05T13:08:50.000Z</time>
      </trkpt>
      <trkpt lat="52.464395" lon="13.479176">
        <ele>36.952226</ele>
        <time>2026-07-05T13:08:52.000Z</time>
      </trkpt>
      <trkpt lat="52.464531" lon="13.479184">
        <ele>36.938251</ele>
        <time>2026-07-05T13:08:54.000Z</time>
      </trkpt>
      <trkpt lat="52.464661" lon="13.479090">
        <ele>36.922804</ele>
        <time>2026-07-05T13:08:56.000Z</time>
      </trkpt>
      <trkpt lat="52.464778" lon="13.478970">
        <ele>36.888166</ele>
        <time>2026-07-05T13:08:58.000Z</time>
      </trkpt>
      <trkpt lat="52.464895" lon="13.478873">
        <ele>36.855257</ele>
        <time>2026-07-05T13:09:00.000Z</time>
      </trkpt>
      <trkpt lat="52.465008" lon="13.478778">
        <ele>36.823382</ele>
        <time>2026-07-05T13:09:02.000Z</time>
      </trkpt>
      <trkpt lat="52.465127" lon="13.478717">
        <ele>36.792082</ele>
        <time>2026-07-05T13:09:04.000Z</time>
      </trkpt>
      <trkpt lat="52.465248" lon="13.478663">
        <ele>36.760600</ele>
        <time>2026-07-05T13:09:06.000Z</time>
      </trkpt>
      <trkpt lat="52.465364" lon="13.478597">
        <ele>36.729776</ele>
        <time>2026-07-05T13:09:08.000Z</time>
      </trkpt>
      <trkpt lat="52.465472" lon="13.478499">
        <ele>36.698794</ele>
        <time>2026-07-05T13:09:10.000Z</time>
      </trkpt>
      <trkpt lat="52.465584" lon="13.478406">
        <ele>36.667281</ele>
        <time>2026-07-05T13:09:12.000Z</time>
      </trkpt>
      <trkpt lat="52.465692" lon="13.478300">
        <ele>36.635688</ele>
        <time>2026-07-05T13:09:14.000Z</time>
      </trkpt>
      <trkpt lat="52.465806" lon="13.478217">
        <ele>36.604378</ele>
        <time>2026-07-05T13:09:16.000Z</time>
      </trkpt>
      <trkpt lat="52.465915" lon="13.478128">
        <ele>36.573812</ele>
        <time>2026-07-05T13:09:18.000Z</time>
      </trkpt>
      <trkpt lat="52.466022" lon="13.478039">
        <ele>36.543696</ele>
        <time>2026-07-05T13:09:20.000Z</time>
      </trkpt>
      <trkpt lat="52.466117" lon="13.477904">
        <ele>36.512148</ele>
        <time>2026-07-05T13:09:22.000Z</time>
      </trkpt>
      <trkpt lat="52.466205" lon="13.477756">
        <ele>36.480516</ele>
        <time>2026-07-05T13:09:24.000Z</time>
      </trkpt>
      <trkpt lat="52.466290" lon="13.477604">
        <ele>36.496666</ele>
        <time>2026-07-05T13:09:26.000Z</time>
      </trkpt>
      <trkpt lat="52.466384" lon="13.477468">
        <ele>36.528476</ele>
        <time>2026-07-05T13:09:28.000Z</time>
      </trkpt>
      <trkpt lat="52.466491" lon="13.477368">
        <ele>36.559734</ele>
        <time>2026-07-05T13:09:30.000Z</time>
      </trkpt>
      <trkpt lat="52.466612" lon="13.477298">
        <ele>36.592304</ele>
        <time>2026-07-05T13:09:32.000Z</time>
      </trkpt>
      <trkpt lat="52.466728" lon="13.477237">
        <ele>36.623226</ele>
        <time>2026-07-05T13:09:34.000Z</time>
      </trkpt>
      <trkpt lat="52.466840" lon="13.477151">
        <ele>36.654616</ele>
        <time>2026-07-05T13:09:36.000Z</time>
      </trkpt>
      <trkpt lat="52.466941" lon="13.477023">
        <ele>36.687010</ele>
        <time>2026-07-05T13:09:38.000Z</time>
      </trkpt>
      <trkpt lat="52.467035" lon="13.476888">
        <ele>36.718718</ele>
        <time>2026-07-05T13:09:40.000Z</time>
      </trkpt>
      <trkpt lat="52.467128" lon="13.476751">
        <ele>36.750441</ele>
        <time>2026-07-05T13:09:42.000Z</time>
      </trkpt>
      <trkpt lat="52.467220" lon="13.476614">
        <ele>36.781975</ele>
        <time>2026-07-05T13:09:44.000Z</time>
      </trkpt>
      <trkpt lat="52.467304" lon="13.476471">
        <ele>36.812697</ele>
        <time>2026-07-05T13:09:46.000Z</time>
      </trkpt>
      <trkpt lat="52.467394" lon="13.476333">
        <ele>36.843963</ele>
        <time>2026-07-05T13:09:48.000Z</time>
      </trkpt>
      <trkpt lat="52.467502" lon="13.476228">
        <ele>36.875829</ele>
        <time>2026-07-05T13:09:50.000Z</time>
      </trkpt>
      <trkpt lat="52.467618" lon="13.476152">
        <ele>36.907536</ele>
        <time>2026-07-05T13:09:52.000Z</time>
      </trkpt>
      <trkpt lat="52.467732" lon="13.476090">
        <ele>36.917818</ele>
        <time>2026-07-05T13:09:54.000Z</time>
      </trkpt>
      <trkpt lat="52.467841" lon="13.476011">
        <ele>36.878071</ele>
        <time>2026-07-05T13:09:56.000Z</time>
      </trkpt>
      <trkpt lat="52.467946" lon="13.475911">
        <ele>36.837577</ele>
        <time>2026-07-05T13:09:58.000Z</time>
      </trkpt>
      <trkpt lat="52.468044" lon="13.475800">
        <ele>36.797859</ele>
        <time>2026-07-05T13:10:00.000Z</time>
      </trkpt>
      <trkpt lat="52.468147" lon="13.475680">
        <ele>36.755726</ele>
        <time>2026-07-05T13:10:02.000Z</time>
      </trkpt>
      <trkpt lat="52.468244" lon="13.475597">
        <ele>36.719237</ele>
        <time>2026-07-05T13:10:04.000Z</time>
      </trkpt>
      <trkpt lat="52.468326" lon="13.475473">
        <ele>36.682045</ele>
        <time>2026-07-05T13:10:06.000Z</time>
      </trkpt>
      <trkpt lat="52.468391" lon="13.475310">
        <ele>36.642455</ele>
        <time>2026-07-05T13:10:08.000Z</time>
      </trkpt>
      <trkpt lat="52.468442" lon="13.475133">
        <ele>36.602666</ele>
        <time>2026-07-05T13:10:10.000Z</time>
      </trkpt>
      <trkpt lat="52.468528" lon="13.474996">
        <ele>36.562690</ele>
        <time>2026-07-05T13:10:12.000Z</time>
      </trkpt>
      <trkpt lat="52.468628" lon="13.474885">
        <ele>36.522421</ele>
        <time>2026-07-05T13:10:14.000Z</time>
      </trkpt>
      <trkpt lat="52.468740" lon="13.474791">
        <ele>36.480460</ele>
        <time>2026-07-05T13:10:16.000Z</time>
      </trkpt>
      <trkpt lat="52.468828" lon="13.474678">
        <ele>36.443190</ele>
        <time>2026-07-05T13:10:18.000Z</time>
      </trkpt>
      <trkpt lat="52.468935" lon="13.474574">
        <ele>36.401710</ele>
        <time>2026-07-05T13:10:20.000Z</time>
      </trkpt>
      <trkpt lat="52.469022" lon="13.474442">
        <ele>36.362190</ele>
        <time>2026-07-05T13:10:22.000Z</time>
      </trkpt>
      <trkpt lat="52.469112" lon="13.474302">
        <ele>36.336506</ele>
        <time>2026-07-05T13:10:24.000Z</time>
      </trkpt>
      <trkpt lat="52.469230" lon="13.474239">
        <ele>36.371701</ele>
        <time>2026-07-05T13:10:26.000Z</time>
      </trkpt>
      <trkpt lat="52.469356" lon="13.474230">
        <ele>36.407474</ele>
        <time>2026-07-05T13:10:28.000Z</time>
      </trkpt>
      <trkpt lat="52.469470" lon="13.474179">
        <ele>36.440988</ele>
        <time>2026-07-05T13:10:30.000Z</time>
      </trkpt>
      <trkpt lat="52.469574" lon="13.474082">
        <ele>36.474916</ele>
        <time>2026-07-05T13:10:32.000Z</time>
      </trkpt>
      <trkpt lat="52.469660" lon="13.473953">
        <ele>36.507959</ele>
        <time>2026-07-05T13:10:34.000Z</time>
      </trkpt>
      <trkpt lat="52.469738" lon="13.473794">
        <ele>36.543233</ele>
        <time>2026-07-05T13:10:36.000Z</time>
      </trkpt>
      <trkpt lat="52.469827" lon="13.473669">
        <ele>36.576456</ele>
        <time>2026-07-05T13:10:38.000Z</time>
      </trkpt>
      <trkpt lat="52.469923" lon="13.473553">
        <ele>36.610267</ele>
        <time>2026-07-05T13:10:40.000Z</time>
      </trkpt>
      <trkpt lat="52.470012" lon="13.473435">
        <ele>36.642716</ele>
        <time>2026-07-05T13:10:42.000Z</time>
      </trkpt>
      <trkpt lat="52.470086" lon="13.473279">
        <ele>36.676879</ele>
        <time>2026-07-05T13:10:44.000Z</time>
      </trkpt>
      <trkpt lat="52.470099" lon="13.473092">
        <ele>36.709400</ele>
        <time>2026-07-05T13:10:46.000Z</time>
      </trkpt>
      <trkpt lat="52.470171" lon="13.472939">
        <ele>36.742806</ele>
        <time>2026-07-05T13:10:48.000Z</time>
      </trkpt>
      <trkpt lat="52.470272" lon="13.472835">
        <ele>36.776623</ele>
        <time>2026-07-05T13:10:50.000Z</time>
      </trkpt>
      <trkpt lat="52.470358" lon="13.472759">
        <ele>36.804326</ele>
        <time>2026-07-05T13:10:52.000Z</time>
      </trkpt>
      <trkpt lat="52.470460" lon="13.472801">
        <ele>36.834154</ele>
        <time>2026-07-05T13:10:54.000Z</time>
      </trkpt>
      <trkpt lat="52.470544" lon="13.472863">
        <ele>36.864453</ele>
        <time>2026-07-05T13:10:56.000Z</time>
      </trkpt>
      <trkpt lat="52.470656" lon="13.472890">
        <ele>36.903004</ele>
        <time>2026-07-05T13:10:58.000Z</time>
      </trkpt>
      <trkpt lat="52.470764" lon="13.472942">
        <ele>36.941333</ele>
        <time>2026-07-05T13:11:00.000Z</time>
      </trkpt>
      <trkpt lat="52.470877" lon="13.472969">
        <ele>36.980221</ele>
        <time>2026-07-05T13:11:02.000Z</time>
      </trkpt>
      <trkpt lat="52.470987" lon="13.472879">
        <ele>37.022077</ele>
        <time>2026-07-05T13:11:04.000Z</time>
      </trkpt>
      <trkpt lat="52.471085" lon="13.472754">
        <ele>37.064342</ele>
        <time>2026-07-05T13:11:06.000Z</time>
      </trkpt>
      <trkpt lat="52.471185" lon="13.472638">
        <ele>37.106041</ele>
        <time>2026-07-05T13:11:08.000Z</time>
      </trkpt>
      <trkpt lat="52.471297" lon="13.472562">
        <ele>37.147313</ele>
        <time>2026-07-05T13:11:10.000Z</time>
      </trkpt>
      <trkpt lat="52.471409" lon="13.472475">
        <ele>37.189510</ele>
        <time>2026-07-05T13:11:12.000Z</time>
      </trkpt>
      <trkpt lat="52.471519" lon="13.472375">
        <ele>37.232332</ele>
        <time>2026-07-05T13:11:14.000Z</time>
      </trkpt>
      <trkpt lat="52.471623" lon="13.472258">
        <ele>37.275268</ele>
        <time>2026-07-05T13:11:16.000Z</time>
      </trkpt>
      <trkpt lat="52.471701" lon="13.472102">
        <ele>37.317136</ele>
        <time>2026-07-05T13:11:18.000Z</time>
      </trkpt>
      <trkpt lat="52.471773" lon="13.471938">
        <ele>37.359073</ele>
        <time>2026-07-05T13:11:20.000Z</time>
      </trkpt>
      <trkpt lat="52.471847" lon="13.471773">
        <ele>37.401578</ele>
        <time>2026-07-05T13:11:22.000Z</time>
      </trkpt>
      <trkpt lat="52.471926" lon="13.471608">
        <ele>37.445115</ele>
        <time>2026-07-05T13:11:24.000Z</time>
      </trkpt>
      <trkpt lat="52.472015" lon="13.471460">
        <ele>37.483502</ele>
        <time>2026-07-05T13:11:26.000Z</time>
      </trkpt>
      <trkpt lat="52.472110" lon="13.471316">
        <ele>37.521760</ele>
        <time>2026-07-05T13:11:28.000Z</time>
      </trkpt>
      <trkpt lat="52.472198" lon="13.471190">
        <ele>37.556309</ele>
        <time>2026-07-05T13:11:30.000Z</time>
      </trkpt>
      <trkpt lat="52.472307" lon="13.471095">
        <ele>37.592824</ele>
        <time>2026-07-05T13:11:32.000Z</time>
      </trkpt>
      <trkpt lat="52.472436" lon="13.471092">
        <ele>37.630996</ele>
        <time>2026-07-05T13:11:34.000Z</time>
      </trkpt>
      <trkpt lat="52.472557" lon="13.471036">
        <ele>37.668193</ele>
        <time>2026-07-05T13:11:36.000Z</time>
      </trkpt>
      <trkpt lat="52.472670" lon="13.470987">
        <ele>37.702774</ele>
        <time>2026-07-05T13:11:38.000Z</time>
      </trkpt>
      <trkpt lat="52.472795" lon="13.470957">
        <ele>37.740152</ele>
        <time>2026-07-05T13:11:40.000Z</time>
      </trkpt>
      <trkpt lat="52.472912" lon="13.470941">
        <ele>37.774890</ele>
        <time>2026-07-05T13:11:42.000Z</time>
      </trkpt>
      <trkpt lat="52.473002" lon="13.470818">
        <ele>37.809539</ele>
        <time>2026-07-05T13:11:44.000Z</time>
      </trkpt>
      <trkpt lat="52.473086" lon="13.470727">
        <ele>37.839316</ele>
        <time>2026-07-05T13:11:46.000Z</time>
      </trkpt>
      <trkpt lat="52.473187" lon="13.470639">
        <ele>37.873148</ele>
        <time>2026-07-05T13:11:49.000Z</time>
      </trkpt>
      <trkpt lat="52.473236" lon="13.470514">
        <ele>37.899939</ele>
        <time>2026-07-05T13:11:54.000Z</time>
      </trkpt>
      <trkpt lat="52.473172" lon="13.470367">
        <ele>37.932504</ele>
        <time>2026-07-05T13:11:57.000Z</time>
      </trkpt>
      <trkpt lat="52.473132" lon="13.470222">
        <ele>37.961192</ele>
        <time>2026-07-05T13:12:00.000Z</time>
      </trkpt>
      <trkpt lat="52.473216" lon="13.470154">
        <ele>37.966427</ele>
        <time>2026-07-05T13:12:04.000Z</time>
      </trkpt>
      <trkpt lat="52.473342" lon="13.470161">
        <ele>37.825974</ele>
        <time>2026-07-05T13:12:07.000Z</time>
      </trkpt>
      <trkpt lat="52.473433" lon="13.470188">
        <ele>37.722951</ele>
        <time>2026-07-05T13:12:09.000Z</time>
      </trkpt>
      <trkpt lat="52.473539" lon="13.470197">
        <ele>37.604701</ele>
        <time>2026-07-05T13:12:11.000Z</time>
      </trkpt>
      <trkpt lat="52.473643" lon="13.470189">
        <ele>37.488711</ele>
        <time>2026-07-05T13:12:13.000Z</time>
      </trkpt>
      <trkpt lat="52.473746" lon="13.470138">
        <ele>37.368856</ele>
        <time>2026-07-05T13:12:15.000Z</time>
      </trkpt>
      <trkpt lat="52.473860" lon="13.470086">
        <ele>37.237040</ele>
        <time>2026-07-05T13:12:17.000Z</time>
      </trkpt>
      <trkpt lat="52.473981" lon="13.470077">
        <ele>37.102099</ele>
        <time>2026-07-05T13:12:19.000Z</time>
      </trkpt>
      <trkpt lat="52.474103" lon="13.470133">
        <ele>36.960970</ele>
        <time>2026-07-05T13:12:21.000Z</time>
      </trkpt>
      <trkpt lat="52.474219" lon="13.470246">
        <ele>36.810700</ele>
        <time>2026-07-05T13:12:23.000Z</time>
      </trkpt>
      <trkpt lat="52.474330" lon="13.470355">
        <ele>36.666604</ele>
        <time>2026-07-05T13:12:25.000Z</time>
      </trkpt>
      <trkpt lat="52.474450" lon="13.470421">
        <ele>36.525613</ele>
        <time>2026-07-05T13:12:27.000Z</time>
      </trkpt>
      <trkpt lat="52.474579" lon="13.470464">
        <ele>36.378965</ele>
        <time>2026-07-05T13:12:29.000Z</time>
      </trkpt>
      <trkpt lat="52.474704" lon="13.470488">
        <ele>36.238757</ele>
        <time>2026-07-05T13:12:31.000Z</time>
      </trkpt>
      <trkpt lat="52.474835" lon="13.470516">
        <ele>36.091582</ele>
        <time>2026-07-05T13:12:33.000Z</time>
      </trkpt>
      <trkpt lat="52.474964" lon="13.470509">
        <ele>35.987457</ele>
        <time>2026-07-05T13:12:35.000Z</time>
      </trkpt>
      <trkpt lat="52.475092" lon="13.470552">
        <ele>36.019123</ele>
        <time>2026-07-05T13:12:37.000Z</time>
      </trkpt>
      <trkpt lat="52.475216" lon="13.470609">
        <ele>36.050333</ele>
        <time>2026-07-05T13:12:39.000Z</time>
      </trkpt>
      <trkpt lat="52.475326" lon="13.470703">
        <ele>36.080389</ele>
        <time>2026-07-05T13:12:41.000Z</time>
      </trkpt>
      <trkpt lat="52.475425" lon="13.470802">
        <ele>36.108484</ele>
        <time>2026-07-05T13:12:43.000Z</time>
      </trkpt>
      <trkpt lat="52.475544" lon="13.470856">
        <ele>36.138407</ele>
        <time>2026-07-05T13:12:45.000Z</time>
      </trkpt>
      <trkpt lat="52.475667" lon="13.470904">
        <ele>36.169049</ele>
        <time>2026-07-05T13:12:47.000Z</time>
      </trkpt>
      <trkpt lat="52.475787" lon="13.470925">
        <ele>36.198299</ele>
        <time>2026-07-05T13:12:49.000Z</time>
      </trkpt>
      <trkpt lat="52.475907" lon="13.470939">
        <ele>36.227456</ele>
        <time>2026-07-05T13:12:51.000Z</time>
      </trkpt>
      <trkpt lat="52.476031" lon="13.470953">
        <ele>36.257581</ele>
        <time>2026-07-05T13:12:53.000Z</time>
      </trkpt>
      <trkpt lat="52.476144" lon="13.470970">
        <ele>36.285084</ele>
        <time>2026-07-05T13:12:55.000Z</time>
      </trkpt>
      <trkpt lat="52.476275" lon="13.470968">
        <ele>36.316835</ele>
        <time>2026-07-05T13:12:57.000Z</time>
      </trkpt>
      <trkpt lat="52.476373" lon="13.471048">
        <ele>36.343362</ele>
        <time>2026-07-05T13:12:59.000Z</time>
      </trkpt>
      <trkpt lat="52.476462" lon="13.471150">
        <ele>36.369668</ele>
        <time>2026-07-05T13:13:01.000Z</time>
      </trkpt>
      <trkpt lat="52.476543" lon="13.471268">
        <ele>36.395914</ele>
        <time>2026-07-05T13:13:04.000Z</time>
      </trkpt>
      <trkpt lat="52.476617" lon="13.471358">
        <ele>36.419686</ele>
        <time>2026-07-05T13:13:09.000Z</time>
      </trkpt>
      <trkpt lat="52.476696" lon="13.471264">
        <ele>36.461120</ele>
        <time>2026-07-05T13:13:11.000Z</time>
      </trkpt>
      <trkpt lat="52.476809" lon="13.471173">
        <ele>36.514572</ele>
        <time>2026-07-05T13:13:15.000Z</time>
      </trkpt>
      <trkpt lat="52.476887" lon="13.471066">
        <ele>36.557738</ele>
        <time>2026-07-05T13:13:17.000Z</time>
      </trkpt>
      <trkpt lat="52.476971" lon="13.470959">
        <ele>36.602889</ele>
        <time>2026-07-05T13:13:19.000Z</time>
      </trkpt>
      <trkpt lat="52.477052" lon="13.470837">
        <ele>36.649570</ele>
        <time>2026-07-05T13:13:21.000Z</time>
      </trkpt>
      <trkpt lat="52.477136" lon="13.470717">
        <ele>36.696857</ele>
        <time>2026-07-05T13:13:23.000Z</time>
      </trkpt>
      <trkpt lat="52.477220" lon="13.470593">
        <ele>36.744830</ele>
        <time>2026-07-05T13:13:25.000Z</time>
      </trkpt>
      <trkpt lat="52.477299" lon="13.470488">
        <ele>36.787995</ele>
        <time>2026-07-05T13:13:27.000Z</time>
      </trkpt>
      <trkpt lat="52.477388" lon="13.470354">
        <ele>36.839278</ele>
        <time>2026-07-05T13:13:29.000Z</time>
      </trkpt>
      <trkpt lat="52.477476" lon="13.470235">
        <ele>36.887694</ele>
        <time>2026-07-05T13:13:31.000Z</time>
      </trkpt>
      <trkpt lat="52.477564" lon="13.470103">
        <ele>36.938315</ele>
        <time>2026-07-05T13:13:33.000Z</time>
      </trkpt>
      <trkpt lat="52.477657" lon="13.469986">
        <ele>36.988072</ele>
        <time>2026-07-05T13:13:35.000Z</time>
      </trkpt>
      <trkpt lat="52.477745" lon="13.469861">
        <ele>37.037489</ele>
        <time>2026-07-05T13:13:37.000Z</time>
      </trkpt>
      <trkpt lat="52.477833" lon="13.469730">
        <ele>37.087936</ele>
        <time>2026-07-05T13:13:39.000Z</time>
      </trkpt>
      <trkpt lat="52.477924" lon="13.469603">
        <ele>37.138657</ele>
        <time>2026-07-05T13:13:41.000Z</time>
      </trkpt>
      <trkpt lat="52.478013" lon="13.469479">
        <ele>37.180666</ele>
        <time>2026-07-05T13:13:43.000Z</time>
      </trkpt>
      <trkpt lat="52.478105" lon="13.469356">
        <ele>37.183843</ele>
        <time>2026-07-05T13:13:45.000Z</time>
      </trkpt>
      <trkpt lat="52.478199" lon="13.469242">
        <ele>37.186971</ele>
        <time>2026-07-05T13:13:47.000Z</time>
      </trkpt>
      <trkpt lat="52.478296" lon="13.469124">
        <ele>37.190203</ele>
        <time>2026-07-05T13:13:49.000Z</time>
      </trkpt>
      <trkpt lat="52.478391" lon="13.469011">
        <ele>37.193343</ele>
        <time>2026-07-05T13:13:51.000Z</time>
      </trkpt>
      <trkpt lat="52.478485" lon="13.468891">
        <ele>37.196531</ele>
        <time>2026-07-05T13:13:53.000Z</time>
      </trkpt>
      <trkpt lat="52.478572" lon="13.468773">
        <ele>37.199552</ele>
        <time>2026-07-05T13:13:55.000Z</time>
      </trkpt>
      <trkpt lat="52.478664" lon="13.468650">
        <ele>37.202728</ele>
        <time>2026-07-05T13:13:57.000Z</time>
      </trkpt>
      <trkpt lat="52.478749" lon="13.468532">
        <ele>37.205708</ele>
        <time>2026-07-05T13:13:59.000Z</time>
      </trkpt>
      <trkpt lat="52.478835" lon="13.468406">
        <ele>37.208793</ele>
        <time>2026-07-05T13:14:01.000Z</time>
      </trkpt>
      <trkpt lat="52.478921" lon="13.468283">
        <ele>37.211846</ele>
        <time>2026-07-05T13:14:03.000Z</time>
      </trkpt>
      <trkpt lat="52.479008" lon="13.468157">
        <ele>37.214952</ele>
        <time>2026-07-05T13:14:05.000Z</time>
      </trkpt>
      <trkpt lat="52.479089" lon="13.468042">
        <ele>37.217819</ele>
        <time>2026-07-05T13:14:07.000Z</time>
      </trkpt>
      <trkpt lat="52.479186" lon="13.467918">
        <ele>37.221110</ele>
        <time>2026-07-05T13:14:09.000Z</time>
      </trkpt>
      <trkpt lat="52.479279" lon="13.467778">
        <ele>37.224487</ele>
        <time>2026-07-05T13:14:11.000Z</time>
      </trkpt>
      <trkpt lat="52.479375" lon="13.467650">
        <ele>37.227798</ele>
        <time>2026-07-05T13:14:13.000Z</time>
      </trkpt>
      <trkpt lat="52.479470" lon="13.467515">
        <ele>37.268579</ele>
        <time>2026-07-05T13:14:15.000Z</time>
      </trkpt>
      <trkpt lat="52.479569" lon="13.467384">
        <ele>37.316617</ele>
        <time>2026-07-05T13:14:17.000Z</time>
      </trkpt>
      <trkpt lat="52.479666" lon="13.467245">
        <ele>37.365259</ele>
        <time>2026-07-05T13:14:19.000Z</time>
      </trkpt>
      <trkpt lat="52.479760" lon="13.467108">
        <ele>37.412747</ele>
        <time>2026-07-05T13:14:21.000Z</time>
      </trkpt>
      <trkpt lat="52.479857" lon="13.466973">
        <ele>37.460789</ele>
        <time>2026-07-05T13:14:23.000Z</time>
      </trkpt>
      <trkpt lat="52.479958" lon="13.466828">
        <ele>37.511477</ele>
        <time>2026-07-05T13:14:25.000Z</time>
      </trkpt>
      <trkpt lat="52.480050" lon="13.466690">
        <ele>37.558557</ele>
        <time>2026-07-05T13:14:27.000Z</time>
      </trkpt>
      <trkpt lat="52.480138" lon="13.466553">
        <ele>37.604373</ele>
        <time>2026-07-05T13:14:29.000Z</time>
      </trkpt>
      <trkpt lat="52.480237" lon="13.466427">
        <ele>37.651698</ele>
        <time>2026-07-05T13:14:31.000Z</time>
      </trkpt>
      <trkpt lat="52.480322" lon="13.466307">
        <ele>37.694051</ele>
        <time>2026-07-05T13:14:33.000Z</time>
      </trkpt>
      <trkpt lat="52.480412" lon="13.466183">
        <ele>37.738439</ele>
        <time>2026-07-05T13:14:35.000Z</time>
      </trkpt>
      <trkpt lat="52.480496" lon="13.466059">
        <ele>37.781115</ele>
        <time>2026-07-05T13:14:37.000Z</time>
      </trkpt>
      <trkpt lat="52.480583" lon="13.465940">
        <ele>37.823896</ele>
        <time>2026-07-05T13:14:39.000Z</time>
      </trkpt>
      <trkpt lat="52.480667" lon="13.465813">
        <ele>37.867037</ele>
        <time>2026-07-05T13:14:41.000Z</time>
      </trkpt>
      <trkpt lat="52.480753" lon="13.465688">
        <ele>37.907118</ele>
        <time>2026-07-05T13:14:43.000Z</time>
      </trkpt>
      <trkpt lat="52.480842" lon="13.465569">
        <ele>37.894634</ele>
        <time>2026-07-05T13:14:45.000Z</time>
      </trkpt>
      <trkpt lat="52.480926" lon="13.465446">
        <ele>37.882392</ele>
        <time>2026-07-05T13:14:47.000Z</time>
      </trkpt>
      <trkpt lat="52.481014" lon="13.465326">
        <ele>37.869950</ele>
        <time>2026-07-05T13:14:49.000Z</time>
      </trkpt>
      <trkpt lat="52.481100" lon="13.465206">
        <ele>37.857674</ele>
        <time>2026-07-05T13:14:51.000Z</time>
      </trkpt>
      <trkpt lat="52.481188" lon="13.465086">
        <ele>37.845232</ele>
        <time>2026-07-05T13:14:53.000Z</time>
      </trkpt>
      <trkpt lat="52.481279" lon="13.464959">
        <ele>37.832242</ele>
        <time>2026-07-05T13:14:55.000Z</time>
      </trkpt>
      <trkpt lat="52.481366" lon="13.464834">
        <ele>37.819668</ele>
        <time>2026-07-05T13:14:57.000Z</time>
      </trkpt>
      <trkpt lat="52.481453" lon="13.464713">
        <ele>37.807267</ele>
        <time>2026-07-05T13:14:59.000Z</time>
      </trkpt>
      <trkpt lat="52.481535" lon="13.464603">
        <ele>37.795750</ele>
        <time>2026-07-05T13:15:01.000Z</time>
      </trkpt>
      <trkpt lat="52.481616" lon="13.464483">
        <ele>37.783884</ele>
        <time>2026-07-05T13:15:03.000Z</time>
      </trkpt>
      <trkpt lat="52.481698" lon="13.464366">
        <ele>37.772068</ele>
        <time>2026-07-05T13:15:05.000Z</time>
      </trkpt>
      <trkpt lat="52.481779" lon="13.464251">
        <ele>37.760421</ele>
        <time>2026-07-05T13:15:07.000Z</time>
      </trkpt>
      <trkpt lat="52.481862" lon="13.464128">
        <ele>37.748260</ele>
        <time>2026-07-05T13:15:09.000Z</time>
      </trkpt>
      <trkpt lat="52.481946" lon="13.463999">
        <ele>37.735750</ele>
        <time>2026-07-05T13:15:11.000Z</time>
      </trkpt>
      <trkpt lat="52.482034" lon="13.463878">
        <ele>37.723266</ele>
        <time>2026-07-05T13:15:13.000Z</time>
      </trkpt>
      <trkpt lat="52.482123" lon="13.463755">
        <ele>37.713245</ele>
        <time>2026-07-05T13:15:15.000Z</time>
      </trkpt>
      <trkpt lat="52.482212" lon="13.463631">
        <ele>37.721308</ele>
        <time>2026-07-05T13:15:17.000Z</time>
      </trkpt>
      <trkpt lat="52.482299" lon="13.463499">
        <ele>37.729491</ele>
        <time>2026-07-05T13:15:19.000Z</time>
      </trkpt>
      <trkpt lat="52.482388" lon="13.463366">
        <ele>37.737804</ele>
        <time>2026-07-05T13:15:21.000Z</time>
      </trkpt>
      <trkpt lat="52.482479" lon="13.463244">
        <ele>37.745920</ele>
        <time>2026-07-05T13:15:23.000Z</time>
      </trkpt>
      <trkpt lat="52.482569" lon="13.463117">
        <ele>37.754118</ele>
        <time>2026-07-05T13:15:25.000Z</time>
      </trkpt>
      <trkpt lat="52.482656" lon="13.462995">
        <ele>37.762021</ele>
        <time>2026-07-05T13:15:27.000Z</time>
      </trkpt>
      <trkpt lat="52.482748" lon="13.462875">
        <ele>37.770138</ele>
        <time>2026-07-05T13:15:29.000Z</time>
      </trkpt>
      <trkpt lat="52.482839" lon="13.462748">
        <ele>37.778388</ele>
        <time>2026-07-05T13:15:31.000Z</time>
      </trkpt>
      <trkpt lat="52.482928" lon="13.462609">
        <ele>37.786873</ele>
        <time>2026-07-05T13:15:33.000Z</time>
      </trkpt>
      <trkpt lat="52.483016" lon="13.462482">
        <ele>37.794966</ele>
        <time>2026-07-05T13:15:35.000Z</time>
      </trkpt>
      <trkpt lat="52.483106" lon="13.462347">
        <ele>37.803387</ele>
        <time>2026-07-05T13:15:37.000Z</time>
      </trkpt>
      <trkpt lat="52.483189" lon="13.462229">
        <ele>37.810971</ele>
        <time>2026-07-05T13:15:39.000Z</time>
      </trkpt>
      <trkpt lat="52.483272" lon="13.462122">
        <ele>37.818261</ele>
        <time>2026-07-05T13:15:41.000Z</time>
      </trkpt>
      <trkpt lat="52.483354" lon="13.462006">
        <ele>37.825738</ele>
        <time>2026-07-05T13:15:43.000Z</time>
      </trkpt>
      <trkpt lat="52.483434" lon="13.461895">
        <ele>37.832973</ele>
        <time>2026-07-05T13:15:45.000Z</time>
      </trkpt>
      <trkpt lat="52.483508" lon="13.461779">
        <ele>37.862127</ele>
        <time>2026-07-05T13:15:47.000Z</time>
      </trkpt>
      <trkpt lat="52.483581" lon="13.461677">
        <ele>37.909764</ele>
        <time>2026-07-05T13:15:49.000Z</time>
      </trkpt>
      <trkpt lat="52.483649" lon="13.461572">
        <ele>37.956154</ele>
        <time>2026-07-05T13:15:51.000Z</time>
      </trkpt>
      <trkpt lat="52.483751" lon="13.461443">
        <ele>38.020139</ele>
        <time>2026-07-05T13:15:54.000Z</time>
      </trkpt>
      <trkpt lat="52.483819" lon="13.461341">
        <ele>38.065911</ele>
        <time>2026-07-05T13:15:56.000Z</time>
      </trkpt>
      <trkpt lat="52.483888" lon="13.461234">
        <ele>38.113078</ele>
        <time>2026-07-05T13:15:58.000Z</time>
      </trkpt>
      <trkpt lat="52.483963" lon="13.461137">
        <ele>38.160525</ele>
        <time>2026-07-05T13:16:00.000Z</time>
      </trkpt>
      <trkpt lat="52.484038" lon="13.461030">
        <ele>38.209902</ele>
        <time>2026-07-05T13:16:02.000Z</time>
      </trkpt>
      <trkpt lat="52.484112" lon="13.460928">
        <ele>38.257918</ele>
        <time>2026-07-05T13:16:04.000Z</time>
      </trkpt>
      <trkpt lat="52.484182" lon="13.460827">
        <ele>38.304229</ele>
        <time>2026-07-05T13:16:06.000Z</time>
      </trkpt>
      <trkpt lat="52.484282" lon="13.460680">
        <ele>38.370932</ele>
        <time>2026-07-05T13:16:09.000Z</time>
      </trkpt>
      <trkpt lat="52.484353" lon="13.460581">
        <ele>38.417223</ele>
        <time>2026-07-05T13:16:11.000Z</time>
      </trkpt>
      <trkpt lat="52.484425" lon="13.460476">
        <ele>38.465080</ele>
        <time>2026-07-05T13:16:13.000Z</time>
      </trkpt>
      <trkpt lat="52.484499" lon="13.460373">
        <ele>38.513292</ele>
        <time>2026-07-05T13:16:15.000Z</time>
      </trkpt>
      <trkpt lat="52.484571" lon="13.460274">
        <ele>38.559963</ele>
        <time>2026-07-05T13:16:17.000Z</time>
      </trkpt>
      <trkpt lat="52.484642" lon="13.460164">
        <ele>38.608475</ele>
        <time>2026-07-05T13:16:19.000Z</time>
      </trkpt>
      <trkpt lat="52.484713" lon="13.460049">
        <ele>38.658038</ele>
        <time>2026-07-05T13:16:21.000Z</time>
      </trkpt>
      <trkpt lat="52.484784" lon="13.459933">
        <ele>38.707814</ele>
        <time>2026-07-05T13:16:23.000Z</time>
      </trkpt>
      <trkpt lat="52.484860" lon="13.459812">
        <ele>38.720552</ele>
        <time>2026-07-05T13:16:25.000Z</time>
      </trkpt>
      <trkpt lat="52.484939" lon="13.459688">
        <ele>38.702795</ele>
        <time>2026-07-05T13:16:27.000Z</time>
      </trkpt>
      <trkpt lat="52.485019" lon="13.459562">
        <ele>38.684784</ele>
        <time>2026-07-05T13:16:29.000Z</time>
      </trkpt>
      <trkpt lat="52.485098" lon="13.459437">
        <ele>38.666959</ele>
        <time>2026-07-05T13:16:31.000Z</time>
      </trkpt>
      <trkpt lat="52.485181" lon="13.459317">
        <ele>38.648990</ele>
        <time>2026-07-05T13:16:33.000Z</time>
      </trkpt>
      <trkpt lat="52.485266" lon="13.459189">
        <ele>38.630251</ele>
        <time>2026-07-05T13:16:35.000Z</time>
      </trkpt>
      <trkpt lat="52.485344" lon="13.459064">
        <ele>38.612543</ele>
        <time>2026-07-05T13:16:37.000Z</time>
      </trkpt>
      <trkpt lat="52.485428" lon="13.458951">
        <ele>38.594899</ele>
        <time>2026-07-05T13:16:39.000Z</time>
      </trkpt>
      <trkpt lat="52.485511" lon="13.458825">
        <ele>38.576533</ele>
        <time>2026-07-05T13:16:41.000Z</time>
      </trkpt>
      <trkpt lat="52.485601" lon="13.458712">
        <ele>38.558125</ele>
        <time>2026-07-05T13:16:43.000Z</time>
      </trkpt>
      <trkpt lat="52.485688" lon="13.458582">
        <ele>38.539013</ele>
        <time>2026-07-05T13:16:45.000Z</time>
      </trkpt>
      <trkpt lat="52.485782" lon="13.458467">
        <ele>38.519967</ele>
        <time>2026-07-05T13:16:47.000Z</time>
      </trkpt>
      <trkpt lat="52.485877" lon="13.458359">
        <ele>38.501193</ele>
        <time>2026-07-05T13:16:49.000Z</time>
      </trkpt>
      <trkpt lat="52.485966" lon="13.458237">
        <ele>38.482356</ele>
        <time>2026-07-05T13:16:51.000Z</time>
      </trkpt>
      <trkpt lat="52.486054" lon="13.458120">
        <ele>38.463959</ele>
        <time>2026-07-05T13:16:53.000Z</time>
      </trkpt>
      <trkpt lat="52.486138" lon="13.458000">
        <ele>38.445868</ele>
        <time>2026-07-05T13:16:55.000Z</time>
      </trkpt>
      <trkpt lat="52.486222" lon="13.457878">
        <ele>38.413332</ele>
        <time>2026-07-05T13:16:57.000Z</time>
      </trkpt>
      <trkpt lat="52.486309" lon="13.457758">
        <ele>38.369652</ele>
        <time>2026-07-05T13:16:59.000Z</time>
      </trkpt>
      <trkpt lat="52.486392" lon="13.457634">
        <ele>38.326514</ele>
        <time>2026-07-05T13:17:01.000Z</time>
      </trkpt>
      <trkpt lat="52.486470" lon="13.457506">
        <ele>38.284121</ele>
        <time>2026-07-05T13:17:03.000Z</time>
      </trkpt>
      <trkpt lat="52.486563" lon="13.457403">
        <ele>38.240997</ele>
        <time>2026-07-05T13:17:05.000Z</time>
      </trkpt>
      <trkpt lat="52.486645" lon="13.457285">
        <ele>38.199081</ele>
        <time>2026-07-05T13:17:07.000Z</time>
      </trkpt>
      <trkpt lat="52.486728" lon="13.457169">
        <ele>38.157181</ele>
        <time>2026-07-05T13:17:09.000Z</time>
      </trkpt>
      <trkpt lat="52.486810" lon="13.457054">
        <ele>38.115725</ele>
        <time>2026-07-05T13:17:11.000Z</time>
      </trkpt>
      <trkpt lat="52.486890" lon="13.456942">
        <ele>38.075309</ele>
        <time>2026-07-05T13:17:13.000Z</time>
      </trkpt>
      <trkpt lat="52.486968" lon="13.456832">
        <ele>38.035783</ele>
        <time>2026-07-05T13:17:15.000Z</time>
      </trkpt>
      <trkpt lat="52.487054" lon="13.456711">
        <ele>37.992245</ele>
        <time>2026-07-05T13:17:17.000Z</time>
      </trkpt>
      <trkpt lat="52.487137" lon="13.456592">
        <ele>37.949886</ele>
        <time>2026-07-05T13:17:19.000Z</time>
      </trkpt>
      <trkpt lat="52.487215" lon="13.456480">
        <ele>37.910053</ele>
        <time>2026-07-05T13:17:21.000Z</time>
      </trkpt>
      <trkpt lat="52.487297" lon="13.456363">
        <ele>37.868292</ele>
        <time>2026-07-05T13:17:23.000Z</time>
      </trkpt>
      <trkpt lat="52.487382" lon="13.456241">
        <ele>37.824892</ele>
        <time>2026-07-05T13:17:25.000Z</time>
      </trkpt>
      <trkpt lat="52.487465" lon="13.456107">
        <ele>37.780146</ele>
        <time>2026-07-05T13:17:27.000Z</time>
      </trkpt>
      <trkpt lat="52.487553" lon="13.455982">
        <ele>37.744036</ele>
        <time>2026-07-05T13:17:29.000Z</time>
      </trkpt>
      <trkpt lat="52.487638" lon="13.455854">
        <ele>37.733729</ele>
        <time>2026-07-05T13:17:31.000Z</time>
      </trkpt>
      <trkpt lat="52.487720" lon="13.455738">
        <ele>37.724057</ele>
        <time>2026-07-05T13:17:33.000Z</time>
      </trkpt>
      <trkpt lat="52.487804" lon="13.455624">
        <ele>37.714319</ele>
        <time>2026-07-05T13:17:35.000Z</time>
      </trkpt>
      <trkpt lat="52.487894" lon="13.455501">
        <ele>37.703855</ele>
        <time>2026-07-05T13:17:37.000Z</time>
      </trkpt>
      <trkpt lat="52.487996" lon="13.455379">
        <ele>37.692578</ele>
        <time>2026-07-05T13:17:39.000Z</time>
      </trkpt>
      <trkpt lat="52.488088" lon="13.455259">
        <ele>37.682078</ele>
        <time>2026-07-05T13:17:41.000Z</time>
      </trkpt>
      <trkpt lat="52.488172" lon="13.455140">
        <ele>37.672164</ele>
        <time>2026-07-05T13:17:43.000Z</time>
      </trkpt>
      <trkpt lat="52.488262" lon="13.455025">
        <ele>37.661973</ele>
        <time>2026-07-05T13:17:45.000Z</time>
      </trkpt>
      <trkpt lat="52.488348" lon="13.454898">
        <ele>37.651637</ele>
        <time>2026-07-05T13:17:47.000Z</time>
      </trkpt>
      <trkpt lat="52.488433" lon="13.454771">
        <ele>37.641368</ele>
        <time>2026-07-05T13:17:49.000Z</time>
      </trkpt>
      <trkpt lat="52.488518" lon="13.454639">
        <ele>37.630913</ele>
        <time>2026-07-05T13:17:51.000Z</time>
      </trkpt>
      <trkpt lat="52.488601" lon="13.454510">
        <ele>37.620700</ele>
        <time>2026-07-05T13:17:53.000Z</time>
      </trkpt>
      <trkpt lat="52.488679" lon="13.454400">
        <ele>37.611512</ele>
        <time>2026-07-05T13:17:55.000Z</time>
      </trkpt>
      <trkpt lat="52.488757" lon="13.454299">
        <ele>37.602635</ele>
        <time>2026-07-05T13:17:57.000Z</time>
      </trkpt>
      <trkpt lat="52.488824" lon="13.454183">
        <ele>37.593935</ele>
        <time>2026-07-05T13:18:00.000Z</time>
      </trkpt>
      <trkpt lat="52.489011" lon="13.454121">
        <ele>37.579175</ele>
        <time>2026-07-05T13:18:57.000Z</time>
      </trkpt>
      <trkpt lat="52.489103" lon="13.454250">
        <ele>37.571108</ele>
        <time>2026-07-05T13:18:59.000Z</time>
      </trkpt>
      <trkpt lat="52.489198" lon="13.454377">
        <ele>37.562940</ele>
        <time>2026-07-05T13:19:01.000Z</time>
      </trkpt>
      <trkpt lat="52.489305" lon="13.454484">
        <ele>37.554585</ele>
        <time>2026-07-05T13:19:03.000Z</time>
      </trkpt>
      <trkpt lat="52.489399" lon="13.454635">
        <ele>37.545817</ele>
        <time>2026-07-05T13:19:05.000Z</time>
      </trkpt>
      <trkpt lat="52.489514" lon="13.454781">
        <ele>37.536124</ele>
        <time>2026-07-05T13:19:07.000Z</time>
      </trkpt>
      <trkpt lat="52.489633" lon="13.454919">
        <ele>37.526409</ele>
        <time>2026-07-05T13:19:09.000Z</time>
      </trkpt>
      <trkpt lat="52.489733" lon="13.455047">
        <ele>37.517954</ele>
        <time>2026-07-05T13:19:11.000Z</time>
      </trkpt>
      <trkpt lat="52.489837" lon="13.455185">
        <ele>37.509038</ele>
        <time>2026-07-05T13:19:13.000Z</time>
      </trkpt>
      <trkpt lat="52.489923" lon="13.455297">
        <ele>37.501719</ele>
        <time>2026-07-05T13:19:15.000Z</time>
      </trkpt>
      <trkpt lat="52.489992" lon="13.455414">
        <ele>37.495105</ele>
        <time>2026-07-05T13:19:17.000Z</time>
      </trkpt>
      <trkpt lat="52.490082" lon="13.455564">
        <ele>37.486554</ele>
        <time>2026-07-05T13:19:20.000Z</time>
      </trkpt>
      <trkpt lat="52.490176" lon="13.455697">
        <ele>37.478280</ele>
        <time>2026-07-05T13:19:23.000Z</time>
      </trkpt>
      <trkpt lat="52.490264" lon="13.455785">
        <ele>37.471410</ele>
        <time>2026-07-05T13:19:27.000Z</time>
      </trkpt>
      <trkpt lat="52.490492" lon="13.456112">
        <ele>37.580232</ele>
        <time>2026-07-05T13:19:48.000Z</time>
      </trkpt>
      <trkpt lat="52.490564" lon="13.456217">
        <ele>37.630015</ele>
        <time>2026-07-05T13:19:50.000Z</time>
      </trkpt>
      <trkpt lat="52.490646" lon="13.456331">
        <ele>37.685560</ele>
        <time>2026-07-05T13:19:52.000Z</time>
      </trkpt>
      <trkpt lat="52.490739" lon="13.456454">
        <ele>37.747295</ele>
        <time>2026-07-05T13:19:54.000Z</time>
      </trkpt>
      <trkpt lat="52.490838" lon="13.456584">
        <ele>37.812829</ele>
        <time>2026-07-05T13:19:56.000Z</time>
      </trkpt>
      <trkpt lat="52.490941" lon="13.456721">
        <ele>37.881355</ele>
        <time>2026-07-05T13:19:58.000Z</time>
      </trkpt>
      <trkpt lat="52.491043" lon="13.456856">
        <ele>37.949083</ele>
        <time>2026-07-05T13:20:00.000Z</time>
      </trkpt>
      <trkpt lat="52.491142" lon="13.456988">
        <ele>38.015012</ele>
        <time>2026-07-05T13:20:02.000Z</time>
      </trkpt>
      <trkpt lat="52.491237" lon="13.457114">
        <ele>38.078144</ele>
        <time>2026-07-05T13:20:04.000Z</time>
      </trkpt>
      <trkpt lat="52.491325" lon="13.457233">
        <ele>38.137079</ele>
        <time>2026-07-05T13:20:06.000Z</time>
      </trkpt>
      <trkpt lat="52.491423" lon="13.457362">
        <ele>38.202012</ele>
        <time>2026-07-05T13:20:09.000Z</time>
      </trkpt>
      <trkpt lat="52.491498" lon="13.457470">
        <ele>38.253582</ele>
        <time>2026-07-05T13:20:13.000Z</time>
      </trkpt>
      <trkpt lat="52.491559" lon="13.457600">
        <ele>38.305249</ele>
        <time>2026-07-05T13:20:21.000Z</time>
      </trkpt>
      <trkpt lat="52.491639" lon="13.457721">
        <ele>38.361477</ele>
        <time>2026-07-05T13:20:24.000Z</time>
      </trkpt>
      <trkpt lat="52.491709" lon="13.457825">
        <ele>38.401299</ele>
        <time>2026-07-05T13:20:26.000Z</time>
      </trkpt>
      <trkpt lat="52.491757" lon="13.457998">
        <ele>38.423808</ele>
        <time>2026-07-05T13:20:28.000Z</time>
      </trkpt>
      <trkpt lat="52.491831" lon="13.458115">
        <ele>38.443782</ele>
        <time>2026-07-05T13:20:30.000Z</time>
      </trkpt>
      <trkpt lat="52.491926" lon="13.458243">
        <ele>38.467675</ele>
        <time>2026-07-05T13:20:32.000Z</time>
      </trkpt>
      <trkpt lat="52.492031" lon="13.458386">
        <ele>38.494199</ele>
        <time>2026-07-05T13:20:34.000Z</time>
      </trkpt>
      <trkpt lat="52.492128" lon="13.458542">
        <ele>38.520598</ele>
        <time>2026-07-05T13:20:36.000Z</time>
      </trkpt>
      <trkpt lat="52.492231" lon="13.458683">
        <ele>38.546671</ele>
        <time>2026-07-05T13:20:38.000Z</time>
      </trkpt>
      <trkpt lat="52.492331" lon="13.458827">
        <ele>38.572532</ele>
        <time>2026-07-05T13:20:40.000Z</time>
      </trkpt>
      <trkpt lat="52.492439" lon="13.458967">
        <ele>38.599286</ele>
        <time>2026-07-05T13:20:42.000Z</time>
      </trkpt>
      <trkpt lat="52.492550" lon="13.459104">
        <ele>38.626285</ele>
        <time>2026-07-05T13:20:44.000Z</time>
      </trkpt>
      <trkpt lat="52.492651" lon="13.459251">
        <ele>38.652526</ele>
        <time>2026-07-05T13:20:46.000Z</time>
      </trkpt>
      <trkpt lat="52.492746" lon="13.459397">
        <ele>38.677825</ele>
        <time>2026-07-05T13:20:48.000Z</time>
      </trkpt>
      <trkpt lat="52.492846" lon="13.459539">
        <ele>38.703530</ele>
        <time>2026-07-05T13:20:50.000Z</time>
      </trkpt>
      <trkpt lat="52.492950" lon="13.459683">
        <ele>38.729980</ele>
        <time>2026-07-05T13:20:52.000Z</time>
      </trkpt>
      <trkpt lat="52.493051" lon="13.459824">
        <ele>38.782883</ele>
        <time>2026-07-05T13:20:54.000Z</time>
      </trkpt>
      <trkpt lat="52.493154" lon="13.459965">
        <ele>38.878830</ele>
        <time>2026-07-05T13:20:56.000Z</time>
      </trkpt>
      <trkpt lat="52.493261" lon="13.460103">
        <ele>38.976179</ele>
        <time>2026-07-05T13:20:58.000Z</time>
      </trkpt>
      <trkpt lat="52.493377" lon="13.460218">
        <ele>39.073133</ele>
        <time>2026-07-05T13:21:00.000Z</time>
      </trkpt>
      <trkpt lat="52.493473" lon="13.460336">
        <ele>39.158934</ele>
        <time>2026-07-05T13:21:02.000Z</time>
      </trkpt>
      <trkpt lat="52.493570" lon="13.460454">
        <ele>39.245308</ele>
        <time>2026-07-05T13:21:04.000Z</time>
      </trkpt>
      <trkpt lat="52.493666" lon="13.460572">
        <ele>39.331108</ele>
        <time>2026-07-05T13:21:06.000Z</time>
      </trkpt>
      <trkpt lat="52.493763" lon="13.460692">
        <ele>39.418004</ele>
        <time>2026-07-05T13:21:08.000Z</time>
      </trkpt>
      <trkpt lat="52.493860" lon="13.460811">
        <ele>39.504638</ele>
        <time>2026-07-05T13:21:10.000Z</time>
      </trkpt>
      <trkpt lat="52.493951" lon="13.460922">
        <ele>39.585747</ele>
        <time>2026-07-05T13:21:12.000Z</time>
      </trkpt>
      <trkpt lat="52.494041" lon="13.461032">
        <ele>39.666022</ele>
        <time>2026-07-05T13:21:14.000Z</time>
      </trkpt>
      <trkpt lat="52.494131" lon="13.461141">
        <ele>39.746037</ele>
        <time>2026-07-05T13:21:16.000Z</time>
      </trkpt>
      <trkpt lat="52.494206" lon="13.461230">
        <ele>39.812246</ele>
        <time>2026-07-05T13:21:18.000Z</time>
      </trkpt>
      <trkpt lat="52.494299" lon="13.461347">
        <ele>39.896071</ele>
        <time>2026-07-05T13:21:20.000Z</time>
      </trkpt>
      <trkpt lat="52.494389" lon="13.461455">
        <ele>39.975829</ele>
        <time>2026-07-05T13:21:22.000Z</time>
      </trkpt>
      <trkpt lat="52.494472" lon="13.461583">
        <ele>40.199492</ele>
        <time>2026-07-05T13:21:24.000Z</time>
      </trkpt>
      <trkpt lat="52.494559" lon="13.461678">
        <ele>40.705888</ele>
        <time>2026-07-05T13:21:26.000Z</time>
      </trkpt>
      <trkpt lat="52.494653" lon="13.461751">
        <ele>41.209888</ele>
        <time>2026-07-05T13:21:28.000Z</time>
      </trkpt>
      <trkpt lat="52.494732" lon="13.461840">
        <ele>41.674236</ele>
        <time>2026-07-05T13:21:30.000Z</time>
      </trkpt>
      <trkpt lat="52.494818" lon="13.461926">
        <ele>42.162277</ele>
        <time>2026-07-05T13:21:32.000Z</time>
      </trkpt>
      <trkpt lat="52.494891" lon="13.462021">
        <ele>42.613726</ele>
        <time>2026-07-05T13:21:34.000Z</time>
      </trkpt>
      <trkpt lat="52.494965" lon="13.462117">
        <ele>43.070807</ele>
        <time>2026-07-05T13:21:36.000Z</time>
      </trkpt>
      <trkpt lat="52.495046" lon="13.462223">
        <ele>43.572811</ele>
        <time>2026-07-05T13:21:38.000Z</time>
      </trkpt>
      <trkpt lat="52.495121" lon="13.462320">
        <ele>44.035525</ele>
        <time>2026-07-05T13:21:40.000Z</time>
      </trkpt>
      <trkpt lat="52.495219" lon="13.462453">
        <ele>44.651725</ele>
        <time>2026-07-05T13:21:43.000Z</time>
      </trkpt>
      <trkpt lat="52.495320" lon="13.462592">
        <ele>45.290428</ele>
        <time>2026-07-05T13:21:46.000Z</time>
      </trkpt>
      <trkpt lat="52.495403" lon="13.462703">
        <ele>45.809236</ele>
        <time>2026-07-05T13:21:48.000Z</time>
      </trkpt>
      <trkpt lat="52.495485" lon="13.462801">
        <ele>46.300787</ele>
        <time>2026-07-05T13:21:50.000Z</time>
      </trkpt>
      <trkpt lat="52.495567" lon="13.462901">
        <ele>46.795833</ele>
        <time>2026-07-05T13:21:52.000Z</time>
      </trkpt>
      <trkpt lat="52.495649" lon="13.463009">
        <ele>47.305306</ele>
        <time>2026-07-05T13:21:54.000Z</time>
      </trkpt>
      <trkpt lat="52.495737" lon="13.463123">
        <ele>47.848561</ele>
        <time>2026-07-05T13:21:56.000Z</time>
      </trkpt>
      <trkpt lat="52.495835" lon="13.463213">
        <ele>48.392794</ele>
        <time>2026-07-05T13:21:58.000Z</time>
      </trkpt>
      <trkpt lat="52.495926" lon="13.463326">
        <ele>48.549662</ele>
        <time>2026-07-05T13:22:00.000Z</time>
      </trkpt>
      <trkpt lat="52.496018" lon="13.463439">
        <ele>47.973809</ele>
        <time>2026-07-05T13:22:02.000Z</time>
      </trkpt>
      <trkpt lat="52.496109" lon="13.463553">
        <ele>47.400118</ele>
        <time>2026-07-05T13:22:04.000Z</time>
      </trkpt>
      <trkpt lat="52.496197" lon="13.463663">
        <ele>46.845788</ele>
        <time>2026-07-05T13:22:06.000Z</time>
      </trkpt>
      <trkpt lat="52.496286" lon="13.463773">
        <ele>46.287461</ele>
        <time>2026-07-05T13:22:08.000Z</time>
      </trkpt>
      <trkpt lat="52.496371" lon="13.463878">
        <ele>45.754330</ele>
        <time>2026-07-05T13:22:10.000Z</time>
      </trkpt>
      <trkpt lat="52.496463" lon="13.463995">
        <ele>45.171088</ele>
        <time>2026-07-05T13:22:12.000Z</time>
      </trkpt>
      <trkpt lat="52.496537" lon="13.464089">
        <ele>44.702161</ele>
        <time>2026-07-05T13:22:14.000Z</time>
      </trkpt>
      <trkpt lat="52.496615" lon="13.464185">
        <ele>44.213583</ele>
        <time>2026-07-05T13:22:16.000Z</time>
      </trkpt>
      <trkpt lat="52.496693" lon="13.464277">
        <ele>43.732226</ele>
        <time>2026-07-05T13:22:18.000Z</time>
      </trkpt>
      <trkpt lat="52.496788" lon="13.464374">
        <ele>43.171508</ele>
        <time>2026-07-05T13:22:20.000Z</time>
      </trkpt>
      <trkpt lat="52.496904" lon="13.464484">
        <ele>42.500086</ele>
        <time>2026-07-05T13:22:22.000Z</time>
      </trkpt>
      <trkpt lat="52.497011" lon="13.464566">
        <ele>41.908219</ele>
        <time>2026-07-05T13:22:24.000Z</time>
      </trkpt>
      <trkpt lat="52.497100" lon="13.464623">
        <ele>41.429372</ele>
        <time>2026-07-05T13:22:26.000Z</time>
      </trkpt>
      <trkpt lat="52.497198" lon="13.464665">
        <ele>40.921679</ele>
        <time>2026-07-05T13:22:30.000Z</time>
      </trkpt>
      <trkpt lat="52.497310" lon="13.464741">
        <ele>40.314232</ele>
        <time>2026-07-05T13:22:43.000Z</time>
      </trkpt>
      <trkpt lat="52.497394" lon="13.464798">
        <ele>39.858646</ele>
        <time>2026-07-05T13:22:45.000Z</time>
      </trkpt>
      <trkpt lat="52.497497" lon="13.464796">
        <ele>39.687303</ele>
        <time>2026-07-05T13:22:47.000Z</time>
      </trkpt>
      <trkpt lat="52.497595" lon="13.464862">
        <ele>39.622915</ele>
        <time>2026-07-05T13:22:49.000Z</time>
      </trkpt>
      <trkpt lat="52.497695" lon="13.464931">
        <ele>39.556979</ele>
        <time>2026-07-05T13:22:51.000Z</time>
      </trkpt>
      <trkpt lat="52.497793" lon="13.465009">
        <ele>39.490779</ele>
        <time>2026-07-05T13:22:53.000Z</time>
      </trkpt>
      <trkpt lat="52.497888" lon="13.465050">
        <ele>39.431068</ele>
        <time>2026-07-05T13:22:55.000Z</time>
      </trkpt>
      <trkpt lat="52.497988" lon="13.465105">
        <ele>39.366960</ele>
        <time>2026-07-05T13:22:57.000Z</time>
      </trkpt>
      <trkpt lat="52.498090" lon="13.465168">
        <ele>39.300715</ele>
        <time>2026-07-05T13:22:59.000Z</time>
      </trkpt>
      <trkpt lat="52.498187" lon="13.465226">
        <ele>39.237963</ele>
        <time>2026-07-05T13:23:01.000Z</time>
      </trkpt>
      <trkpt lat="52.498287" lon="13.465278">
        <ele>39.174199</ele>
        <time>2026-07-05T13:23:03.000Z</time>
      </trkpt>
      <trkpt lat="52.498388" lon="13.465336">
        <ele>39.109156</ele>
        <time>2026-07-05T13:23:05.000Z</time>
      </trkpt>
      <trkpt lat="52.498483" lon="13.465399">
        <ele>39.046877</ele>
        <time>2026-07-05T13:23:07.000Z</time>
      </trkpt>
      <trkpt lat="52.498571" lon="13.465459">
        <ele>38.988956</ele>
        <time>2026-07-05T13:23:09.000Z</time>
      </trkpt>
      <trkpt lat="52.498676" lon="13.465529">
        <ele>38.920069</ele>
        <time>2026-07-05T13:23:11.000Z</time>
      </trkpt>
      <trkpt lat="52.498783" lon="13.465598">
        <ele>38.850190</ele>
        <time>2026-07-05T13:23:13.000Z</time>
      </trkpt>
      <trkpt lat="52.498898" lon="13.465665">
        <ele>38.776014</ele>
        <time>2026-07-05T13:23:15.000Z</time>
      </trkpt>
      <trkpt lat="52.499017" lon="13.465720">
        <ele>38.700864</ele>
        <time>2026-07-05T13:23:17.000Z</time>
      </trkpt>
      <trkpt lat="52.499129" lon="13.465771">
        <ele>38.640532</ele>
        <time>2026-07-05T13:23:19.000Z</time>
      </trkpt>
      <trkpt lat="52.499227" lon="13.465812">
        <ele>38.635204</ele>
        <time>2026-07-05T13:23:21.000Z</time>
      </trkpt>
      <trkpt lat="52.499316" lon="13.465857">
        <ele>38.630299</ele>
        <time>2026-07-05T13:23:23.000Z</time>
      </trkpt>
      <trkpt lat="52.499436" lon="13.465932">
        <ele>38.623535</ele>
        <time>2026-07-05T13:23:26.000Z</time>
      </trkpt>
      <trkpt lat="52.499526" lon="13.465970">
        <ele>38.618639</ele>
        <time>2026-07-05T13:23:28.000Z</time>
      </trkpt>
      <trkpt lat="52.499653" lon="13.466012">
        <ele>38.611814</ele>
        <time>2026-07-05T13:23:31.000Z</time>
      </trkpt>
      <trkpt lat="52.499751" lon="13.466062">
        <ele>38.606408</ele>
        <time>2026-07-05T13:23:34.000Z</time>
      </trkpt>
      <trkpt lat="52.499878" lon="13.466114">
        <ele>38.599513</ele>
        <time>2026-07-05T13:23:37.000Z</time>
      </trkpt>
      <trkpt lat="52.499972" lon="13.466158">
        <ele>38.594364</ele>
        <time>2026-07-05T13:23:39.000Z</time>
      </trkpt>
      <trkpt lat="52.500079" lon="13.466209">
        <ele>38.588494</ele>
        <time>2026-07-05T13:23:41.000Z</time>
      </trkpt>
      <trkpt lat="52.500196" lon="13.466258">
        <ele>38.582134</ele>
        <time>2026-07-05T13:23:43.000Z</time>
      </trkpt>
      <trkpt lat="52.500304" lon="13.466318">
        <ele>38.576127</ele>
        <time>2026-07-05T13:23:45.000Z</time>
      </trkpt>
      <trkpt lat="52.500433" lon="13.466372">
        <ele>38.569114</ele>
        <time>2026-07-05T13:23:47.000Z</time>
      </trkpt>
      <trkpt lat="52.500556" lon="13.466433">
        <ele>38.562346</ele>
        <time>2026-07-05T13:23:49.000Z</time>
      </trkpt>
      <trkpt lat="52.500678" lon="13.466501">
        <ele>38.555558</ele>
        <time>2026-07-05T13:23:51.000Z</time>
      </trkpt>
      <trkpt lat="52.500808" lon="13.466552">
        <ele>38.548517</ele>
        <time>2026-07-05T13:23:53.000Z</time>
      </trkpt>
      <trkpt lat="52.500944" lon="13.466607">
        <ele>38.482532</ele>
        <time>2026-07-05T13:23:55.000Z</time>
      </trkpt>
      <trkpt lat="52.501076" lon="13.466663">
        <ele>38.400416</ele>
        <time>2026-07-05T13:23:57.000Z</time>
      </trkpt>
      <trkpt lat="52.501221" lon="13.466682">
        <ele>38.312800</ele>
        <time>2026-07-05T13:23:59.000Z</time>
      </trkpt>
      <trkpt lat="52.501361" lon="13.466671">
        <ele>38.228378</ele>
        <time>2026-07-05T13:24:01.000Z</time>
      </trkpt>
      <trkpt lat="52.501502" lon="13.466649">
        <ele>38.143067</ele>
        <time>2026-07-05T13:24:03.000Z</time>
      </trkpt>
      <trkpt lat="52.501650" lon="13.466636">
        <ele>38.053794</ele>
        <time>2026-07-05T13:24:05.000Z</time>
      </trkpt>
      <trkpt lat="52.501795" lon="13.466615">
        <ele>37.966117</ele>
        <time>2026-07-05T13:24:07.000Z</time>
      </trkpt>
      <trkpt lat="52.501938" lon="13.466595">
        <ele>37.879672</ele>
        <time>2026-07-05T13:24:09.000Z</time>
      </trkpt>
      <trkpt lat="52.502084" lon="13.466608">
        <ele>37.791603</ele>
        <time>2026-07-05T13:24:11.000Z</time>
      </trkpt>
      <trkpt lat="52.502221" lon="13.466646">
        <ele>37.707916</ele>
        <time>2026-07-05T13:24:13.000Z</time>
      </trkpt>
      <trkpt lat="52.502345" lon="13.466706">
        <ele>37.630054</ele>
        <time>2026-07-05T13:24:15.000Z</time>
      </trkpt>
      <trkpt lat="52.502500" lon="13.466765">
        <ele>37.534219</ele>
        <time>2026-07-05T13:24:17.000Z</time>
      </trkpt>
      <trkpt lat="52.502619" lon="13.466986">
        <ele>37.651935</ele>
        <time>2026-07-05T13:24:19.000Z</time>
      </trkpt>
      <trkpt lat="52.502651" lon="13.467139">
        <ele>37.951463</ele>
        <time>2026-07-05T13:24:20.000Z</time>
      </trkpt>
      <trkpt lat="52.502655" lon="13.467296">
        <ele>38.242397</ele>
        <time>2026-07-05T13:24:21.000Z</time>
      </trkpt>
      <trkpt lat="52.502636" lon="13.467445">
        <ele>38.524254</ele>
        <time>2026-07-05T13:24:22.000Z</time>
      </trkpt>
      <trkpt lat="52.502596" lon="13.467689">
        <ele>38.992107</ele>
        <time>2026-07-05T13:24:24.000Z</time>
      </trkpt>
      <trkpt lat="52.502560" lon="13.467918">
        <ele>39.430003</ele>
        <time>2026-07-05T13:24:26.000Z</time>
      </trkpt>
      <trkpt lat="52.502527" lon="13.468134">
        <ele>39.842324</ele>
        <time>2026-07-05T13:24:28.000Z</time>
      </trkpt>
      <trkpt lat="52.502492" lon="13.468361">
        <ele>40.275880</ele>
        <time>2026-07-05T13:24:30.000Z</time>
      </trkpt>
      <trkpt lat="52.502459" lon="13.468574">
        <ele>40.682816</ele>
        <time>2026-07-05T13:24:32.000Z</time>
      </trkpt>
      <trkpt lat="52.502429" lon="13.468771">
        <ele>41.058796</ele>
        <time>2026-07-05T13:24:34.000Z</time>
      </trkpt>
      <trkpt lat="52.502400" lon="13.468961">
        <ele>41.421466</ele>
        <time>2026-07-05T13:24:36.000Z</time>
      </trkpt>
      <trkpt lat="52.502374" lon="13.469133">
        <ele>41.749592</ele>
        <time>2026-07-05T13:24:38.000Z</time>
      </trkpt>
      <trkpt lat="52.502349" lon="13.469298">
        <ele>42.064406</ele>
        <time>2026-07-05T13:24:40.000Z</time>
      </trkpt>
      <trkpt lat="52.502317" lon="13.469453">
        <ele>42.367441</ele>
        <time>2026-07-05T13:24:42.000Z</time>
      </trkpt>
      <trkpt lat="52.502287" lon="13.469658">
        <ele>42.757808</ele>
        <time>2026-07-05T13:24:45.000Z</time>
      </trkpt>
      <trkpt lat="52.502254" lon="13.469797">
        <ele>42.952583</ele>
        <time>2026-07-05T13:24:50.000Z</time>
      </trkpt>
      <trkpt lat="52.502223" lon="13.470012">
        <ele>43.028459</ele>
        <time>2026-07-05T13:24:54.000Z</time>
      </trkpt>
      <trkpt lat="52.502184" lon="13.470219">
        <ele>43.102873</ele>
        <time>2026-07-05T13:24:57.000Z</time>
      </trkpt>
      <trkpt lat="52.502156" lon="13.470370">
        <ele>43.157081</ele>
        <time>2026-07-05T13:24:59.000Z</time>
      </trkpt>
      <trkpt lat="52.502129" lon="13.470530">
        <ele>43.214099</ele>
        <time>2026-07-05T13:25:01.000Z</time>
      </trkpt>
      <trkpt lat="52.502102" lon="13.470699">
        <ele>43.274101</ele>
        <time>2026-07-05T13:25:03.000Z</time>
      </trkpt>
      <trkpt lat="52.502074" lon="13.470883">
        <ele>43.339234</ele>
        <time>2026-07-05T13:25:05.000Z</time>
      </trkpt>
      <trkpt lat="52.502045" lon="13.471069">
        <ele>43.405171</ele>
        <time>2026-07-05T13:25:07.000Z</time>
      </trkpt>
      <trkpt lat="52.502006" lon="13.471234">
        <ele>43.465955</ele>
        <time>2026-07-05T13:25:09.000Z</time>
      </trkpt>
      <trkpt lat="52.501984" lon="13.471409">
        <ele>43.527321</ele>
        <time>2026-07-05T13:25:11.000Z</time>
      </trkpt>
      <trkpt lat="52.501983" lon="13.471574">
        <ele>43.583987</ele>
        <time>2026-07-05T13:25:13.000Z</time>
      </trkpt>
      <trkpt lat="52.501968" lon="13.471763">
        <ele>43.649442</ele>
        <time>2026-07-05T13:25:15.000Z</time>
      </trkpt>
      <trkpt lat="52.501949" lon="13.471969">
        <ele>43.720993</ele>
        <time>2026-07-05T13:25:17.000Z</time>
      </trkpt>
      <trkpt lat="52.501918" lon="13.472193">
        <ele>43.799880</ele>
        <time>2026-07-05T13:25:19.000Z</time>
      </trkpt>
      <trkpt lat="52.501883" lon="13.472425">
        <ele>43.881963</ele>
        <time>2026-07-05T13:25:21.000Z</time>
      </trkpt>
      <trkpt lat="52.501847" lon="13.472661">
        <ele>43.850714</ele>
        <time>2026-07-05T13:25:23.000Z</time>
      </trkpt>
      <trkpt lat="52.501810" lon="13.472901">
        <ele>43.354279</ele>
        <time>2026-07-05T13:25:25.000Z</time>
      </trkpt>
      <trkpt lat="52.501775" lon="13.473135">
        <ele>42.871112</ele>
        <time>2026-07-05T13:25:27.000Z</time>
      </trkpt>
      <trkpt lat="52.501737" lon="13.473376">
        <ele>42.371917</ele>
        <time>2026-07-05T13:25:29.000Z</time>
      </trkpt>
      <trkpt lat="52.501701" lon="13.473615">
        <ele>41.878227</ele>
        <time>2026-07-05T13:25:31.000Z</time>
      </trkpt>
      <trkpt lat="52.501644" lon="13.473843">
        <ele>41.383993</ele>
        <time>2026-07-05T13:25:33.000Z</time>
      </trkpt>
      <trkpt lat="52.501608" lon="13.474071">
        <ele>40.911683</ele>
        <time>2026-07-05T13:25:35.000Z</time>
      </trkpt>
      <trkpt lat="52.501575" lon="13.474291">
        <ele>40.457348</ele>
        <time>2026-07-05T13:25:37.000Z</time>
      </trkpt>
      <trkpt lat="52.501543" lon="13.474508">
        <ele>40.009638</ele>
        <time>2026-07-05T13:25:39.000Z</time>
      </trkpt>
      <trkpt lat="52.501512" lon="13.474726">
        <ele>39.560739</ele>
        <time>2026-07-05T13:25:41.000Z</time>
      </trkpt>
      <trkpt lat="52.501481" lon="13.474947">
        <ele>39.105980</ele>
        <time>2026-07-05T13:25:43.000Z</time>
      </trkpt>
      <trkpt lat="52.501450" lon="13.475140">
        <ele>38.705734</ele>
        <time>2026-07-05T13:25:46.000Z</time>
      </trkpt>
      <trkpt lat="52.501410" lon="13.475278">
        <ele>38.399250</ele>
        <time>2026-07-05T13:25:50.000Z</time>
      </trkpt>
      <trkpt lat="52.501521" lon="13.475276">
        <ele>38.033595</ele>
        <time>2026-07-05T13:25:54.000Z</time>
      </trkpt>
      <trkpt lat="52.501643" lon="13.475305">
        <ele>38.024014</ele>
        <time>2026-07-05T13:25:57.000Z</time>
      </trkpt>
      <trkpt lat="52.501777" lon="13.475358">
        <ele>38.024014</ele>
        <time>2026-07-05T13:26:00.000Z</time>
      </trkpt>
      <trkpt lat="52.501880" lon="13.475407">
        <ele>38.024014</ele>
        <time>2026-07-05T13:26:03.000Z</time>
      </trkpt>
      <trkpt lat="52.502001" lon="13.475470">
        <ele>38.024014</ele>
        <time>2026-07-05T13:26:05.000Z</time>
      </trkpt>
      <trkpt lat="52.502096" lon="13.475518">
        <ele>38.024014</ele>
        <time>2026-07-05T13:26:07.000Z</time>
      </trkpt>
      <trkpt lat="52.502192" lon="13.475558">
        <ele>38.024014</ele>
        <time>2026-07-05T13:26:09.000Z</time>
      </trkpt>
      <trkpt lat="52.502311" lon="13.475589">
        <ele>38.024014</ele>
        <time>2026-07-05T13:26:12.000Z</time>
      </trkpt>
      <trkpt lat="52.502467" lon="13.475603">
        <ele>38.024014</ele>
        <time>2026-07-05T13:26:14.000Z</time>
      </trkpt>
      <trkpt lat="52.502578" lon="13.475601">
        <ele>38.024014</ele>
        <time>2026-07-05T13:26:16.000Z</time>
      </trkpt>
      <trkpt lat="52.502666" lon="13.475555">
        <ele>38.024014</ele>
        <time>2026-07-05T13:26:18.000Z</time>
      </trkpt>
      <trkpt lat="52.502764" lon="13.475568">
        <ele>38.024014</ele>
        <time>2026-07-05T13:26:20.000Z</time>
      </trkpt>
      <trkpt lat="52.502759" lon="13.475755">
        <ele>38.024014</ele>
        <time>2026-07-05T13:26:21.000Z</time>
      </trkpt>
      <trkpt lat="52.502755" lon="13.475986">
        <ele>38.024014</ele>
        <time>2026-07-05T13:26:24.000Z</time>
      </trkpt>
    </trkseg>
  </trk>
</gpx>